{"type":"FeatureCollection","features":[{"type":"Feature","geometry":{"type":"Polygon","coordinates":[[[8.403884,50.000293],[8.403795,50.000175],[8.403805,50.000062],[8.403969,50.00001],[8.404252,50.000021],[8.404241,50.000024],[8.404238,50.000058],[8.404281,50.00006],[8.404279,50.000075],[8.404315,50.000122],[8.404354,50.000173],[8.404414,50.000175],[8.404326,50.000203],[8.404322,50.000248],[8.404267,50.000245],[8.404091,50.0003],[8.403884,50.000293]]]},"properties":{"h":0.1}},{"type":"Feature","geometry":{"type":"Polygon","coordinates":[[[8.404953,49.999978],[8.404967,49.999991],[8.404973,50.000006],[8.404969,50.000021],[8.404956,50.000035],[8.404936,50.000044],[8.404912,50.000047],[8.404888,50.000045],[8.404868,50.000036],[8.404854,50.000024],[8.404848,50.000008],[8.404852,49.999993],[8.404865,49.99998],[8.404885,49.999971],[8.404909,49.999967],[8.404933,49.99997],[8.404953,49.999978]]]},"properties":{"h":19.2}},{"type":"Feature","geometry":{"type":"Polygon","coordinates":[[[8.405133,49.999983],[8.405146,49.999994],[8.405151,50.000008],[8.405148,50.000023],[8.405136,50.000035],[8.405118,50.000043],[8.405096,50.000047],[8.405074,50.000045],[8.405055,50.000037],[8.405042,50.000025],[8.405036,50.000011],[8.40504,49.999997],[8.405052,49.999985],[8.40507,49.999976],[8.405091,49.999973],[8.405114,49.999975],[8.405133,49.999983]]]},"properties":{"h":8.4}},{"type":"Feature","geometry":{"type":"Polygon","coordinates":[[[8.405291,50.00003],[8.405304,50.000041],[8.40531,50.000055],[8.405307,50.000069],[8.405296,50.000081],[8.405278,50.00009],[8.405257,50.000094],[8.405235,50.000092],[8.405215,50.000084],[8.405202,50.000073],[8.405196,50.000059],[8.405199,50.000045],[8.40521,50.000033],[8.405228,50.000024],[8.405249,50.00002],[8.405271,50.000022],[8.405291,50.00003]]]},"properties":{"h":14.4}},{"type":"Feature","geometry":{"type":"Polygon","coordinates":[[[8.405891,50.000759],[8.405777,50.000728],[8.405688,50.000672],[8.405636,50.0006],[8.405628,50.00052],[8.405665,50.000444],[8.405743,50.000382],[8.40585,50.000342],[8.405973,50.000329],[8.406094,50.000346],[8.406197,50.00039],[8.406269,50.000455],[8.4063,50.000532],[8.406285,50.000612],[8.406226,50.000682],[8.406132,50.000734],[8.406016,50.000761],[8.405891,50.000759]]]},"properties":{"h":19.8}},{"type":"Feature","geometry":{"type":"Polygon","coordinates":[[[8.404322,50.000754],[8.404322,50.000775],[8.404312,50.000794],[8.404292,50.000811],[8.404266,50.000822],[8.404235,50.000827],[8.404203,50.000825],[8.404174,50.000817],[8.404151,50.000804],[8.404135,50.000786],[8.40413,50.000766],[8.404135,50.000745],[8.40415,50.000727],[8.404173,50.000713],[8.404202,50.000705],[8.404234,50.000703],[8.404264,50.000708],[8.404291,50.000719],[8.404311,50.000735],[8.404322,50.000754]]]},"properties":{"h":7.0}},{"type":"Feature","geometry":{"type":"Polygon","coordinates":[[[8.404474,50.000552],[8.404475,50.000573],[8.404465,50.000592],[8.404445,50.000608],[8.404419,50.00062],[8.404388,50.000625],[8.404356,50.000623],[8.404327,50.000615],[8.404303,50.000602],[8.404288,50.000584],[8.404283,50.000563],[8.404288,50.000543],[8.404303,50.000525],[8.404326,50.000511],[8.404355,50.000503],[8.404386,50.000501],[8.404417,50.000506],[8.404444,50.000517],[8.404464,50.000533],[8.404474,50.000552]]]},"properties":{"h":9.0}},{"type":"Feature","geometry":{"type":"Polygon","coordinates":[[[8.405208,50.000344],[8.404953,50.000677],[8.404867,50.000676],[8.404962,50.000707],[8.404654,50.001108],[8.404584,50.001107],[8.404607,50.001103],[8.404553,50.000978],[8.404643,50.000978],[8.404415,50.000906],[8.404814,50.000387],[8.404572,50.00043],[8.404476,50.000211],[8.404424,50.000279],[8.404314,50.000244],[8.404361,50.000184],[8.404539,50.000152],[8.404539,50.000132],[8.405208,50.000344]]]},"properties":{"h":0.6}},{"type":"Feature","geometry":{"type":"Polygon","coordinates":[[[8.404111,50.000447],[8.404175,50.000351],[8.404307,50.000388],[8.404242,50.000483],[8.404111,50.000447]]]},"properties":{"h":8.0,"cls":"commercial"}},{"type":"Feature","geometry":{"type":"Polygon","coordinates":[[[8.403557,50.000525],[8.403678,50.000333],[8.40387,50.000383],[8.40375,50.000575],[8.403557,50.000525]]]},"properties":{"h":8.0,"cls":"commercial"}},{"type":"Feature","geometry":{"type":"Polygon","coordinates":[[[8.403559,50.000563],[8.403569,50.000576],[8.403571,50.00059],[8.403563,50.000604],[8.403549,50.000615],[8.403529,50.000621],[8.403506,50.000622],[8.403485,50.000618],[8.403468,50.000608],[8.403458,50.000596],[8.403456,50.000581],[8.403464,50.000567],[8.403478,50.000557],[8.403498,50.00055],[8.403521,50.000549],[8.403542,50.000554],[8.403559,50.000563]]]},"properties":{"h":6.4}},{"type":"Feature","geometry":{"type":"Polygon","coordinates":[[[8.403627,50.000565],[8.403797,50.000614],[8.403677,50.000788],[8.403507,50.00074],[8.403627,50.000565]]]},"properties":{"h":8.0,"cls":"commercial"}},{"type":"Feature","geometry":{"type":"Polygon","coordinates":[[[8.403498,50.00064],[8.403508,50.000653],[8.403509,50.000667],[8.403502,50.000681],[8.403487,50.000692],[8.403467,50.000698],[8.403445,50.000699],[8.403424,50.000694],[8.403407,50.000685],[8.403397,50.000672],[8.403395,50.000658],[8.403402,50.000644],[8.403417,50.000633],[8.403437,50.000627],[8.403459,50.000626],[8.403481,50.00063],[8.403498,50.00064]]]},"properties":{"h":3.2}},{"type":"Feature","geometry":{"type":"Polygon","coordinates":[[[8.403873,50.000888],[8.404008,50.000691],[8.404113,50.000721],[8.404003,50.000881],[8.403978,50.000917],[8.403873,50.000888]]]},"properties":{"h":8.0,"cls":"commercial"}},{"type":"Feature","geometry":{"type":"Polygon","coordinates":[[[8.404196,50.00093],[8.404197,50.000951],[8.404186,50.00097],[8.404167,50.000987],[8.40414,50.000998],[8.404109,50.001004],[8.404077,50.001002],[8.404047,50.000994],[8.404023,50.00098],[8.404007,50.000962],[8.404002,50.000941],[8.404007,50.000921],[8.404022,50.000903],[8.404045,50.000888],[8.404075,50.00088],[8.404107,50.000878],[8.404138,50.000883],[8.404165,50.000894],[8.404186,50.00091],[8.404196,50.00093]]]},"properties":{"h":7.0}},{"type":"Feature","geometry":{"type":"Polygon","coordinates":[[[8.40333,50.001066],[8.403451,50.00089],[8.403533,50.000913],[8.403412,50.001089],[8.40333,50.001066]]]},"properties":{"h":3.2,"cls":"commercial"}},{"type":"Feature","geometry":{"type":"Polygon","coordinates":[[[8.403795,50.001042],[8.403732,50.001145],[8.403591,50.001109],[8.403654,50.001006],[8.403795,50.001042]]]},"properties":{"h":5.4,"cls":"commercial"}},{"type":"Feature","geometry":{"type":"Polygon","coordinates":[[[8.404375,50.001226],[8.404329,50.001307],[8.403803,50.001182],[8.403837,50.001123],[8.404117,50.001189],[8.404139,50.001151],[8.404217,50.00117],[8.404232,50.001144],[8.404302,50.00116],[8.404299,50.001164],[8.404428,50.001194],[8.404406,50.001233],[8.404375,50.001226]]]},"properties":{"h":4.0}},{"type":"Feature","geometry":{"type":"Polygon","coordinates":[[[8.405551,50.001421],[8.405441,50.001411],[8.405342,50.001379],[8.405265,50.001328],[8.405217,50.001263],[8.405205,50.001192],[8.405229,50.001123],[8.405287,50.001062],[8.405373,50.001016],[8.405477,50.000991],[8.405588,50.00099],[8.405694,50.001011],[8.405783,50.001053],[8.405846,50.001112],[8.405876,50.00118],[8.40587,50.001251],[8.405829,50.001317],[8.405756,50.001371],[8.40566,50.001407],[8.405551,50.001421]]]},"properties":{"h":17.3}},{"type":"Feature","geometry":{"type":"Polygon","coordinates":[[[8.406368,50.001675],[8.406247,50.001653],[8.406147,50.001605],[8.40608,50.001537],[8.406057,50.001458],[8.406079,50.001379],[8.406144,50.00131],[8.406243,50.001261],[8.406363,50.001239],[8.406488,50.001246],[8.4066,50.001281],[8.406685,50.00134],[8.406731,50.001415],[8.406732,50.001495],[8.406688,50.001571],[8.406604,50.00163],[8.406493,50.001667],[8.406368,50.001675]]]},"properties":{"h":20.5}},{"type":"Feature","geometry":{"type":"Polygon","coordinates":[[[8.404232,50.001346],[8.404205,50.001393],[8.403899,50.001319],[8.403926,50.001272],[8.404232,50.001346]]]},"properties":{"h":4.3}},{"type":"Feature","geometry":{"type":"Polygon","coordinates":[[[8.405008,50.002145],[8.404899,50.002129],[8.404805,50.00209],[8.404734,50.002035],[8.404696,50.001967],[8.404694,50.001895],[8.404728,50.001827],[8.404795,50.001769],[8.404888,50.001729],[8.404996,50.00171],[8.405107,50.001714],[8.40521,50.001742],[8.405294,50.00179],[8.405349,50.001852],[8.40537,50.001923],[8.405353,50.001994],[8.405302,50.002058],[8.405221,50.002108],[8.40512,50.002138],[8.405008,50.002145]]]},"properties":{"h":14.2}},{"type":"Feature","geometry":{"type":"Polygon","coordinates":[[[8.4065,50.00211],[8.406503,50.002114],[8.406504,50.002119],[8.406501,50.002123],[8.406497,50.002127],[8.40649,50.002129],[8.406483,50.002129],[8.406476,50.002128],[8.40647,50.002124],[8.406467,50.00212],[8.406466,50.002115],[8.406469,50.002111],[8.406474,50.002107],[8.40648,50.002105],[8.406488,50.002105],[8.406495,50.002106],[8.4065,50.00211]]]},"properties":{"h":10.0,"cls":"storage_tank"}},{"type":"Feature","geometry":{"type":"Polygon","coordinates":[[[8.406478,50.00214],[8.406482,50.002144],[8.406483,50.002149],[8.406481,50.002154],[8.406477,50.002158],[8.40647,50.00216],[8.406462,50.002161],[8.406455,50.00216],[8.406448,50.002157],[8.406445,50.002152],[8.406443,50.002147],[8.406446,50.002142],[8.40645,50.002139],[8.406457,50.002136],[8.406465,50.002135],[8.406472,50.002137],[8.406478,50.00214]]]},"properties":{"h":10.0,"cls":"storage_tank"}},{"type":"Feature","geometry":{"type":"Polygon","coordinates":[[[8.406459,50.002175],[8.406462,50.00218],[8.406461,50.002185],[8.406459,50.002189],[8.406453,50.002192],[8.406446,50.002194],[8.406439,50.002194],[8.406432,50.002192],[8.406427,50.002189],[8.406424,50.002184],[8.406424,50.00218],[8.406427,50.002175],[8.406432,50.002172],[8.406439,50.00217],[8.406447,50.00217],[8.406453,50.002172],[8.406459,50.002175]]]},"properties":{"h":10.0,"cls":"storage_tank"}},{"type":"Feature","geometry":{"type":"Polygon","coordinates":[[[8.403789,50.005141],[8.403894,50.005213],[8.403931,50.005238],[8.403775,50.005333],[8.403633,50.005236],[8.403789,50.005141]]]},"properties":{"h":3.5}},{"type":"Feature","geometry":{"type":"Polygon","coordinates":[[[8.404538,50.005584],[8.404606,50.005538],[8.404717,50.005605],[8.404649,50.005651],[8.404538,50.005584]]]},"properties":{"h":4.4}},{"type":"Feature","geometry":{"type":"Polygon","coordinates":[[[8.406652,50.0072],[8.406634,50.007247],[8.406542,50.007232],[8.40656,50.007185],[8.406652,50.0072]]]},"properties":{"h":1.7}},{"type":"Feature","geometry":{"type":"Polygon","coordinates":[[[8.406655,50.007273],[8.406722,50.007285],[8.406712,50.007309],[8.406765,50.007319],[8.406755,50.007343],[8.406634,50.007322],[8.406655,50.007273]]]},"properties":{"h":3.5}},{"type":"Feature","geometry":{"type":"Polygon","coordinates":[[[8.403976,50.009313],[8.403847,50.009303],[8.403882,50.009136],[8.40401,50.009147],[8.403976,50.009313]]]},"properties":{"h":3.7}},{"type":"Feature","geometry":{"type":"Polygon","coordinates":[[[8.403704,50.009139],[8.403712,50.00911],[8.403794,50.00912],[8.403786,50.009149],[8.403704,50.009139]]]},"properties":{"h":2.0}},{"type":"Feature","geometry":{"type":"Polygon","coordinates":[[[8.403677,50.009131],[8.403627,50.00913],[8.40363,50.009085],[8.403681,50.009087],[8.403677,50.009131]]]},"properties":{"h":1.9}},{"type":"Feature","geometry":{"type":"Polygon","coordinates":[[[8.407838,50.009203],[8.407836,50.00916],[8.407989,50.009157],[8.407991,50.009199],[8.407838,50.009203]]]},"properties":{"h":2.0}},{"type":"Feature","geometry":{"type":"Polygon","coordinates":[[[8.407626,50.008966],[8.407619,50.00901],[8.407526,50.009003],[8.407534,50.00896],[8.407626,50.008966]]]},"properties":{"h":2.3}},{"type":"Feature","geometry":{"type":"Polygon","coordinates":[[[8.40737,50.009079],[8.407384,50.009037],[8.40752,50.009055],[8.407507,50.009097],[8.40737,50.009079]]]},"properties":{"h":3.8}},{"type":"Feature","geometry":{"type":"Polygon","coordinates":[[[8.407456,50.00931],[8.407384,50.009308],[8.407387,50.009272],[8.407459,50.009274],[8.407456,50.00931]]]},"properties":{"h":2.0}},{"type":"Feature","geometry":{"type":"Polygon","coordinates":[[[8.415016,50.008533],[8.415222,50.008252],[8.415387,50.008302],[8.415418,50.008261],[8.415468,50.008276],[8.415259,50.008561],[8.415232,50.008598],[8.415016,50.008533]]]},"properties":{"h":7.0}},{"type":"Feature","geometry":{"type":"Polygon","coordinates":[[[8.415491,50.008632],[8.415259,50.008561],[8.415468,50.008276],[8.4157,50.008347],[8.415491,50.008632]]]},"properties":{"h":7.0}},{"type":"Feature","geometry":{"type":"Polygon","coordinates":[[[8.416289,50.008537],[8.416041,50.008465],[8.416102,50.008378],[8.41635,50.008451],[8.416289,50.008537]]]},"properties":{"h":5.1}},{"type":"Feature","geometry":{"type":"Polygon","coordinates":[[[8.416402,50.008389],[8.416225,50.008332],[8.416301,50.008234],[8.416478,50.00829],[8.416402,50.008389]]]},"properties":{"h":4.2}},{"type":"Feature","geometry":{"type":"Polygon","coordinates":[[[8.41654,50.008456],[8.416429,50.008422],[8.416517,50.008303],[8.416628,50.008337],[8.41654,50.008456]]]},"properties":{"h":4.4}},{"type":"Feature","geometry":{"type":"Polygon","coordinates":[[[8.420601,50.009201],[8.420567,50.00925],[8.420507,50.009226],[8.42054,50.009175],[8.420601,50.009201]]]},"properties":{"h":3.2}},{"type":"Feature","geometry":{"type":"Polygon","coordinates":[[[8.418768,50.00995],[8.418652,50.009772],[8.418727,50.009752],[8.418843,50.00993],[8.418768,50.00995]]]},"properties":{"h":2.7,"cls":"garages"}},{"type":"Feature","geometry":{"type":"Polygon","coordinates":[[[8.419623,50.009515],[8.419656,50.009502],[8.419624,50.009468],[8.419681,50.009445],[8.419763,50.009532],[8.419673,50.009567],[8.419623,50.009515]]]},"properties":{"h":4.3}},{"type":"Feature","geometry":{"type":"Polygon","coordinates":[[[8.419955,50.009584],[8.419854,50.00963],[8.419767,50.009552],[8.419868,50.009506],[8.419955,50.009584]]]},"properties":{"h":6.0,"cls":"residential"}},{"type":"Feature","geometry":{"type":"Polygon","coordinates":[[[8.42025,50.009373],[8.420135,50.009431],[8.420015,50.009332],[8.420173,50.009253],[8.420253,50.009318],[8.42021,50.00934],[8.42025,50.009373]]]},"properties":{"h":5.5,"cls":"residential"}},{"type":"Feature","geometry":{"type":"Polygon","coordinates":[[[8.420593,50.009366],[8.420522,50.009416],[8.420462,50.009381],[8.420533,50.009331],[8.420593,50.009366]]]},"properties":{"h":9.0,"cls":"residential"}},{"type":"Feature","geometry":{"type":"Polygon","coordinates":[[[8.42064,50.009412],[8.420712,50.009468],[8.420615,50.00952],[8.420543,50.009464],[8.42064,50.009412]]]},"properties":{"h":9.0,"cls":"residential"}},{"type":"Feature","geometry":{"type":"Polygon","coordinates":[[[8.420739,50.009485],[8.420802,50.009545],[8.420714,50.009601],[8.42064,50.009541],[8.420739,50.009485]]]},"properties":{"h":9.0,"cls":"residential"}},{"type":"Feature","geometry":{"type":"Polygon","coordinates":[[[8.420125,50.00949],[8.420005,50.009546],[8.419902,50.009455],[8.420022,50.009399],[8.420125,50.00949]]]},"properties":{"h":4.0,"cls":"residential"}},{"type":"Feature","geometry":{"type":"Polygon","coordinates":[[[8.42013,50.009707],[8.420085,50.009667],[8.420122,50.00965],[8.420167,50.00969],[8.42013,50.009707]]]},"properties":{"h":1.9}},{"type":"Feature","geometry":{"type":"Polygon","coordinates":[[[8.420317,50.009652],[8.42028,50.009667],[8.420216,50.009601],[8.420254,50.009586],[8.420317,50.009652]]]},"properties":{"h":2.0}},{"type":"Feature","geometry":{"type":"Polygon","coordinates":[[[8.420542,50.009661],[8.420444,50.009709],[8.420355,50.009634],[8.420404,50.009609],[8.420376,50.009586],[8.420424,50.009563],[8.420542,50.009661]]]},"properties":{"h":5.5,"cls":"residential"}},{"type":"Feature","geometry":{"type":"Polygon","coordinates":[[[8.420602,50.009828],[8.420692,50.009775],[8.420767,50.009828],[8.420693,50.009873],[8.420678,50.009881],[8.420602,50.009828]]]},"properties":{"h":9.0,"cls":"residential"}},{"type":"Feature","geometry":{"type":"Polygon","coordinates":[[[8.420448,50.009772],[8.420325,50.009832],[8.420198,50.009726],[8.420308,50.009672],[8.420338,50.009697],[8.420351,50.00969],[8.420448,50.009772]]]},"properties":{"h":5.5,"cls":"residential"}},{"type":"Feature","geometry":{"type":"Polygon","coordinates":[[[8.41998,50.009808],[8.419924,50.009759],[8.419967,50.009738],[8.420023,50.009788],[8.41998,50.009808]]]},"properties":{"h":2.9}},{"type":"Feature","geometry":{"type":"Polygon","coordinates":[[[8.420136,50.009887],[8.420041,50.009812],[8.420141,50.00976],[8.420236,50.009835],[8.420136,50.009887]]]},"properties":{"h":6.0,"cls":"residential"}},{"type":"Feature","geometry":{"type":"Polygon","coordinates":[[[8.419818,50.00965],[8.419706,50.009709],[8.419618,50.009639],[8.41973,50.00958],[8.419818,50.00965]]]},"properties":{"h":5.7,"cls":"residential"}},{"type":"Feature","geometry":{"type":"Polygon","coordinates":[[[8.419367,50.009674],[8.419488,50.009611],[8.419643,50.009736],[8.419478,50.00982],[8.419371,50.009735],[8.419415,50.009712],[8.419367,50.009674]]]},"properties":{"h":6.0,"cls":"residential"}},{"type":"Feature","geometry":{"type":"Polygon","coordinates":[[[8.419478,50.00982],[8.419352,50.009886],[8.419245,50.0098],[8.419371,50.009735],[8.419478,50.00982]]]},"properties":{"h":9.0,"cls":"residential"}},{"type":"Feature","geometry":{"type":"Polygon","coordinates":[[[8.419531,50.0101],[8.419431,50.010009],[8.419627,50.009919],[8.419728,50.01001],[8.419531,50.0101]]]},"properties":{"h":5.8,"cls":"residential"}},{"type":"Feature","geometry":{"type":"Polygon","coordinates":[[[8.419996,50.009991],[8.419883,50.009908],[8.419988,50.009849],[8.420101,50.009932],[8.419996,50.009991]]]},"properties":{"h":6.1,"cls":"residential"}},{"type":"Feature","geometry":{"type":"Polygon","coordinates":[[[8.420299,50.00996],[8.420223,50.010001],[8.420167,50.009958],[8.420244,50.009917],[8.420299,50.00996]]]},"properties":{"h":2.7}},{"type":"Feature","geometry":{"type":"Polygon","coordinates":[[[8.420782,50.009819],[8.420892,50.009893],[8.420803,50.009948],[8.420693,50.009873],[8.420767,50.009828],[8.420782,50.009819]]]},"properties":{"h":9.0,"cls":"residential"}},{"type":"Feature","geometry":{"type":"Polygon","coordinates":[[[8.420275,50.010109],[8.420639,50.009892],[8.4207,50.009934],[8.420336,50.010151],[8.420275,50.010109]]]},"properties":{"h":4.5}},{"type":"Feature","geometry":{"type":"Polygon","coordinates":[[[8.419921,50.010026],[8.419983,50.009991],[8.420043,50.010036],[8.419982,50.010071],[8.419921,50.010026]]]},"properties":{"h":2.1}},{"type":"Feature","geometry":{"type":"Polygon","coordinates":[[[8.420245,50.010106],[8.420124,50.010175],[8.420034,50.01011],[8.420155,50.010041],[8.420245,50.010106]]]},"properties":{"h":5.2,"cls":"residential"}},{"type":"Feature","geometry":{"type":"Polygon","coordinates":[[[8.420443,50.010279],[8.420674,50.010145],[8.420709,50.01017],[8.420598,50.010235],[8.420636,50.010262],[8.420742,50.0102],[8.420781,50.010227],[8.420644,50.010308],[8.420554,50.010358],[8.420443,50.010279]]]},"properties":{"h":7.0}},{"type":"Feature","geometry":{"type":"Polygon","coordinates":[[[8.42072,50.010375],[8.420639,50.010421],[8.420554,50.010358],[8.420644,50.010308],[8.420669,50.010327],[8.420816,50.010244],[8.420976,50.010361],[8.420821,50.010449],[8.42072,50.010375]]]},"properties":{"h":9.0,"cls":"residential"}},{"type":"Feature","geometry":{"type":"Polygon","coordinates":[[[8.420443,50.010279],[8.420554,50.010358],[8.420415,50.010441],[8.420303,50.010363],[8.420392,50.01031],[8.420443,50.010279]]]},"properties":{"h":9.0,"cls":"residential"}},{"type":"Feature","geometry":{"type":"Polygon","coordinates":[[[8.420279,50.010377],[8.420075,50.010231],[8.420189,50.010166],[8.420392,50.01031],[8.420303,50.010363],[8.420279,50.010377]]]},"properties":{"h":7.0}},{"type":"Feature","geometry":{"type":"Polygon","coordinates":[[[8.419682,50.010354],[8.419826,50.010284],[8.419924,50.010367],[8.41978,50.010437],[8.419682,50.010354]]]},"properties":{"h":6.4,"cls":"residential"}},{"type":"Feature","geometry":{"type":"Polygon","coordinates":[[[8.419701,50.010248],[8.419797,50.010196],[8.419826,50.010218],[8.41973,50.01027],[8.419701,50.010248]]]},"properties":{"h":3.0,"cls":"garage"}},{"type":"Feature","geometry":{"type":"Polygon","coordinates":[[[8.419701,50.010248],[8.419639,50.010201],[8.419751,50.01014],[8.419814,50.010187],[8.419797,50.010196],[8.419701,50.010248]]]},"properties":{"h":7.5,"cls":"house"}},{"type":"Feature","geometry":{"type":"Polygon","coordinates":[[[8.419639,50.010201],[8.419626,50.010207],[8.419562,50.010159],[8.419698,50.010085],[8.419762,50.010134],[8.419751,50.01014],[8.419639,50.010201]]]},"properties":{"h":7.5,"cls":"house"}},{"type":"Feature","geometry":{"type":"Polygon","coordinates":[[[8.418966,50.010385],[8.418793,50.010409],[8.418789,50.010396],[8.418762,50.010317],[8.418935,50.010293],[8.418939,50.010303],[8.418966,50.010385]]]},"properties":{"h":7.0}},{"type":"Feature","geometry":{"type":"Polygon","coordinates":[[[8.419146,50.010376],[8.418972,50.0104],[8.418966,50.010385],[8.418939,50.010303],[8.419113,50.010278],[8.419146,50.010376]]]},"properties":{"h":7.0}},{"type":"Feature","geometry":{"type":"Polygon","coordinates":[[[8.418762,50.010317],[8.418789,50.010396],[8.418601,50.010422],[8.418597,50.010411],[8.418569,50.010328],[8.418757,50.010302],[8.418762,50.010317]]]},"properties":{"h":7.0}},{"type":"Feature","geometry":{"type":"Polygon","coordinates":[[[8.418597,50.010411],[8.418425,50.010435],[8.418398,50.010354],[8.418394,50.010342],[8.418565,50.010318],[8.418569,50.010328],[8.418597,50.010411]]]},"properties":{"h":7.0}},{"type":"Feature","geometry":{"type":"Polygon","coordinates":[[[8.41855,50.010193],[8.418566,50.01024],[8.418568,50.010245],[8.418529,50.01025],[8.418511,50.010199],[8.41855,50.010193]]]},"properties":{"h":3.0,"cls":"garage"}},{"type":"Feature","geometry":{"type":"Polygon","coordinates":[[[8.418607,50.010234],[8.418566,50.01024],[8.41855,50.010193],[8.418548,50.010188],[8.418589,50.010182],[8.418607,50.010234]]]},"properties":{"h":3.0,"cls":"garage"}},{"type":"Feature","geometry":{"type":"Polygon","coordinates":[[[8.418853,50.010199],[8.418812,50.010204],[8.418794,50.010153],[8.418835,50.010147],[8.418853,50.010199]]]},"properties":{"h":3.0,"cls":"garage"}},{"type":"Feature","geometry":{"type":"Polygon","coordinates":[[[8.418812,50.010204],[8.418771,50.01021],[8.418753,50.010159],[8.418794,50.010153],[8.418812,50.010204]]]},"properties":{"h":3.0,"cls":"garage"}},{"type":"Feature","geometry":{"type":"Polygon","coordinates":[[[8.41873,50.010216],[8.418689,50.010222],[8.418671,50.01017],[8.418712,50.010165],[8.41873,50.010216]]]},"properties":{"h":3.0,"cls":"garage"}},{"type":"Feature","geometry":{"type":"Polygon","coordinates":[[[8.418689,50.010222],[8.418648,50.010228],[8.41863,50.010176],[8.418671,50.01017],[8.418689,50.010222]]]},"properties":{"h":3.0,"cls":"garage"}},{"type":"Feature","geometry":{"type":"Polygon","coordinates":[[[8.418648,50.010228],[8.418607,50.010234],[8.418589,50.010182],[8.41863,50.010176],[8.418648,50.010228]]]},"properties":{"h":3.0,"cls":"garage"}},{"type":"Feature","geometry":{"type":"Polygon","coordinates":[[[8.418771,50.01021],[8.41873,50.010216],[8.418712,50.010165],[8.418753,50.010159],[8.418771,50.01021]]]},"properties":{"h":3.0,"cls":"garage"}},{"type":"Feature","geometry":{"type":"Polygon","coordinates":[[[8.418654,50.010057],[8.418502,50.009836],[8.418582,50.009813],[8.418734,50.010035],[8.418654,50.010057]]]},"properties":{"h":2.1,"cls":"garages"}},{"type":"Feature","geometry":{"type":"Polygon","coordinates":[[[8.418362,50.009975],[8.418513,50.009934],[8.418579,50.010034],[8.418428,50.010075],[8.418362,50.009975]]]},"properties":{"h":7.0}},{"type":"Feature","geometry":{"type":"Polygon","coordinates":[[[8.418131,50.010036],[8.4183,50.009993],[8.418365,50.010098],[8.418196,50.010142],[8.418131,50.010036]]]},"properties":{"h":7.0}},{"type":"Feature","geometry":{"type":"Polygon","coordinates":[[[8.417896,50.010103],[8.418038,50.010062],[8.418112,50.010168],[8.417969,50.010209],[8.417896,50.010103]]]},"properties":{"h":8.4}},{"type":"Feature","geometry":{"type":"Polygon","coordinates":[[[8.417639,50.010188],[8.417794,50.010142],[8.417863,50.010237],[8.417708,50.010283],[8.417639,50.010188]]]},"properties":{"h":8.0}},{"type":"Feature","geometry":{"type":"Polygon","coordinates":[[[8.417634,50.0103],[8.417481,50.010343],[8.417384,50.010202],[8.417536,50.010159],[8.417634,50.0103]]]},"properties":{"h":6.8}},{"type":"Feature","geometry":{"type":"Polygon","coordinates":[[[8.416767,50.010317],[8.416847,50.010294],[8.416881,50.010341],[8.416801,50.010365],[8.416767,50.010317]]]},"properties":{"h":4.0}},{"type":"Feature","geometry":{"type":"Polygon","coordinates":[[[8.415419,50.01076],[8.4155,50.010736],[8.4156,50.010877],[8.415519,50.010901],[8.415419,50.01076]]]},"properties":{"h":7.0}},{"type":"Feature","geometry":{"type":"Polygon","coordinates":[[[8.415519,50.010901],[8.415424,50.010929],[8.415324,50.010788],[8.415419,50.01076],[8.415519,50.010901]]]},"properties":{"h":7.0}},{"type":"Feature","geometry":{"type":"Polygon","coordinates":[[[8.414801,50.011228],[8.414964,50.011186],[8.415029,50.011288],[8.414866,50.011331],[8.414801,50.011228]]]},"properties":{"h":5.2}},{"type":"Feature","geometry":{"type":"Polygon","coordinates":[[[8.414986,50.011065],[8.415122,50.011025],[8.415184,50.011112],[8.415048,50.011152],[8.414986,50.011065]]]},"properties":{"h":4.7}},{"type":"Feature","geometry":{"type":"Polygon","coordinates":[[[8.41521,50.010888],[8.415307,50.01086],[8.415401,50.010992],[8.415304,50.01102],[8.41521,50.010888]]]},"properties":{"h":6.9}},{"type":"Feature","geometry":{"type":"Polygon","coordinates":[[[8.41521,50.010888],[8.415304,50.01102],[8.415218,50.011046],[8.415123,50.010913],[8.41521,50.010888]]]},"properties":{"h":7.0}},{"type":"Feature","geometry":{"type":"Polygon","coordinates":[[[8.415895,50.011001],[8.416016,50.010953],[8.41611,50.011052],[8.415988,50.0111],[8.415895,50.011001]]]},"properties":{"h":4.8,"cls":"residential"}},{"type":"Feature","geometry":{"type":"Polygon","coordinates":[[[8.415993,50.011147],[8.41614,50.011088],[8.41624,50.01119],[8.416094,50.011249],[8.415993,50.011147]]]},"properties":{"h":5.1,"cls":"residential"}},{"type":"Feature","geometry":{"type":"Polygon","coordinates":[[[8.415891,50.011117],[8.415966,50.011091],[8.416003,50.011136],[8.415928,50.011162],[8.415891,50.011117]]]},"properties":{"h":3.4}},{"type":"Feature","geometry":{"type":"Polygon","coordinates":[[[8.415696,50.01117],[8.415523,50.011234],[8.415456,50.011158],[8.415629,50.011094],[8.415696,50.01117]]]},"properties":{"h":7.0}},{"type":"Feature","geometry":{"type":"Polygon","coordinates":[[[8.41559,50.011309],[8.415523,50.011234],[8.415696,50.01117],[8.415764,50.011246],[8.41559,50.011309]]]},"properties":{"h":9.0,"cls":"residential"}},{"type":"Feature","geometry":{"type":"Polygon","coordinates":[[[8.415909,50.01139],[8.415736,50.011463],[8.41566,50.011388],[8.415833,50.011315],[8.415909,50.01139]]]},"properties":{"h":7.0}},{"type":"Feature","geometry":{"type":"Polygon","coordinates":[[[8.416331,50.011414],[8.41631,50.011392],[8.416426,50.011347],[8.416447,50.011369],[8.416331,50.011414]]]},"properties":{"h":2.6}},{"type":"Feature","geometry":{"type":"Polygon","coordinates":[[[8.416168,50.011276],[8.416329,50.01121],[8.416446,50.011328],[8.416285,50.011394],[8.416168,50.011276]]]},"properties":{"h":5.0,"cls":"residential"}},{"type":"Feature","geometry":{"type":"Polygon","coordinates":[[[8.416028,50.011323],[8.415992,50.011277],[8.41607,50.011252],[8.416106,50.011298],[8.416028,50.011323]]]},"properties":{"h":2.8}},{"type":"Feature","geometry":{"type":"Polygon","coordinates":[[[8.416101,50.011283],[8.416084,50.011261],[8.416214,50.011221],[8.41623,50.011242],[8.416101,50.011283]]]},"properties":{"h":2.7}},{"type":"Feature","geometry":{"type":"Polygon","coordinates":[[[8.416692,50.011268],[8.416622,50.011178],[8.416747,50.011137],[8.416818,50.011227],[8.416692,50.011268]]]},"properties":{"h":2.8,"cls":"residential"}},{"type":"Feature","geometry":{"type":"Polygon","coordinates":[[[8.416991,50.011378],[8.416868,50.011428],[8.416799,50.011358],[8.416923,50.011308],[8.416991,50.011378]]]},"properties":{"h":3.9}},{"type":"Feature","geometry":{"type":"Polygon","coordinates":[[[8.417119,50.011325],[8.417139,50.011347],[8.417171,50.011335],[8.417197,50.011363],[8.417092,50.011402],[8.417047,50.011352],[8.417119,50.011325]]]},"properties":{"h":2.3}},{"type":"Feature","geometry":{"type":"Polygon","coordinates":[[[8.416557,50.011103],[8.416482,50.011019],[8.416625,50.010966],[8.4167,50.01105],[8.416557,50.011103]]]},"properties":{"h":4.5,"cls":"residential"}},{"type":"Feature","geometry":{"type":"Polygon","coordinates":[[[8.417129,50.011012],[8.417072,50.011034],[8.417038,50.010998],[8.417094,50.010976],[8.417129,50.011012]]]},"properties":{"h":2.0}},{"type":"Feature","geometry":{"type":"Polygon","coordinates":[[[8.41726,50.011129],[8.417168,50.011024],[8.417305,50.010975],[8.417397,50.011079],[8.41726,50.011129]]]},"properties":{"h":9.0,"cls":"residential"}},{"type":"Feature","geometry":{"type":"Polygon","coordinates":[[[8.417108,50.010952],[8.417022,50.010859],[8.417151,50.01081],[8.417236,50.010903],[8.417108,50.010952]]]},"properties":{"h":3.7,"cls":"residential"}},{"type":"Feature","geometry":{"type":"Polygon","coordinates":[[[8.416945,50.010815],[8.416864,50.010717],[8.416988,50.010675],[8.417069,50.010773],[8.416945,50.010815]]]},"properties":{"h":4.7,"cls":"residential"}},{"type":"Feature","geometry":{"type":"Polygon","coordinates":[[[8.416596,50.010899],[8.416424,50.010958],[8.416366,50.010889],[8.416465,50.010854],[8.416449,50.010835],[8.416522,50.01081],[8.416596,50.010899]]]},"properties":{"h":5.4}},{"type":"Feature","geometry":{"type":"Polygon","coordinates":[[[8.415596,50.010764],[8.415758,50.010717],[8.41583,50.010818],[8.415669,50.010865],[8.415596,50.010764]]]},"properties":{"h":8.3}},{"type":"Feature","geometry":{"type":"Polygon","coordinates":[[[8.41572,50.010658],[8.415768,50.010645],[8.415805,50.010705],[8.415757,50.010717],[8.41572,50.010658]]]},"properties":{"h":2.7}},{"type":"Feature","geometry":{"type":"Polygon","coordinates":[[[8.415874,50.01069],[8.416016,50.010649],[8.416082,50.010743],[8.415941,50.010784],[8.415874,50.01069]]]},"properties":{"h":6.8}},{"type":"Feature","geometry":{"type":"Polygon","coordinates":[[[8.416106,50.010646],[8.416254,50.010605],[8.416308,50.010686],[8.41616,50.010727],[8.416106,50.010646]]]},"properties":{"h":6.1}},{"type":"Feature","geometry":{"type":"Polygon","coordinates":[[[8.415696,50.010656],[8.415686,50.010621],[8.415741,50.010614],[8.415751,50.010649],[8.415696,50.010656]]]},"properties":{"h":2.0}},{"type":"Feature","geometry":{"type":"Polygon","coordinates":[[[8.416289,50.010514],[8.416157,50.010553],[8.41612,50.010502],[8.416253,50.010463],[8.416289,50.010514]]]},"properties":{"h":2.6}},{"type":"Feature","geometry":{"type":"Polygon","coordinates":[[[8.416639,50.010493],[8.4168,50.010444],[8.416865,50.010533],[8.416704,50.010582],[8.416639,50.010493]]]},"properties":{"h":6.5}},{"type":"Feature","geometry":{"type":"Polygon","coordinates":[[[8.416353,50.010539],[8.416522,50.010489],[8.416602,50.0106],[8.416432,50.01065],[8.416353,50.010539]]]},"properties":{"h":8.0}},{"type":"Feature","geometry":{"type":"Polygon","coordinates":[[[8.416875,50.010405],[8.417018,50.010365],[8.417086,50.010467],[8.416943,50.010507],[8.416875,50.010405]]]},"properties":{"h":7.0}},{"type":"Feature","geometry":{"type":"Polygon","coordinates":[[[8.417218,50.01045],[8.41716,50.010362],[8.41728,50.010329],[8.417314,50.010381],[8.41726,50.010395],[8.417285,50.010432],[8.417218,50.01045]]]},"properties":{"h":5.0}},{"type":"Feature","geometry":{"type":"Polygon","coordinates":[[[8.417904,50.010403],[8.417984,50.01049],[8.417784,50.010567],[8.417704,50.01048],[8.417904,50.010403]]]},"properties":{"h":6.4,"cls":"residential"}},{"type":"Feature","geometry":{"type":"Polygon","coordinates":[[[8.418051,50.010682],[8.417976,50.010605],[8.418074,50.010566],[8.418148,50.010644],[8.418051,50.010682]]]},"properties":{"h":4.7,"cls":"residential"}},{"type":"Feature","geometry":{"type":"Polygon","coordinates":[[[8.417247,50.010614],[8.417373,50.010567],[8.417468,50.010675],[8.417343,50.010721],[8.417247,50.010614]]]},"properties":{"h":9.0,"cls":"residential"}},{"type":"Feature","geometry":{"type":"Polygon","coordinates":[[[8.417561,50.010779],[8.417435,50.010826],[8.417343,50.010721],[8.417468,50.010675],[8.417561,50.010779]]]},"properties":{"h":7.0}},{"type":"Feature","geometry":{"type":"Polygon","coordinates":[[[8.418664,50.010703],[8.418577,50.010715],[8.418542,50.010617],[8.41858,50.010612],[8.418577,50.010604],[8.418627,50.010597],[8.41866,50.010692],[8.418664,50.010703]]]},"properties":{"h":7.0}},{"type":"Feature","geometry":{"type":"Polygon","coordinates":[[[8.41854,50.010609],[8.418542,50.010617],[8.418577,50.010715],[8.418481,50.010729],[8.418447,50.010631],[8.418444,50.010623],[8.418459,50.010621],[8.41854,50.010609]]]},"properties":{"h":7.0}},{"type":"Feature","geometry":{"type":"Polygon","coordinates":[[[8.418315,50.010815],[8.418166,50.01087],[8.418093,50.010789],[8.418241,50.010734],[8.418315,50.010815]]]},"properties":{"h":5.1,"cls":"residential"}},{"type":"Feature","geometry":{"type":"Polygon","coordinates":[[[8.418665,50.010798],[8.418584,50.01081],[8.418576,50.010784],[8.418656,50.010773],[8.418665,50.010798]]]},"properties":{"h":3.0,"cls":"garage"}},{"type":"Feature","geometry":{"type":"Polygon","coordinates":[[[8.418674,50.010824],[8.418593,50.010836],[8.418584,50.01081],[8.418665,50.010798],[8.418674,50.010824]]]},"properties":{"h":3.0,"cls":"garage"}},{"type":"Feature","geometry":{"type":"Polygon","coordinates":[[[8.418617,50.010861],[8.418603,50.010863],[8.418593,50.010836],[8.418674,50.010824],[8.418683,50.010851],[8.418617,50.010861]]]},"properties":{"h":3.0,"cls":"garage"}},{"type":"Feature","geometry":{"type":"Polygon","coordinates":[[[8.418626,50.010887],[8.418617,50.010861],[8.418683,50.010851],[8.418695,50.010849],[8.418704,50.010876],[8.418626,50.010887]]]},"properties":{"h":3.0,"cls":"garage"}},{"type":"Feature","geometry":{"type":"Polygon","coordinates":[[[8.418714,50.010903],[8.418635,50.010914],[8.418626,50.010887],[8.418704,50.010876],[8.418714,50.010903]]]},"properties":{"h":3.0,"cls":"garage"}},{"type":"Feature","geometry":{"type":"Polygon","coordinates":[[[8.41888,50.010844],[8.418968,50.01083],[8.419014,50.010956],[8.418925,50.010969],[8.418899,50.010896],[8.41888,50.010844]]]},"properties":{"h":7.0}},{"type":"Feature","geometry":{"type":"Polygon","coordinates":[[[8.419104,50.010943],[8.419014,50.010956],[8.418968,50.01083],[8.419059,50.010817],[8.419104,50.010943]]]},"properties":{"h":7.0}},{"type":"Feature","geometry":{"type":"Polygon","coordinates":[[[8.418839,50.010666],[8.418749,50.010679],[8.418712,50.010575],[8.418703,50.010546],[8.418793,50.010533],[8.418839,50.010666]]]},"properties":{"h":7.0}},{"type":"Feature","geometry":{"type":"Polygon","coordinates":[[[8.418661,50.010582],[8.418712,50.010575],[8.418749,50.010679],[8.41866,50.010692],[8.418627,50.010597],[8.418664,50.010592],[8.418661,50.010582]]]},"properties":{"h":7.0}},{"type":"Feature","geometry":{"type":"Polygon","coordinates":[[[8.418444,50.010623],[8.418447,50.010631],[8.418379,50.01064],[8.418368,50.01061],[8.418441,50.0106],[8.418451,50.010598],[8.418459,50.010621],[8.418444,50.010623]]]},"properties":{"h":3.0,"cls":"garage"}},{"type":"Feature","geometry":{"type":"Polygon","coordinates":[[[8.418363,50.010611],[8.418354,50.010585],[8.41842,50.010575],[8.418432,50.010573],[8.418441,50.0106],[8.418368,50.01061],[8.418363,50.010611]]]},"properties":{"h":3.0,"cls":"garage"}},{"type":"Feature","geometry":{"type":"Polygon","coordinates":[[[8.418354,50.010585],[8.418339,50.010587],[8.41833,50.010562],[8.418411,50.01055],[8.41842,50.010575],[8.418354,50.010585]]]},"properties":{"h":3.0,"cls":"garage"}},{"type":"Feature","geometry":{"type":"Polygon","coordinates":[[[8.41833,50.010562],[8.418321,50.010535],[8.418402,50.010524],[8.418411,50.01055],[8.41833,50.010562]]]},"properties":{"h":3.0,"cls":"garage"}},{"type":"Feature","geometry":{"type":"Polygon","coordinates":[[[8.418402,50.010524],[8.418321,50.010535],[8.418311,50.010507],[8.418392,50.010495],[8.418402,50.010524]]]},"properties":{"h":3.0,"cls":"garage"}},{"type":"Feature","geometry":{"type":"Polygon","coordinates":[[[8.41843,50.010448],[8.418227,50.010476],[8.418195,50.010382],[8.418398,50.010354],[8.418425,50.010435],[8.41843,50.010448]]]},"properties":{"h":9.0,"cls":"residential"}},{"type":"Feature","geometry":{"type":"Polygon","coordinates":[[[8.419015,50.010592],[8.419103,50.010579],[8.41914,50.010684],[8.419052,50.010697],[8.419015,50.010592]]]},"properties":{"h":7.0}},{"type":"Feature","geometry":{"type":"Polygon","coordinates":[[[8.41914,50.010684],[8.419103,50.010579],[8.419192,50.010566],[8.419194,50.01057],[8.419229,50.010671],[8.41914,50.010684]]]},"properties":{"h":7.0}},{"type":"Feature","geometry":{"type":"Polygon","coordinates":[[[8.419288,50.01057],[8.419325,50.010675],[8.419235,50.010689],[8.419229,50.010671],[8.419194,50.01057],[8.419232,50.010565],[8.419237,50.010577],[8.419288,50.01057]]]},"properties":{"h":7.0}},{"type":"Feature","geometry":{"type":"Polygon","coordinates":[[[8.419325,50.010675],[8.419288,50.01057],[8.419396,50.010554],[8.419434,50.01066],[8.419325,50.010675]]]},"properties":{"h":7.0}},{"type":"Feature","geometry":{"type":"Polygon","coordinates":[[[8.42002,50.010493],[8.41986,50.010572],[8.419804,50.010525],[8.419964,50.010446],[8.42002,50.010493]]]},"properties":{"h":7.0}},{"type":"Feature","geometry":{"type":"Polygon","coordinates":[[[8.419812,50.010486],[8.419766,50.01051],[8.419741,50.01049],[8.419787,50.010466],[8.419812,50.010486]]]},"properties":{"h":1.6}},{"type":"Feature","geometry":{"type":"Polygon","coordinates":[[[8.419561,50.010773],[8.419538,50.010722],[8.419595,50.010712],[8.419617,50.010763],[8.419561,50.010773]]]},"properties":{"h":2.4}},{"type":"Feature","geometry":{"type":"Polygon","coordinates":[[[8.419484,50.010793],[8.419453,50.010741],[8.419514,50.010725],[8.419546,50.010777],[8.419484,50.010793]]]},"properties":{"h":2.2}},{"type":"Feature","geometry":{"type":"Polygon","coordinates":[[[8.419358,50.010921],[8.419374,50.010965],[8.419316,50.010974],[8.4193,50.01093],[8.419358,50.010921]]]},"properties":{"h":3.2}},{"type":"Feature","geometry":{"type":"Polygon","coordinates":[[[8.419316,50.010974],[8.419374,50.010965],[8.419401,50.011045],[8.419328,50.011056],[8.4193,50.010976],[8.419316,50.010974]]]},"properties":{"h":3.2}},{"type":"Feature","geometry":{"type":"Polygon","coordinates":[[[8.419374,50.010965],[8.419446,50.010955],[8.419473,50.011035],[8.419401,50.011045],[8.419374,50.010965]]]},"properties":{"h":3.2}},{"type":"Feature","geometry":{"type":"Polygon","coordinates":[[[8.419473,50.011035],[8.419446,50.010955],[8.419519,50.010945],[8.419521,50.010953],[8.419546,50.011024],[8.419473,50.011035]]]},"properties":{"h":3.2}},{"type":"Feature","geometry":{"type":"Polygon","coordinates":[[[8.419535,50.010951],[8.419595,50.010942],[8.419622,50.011022],[8.419549,50.011033],[8.419546,50.011024],[8.419521,50.010953],[8.419535,50.010951]]]},"properties":{"h":3.2}},{"type":"Feature","geometry":{"type":"Polygon","coordinates":[[[8.419696,50.011012],[8.419622,50.011022],[8.419595,50.010942],[8.419668,50.010931],[8.419671,50.010941],[8.419696,50.011012]]]},"properties":{"h":3.2}},{"type":"Feature","geometry":{"type":"Polygon","coordinates":[[[8.419584,50.010913],[8.419595,50.010942],[8.419535,50.010951],[8.419524,50.010921],[8.419584,50.010913]]]},"properties":{"h":3.2}},{"type":"Feature","geometry":{"type":"Polygon","coordinates":[[[8.419671,50.010941],[8.419744,50.01093],[8.419772,50.01101],[8.419699,50.01102],[8.419696,50.011012],[8.419671,50.010941]]]},"properties":{"h":3.2}},{"type":"Feature","geometry":{"type":"Polygon","coordinates":[[[8.419845,50.010999],[8.419772,50.01101],[8.419744,50.01093],[8.419818,50.010919],[8.419845,50.010999]]]},"properties":{"h":3.2}},{"type":"Feature","geometry":{"type":"Polygon","coordinates":[[[8.420756,50.01116],[8.420561,50.011157],[8.420573,50.010816],[8.420769,50.010819],[8.420756,50.01116]]]},"properties":{"h":7.7}},{"type":"Feature","geometry":{"type":"Polygon","coordinates":[[[8.420008,50.01133],[8.419924,50.011342],[8.419893,50.011257],[8.419977,50.011244],[8.419982,50.011258],[8.420008,50.01133]]]},"properties":{"h":7.0}},{"type":"Feature","geometry":{"type":"Polygon","coordinates":[[[8.419982,50.011258],[8.420066,50.011246],[8.420097,50.011331],[8.420013,50.011343],[8.420008,50.01133],[8.419982,50.011258]]]},"properties":{"h":3.2}},{"type":"Feature","geometry":{"type":"Polygon","coordinates":[[[8.420097,50.011331],[8.420066,50.011246],[8.420152,50.011233],[8.420183,50.011318],[8.420097,50.011331]]]},"properties":{"h":7.0}},{"type":"Feature","geometry":{"type":"Polygon","coordinates":[[[8.419893,50.011257],[8.419924,50.011342],[8.419837,50.011355],[8.419832,50.011341],[8.419806,50.01127],[8.419893,50.011257]]]},"properties":{"h":7.0}},{"type":"Feature","geometry":{"type":"Polygon","coordinates":[[[8.419832,50.011341],[8.419746,50.011354],[8.419715,50.011269],[8.419802,50.011257],[8.419806,50.01127],[8.419832,50.011341]]]},"properties":{"h":7.0}},{"type":"Feature","geometry":{"type":"Polygon","coordinates":[[[8.419632,50.011282],[8.419715,50.011269],[8.419746,50.011354],[8.419663,50.011367],[8.419632,50.011282]]]},"properties":{"h":3.2}},{"type":"Feature","geometry":{"type":"Polygon","coordinates":[[[8.419408,50.011253],[8.419334,50.011264],[8.419305,50.011182],[8.419379,50.011171],[8.419408,50.011253]]]},"properties":{"h":3.2}},{"type":"Feature","geometry":{"type":"Polygon","coordinates":[[[8.419233,50.011192],[8.419305,50.011182],[8.419334,50.011264],[8.419262,50.011274],[8.419233,50.011192]]]},"properties":{"h":3.2}},{"type":"Feature","geometry":{"type":"Polygon","coordinates":[[[8.419265,50.011283],[8.41919,50.011294],[8.419158,50.011203],[8.419233,50.011192],[8.419262,50.011274],[8.419265,50.011283]]]},"properties":{"h":3.2}},{"type":"Feature","geometry":{"type":"Polygon","coordinates":[[[8.419088,50.011213],[8.41912,50.011304],[8.419046,50.011315],[8.419032,50.011275],[8.419014,50.011224],[8.419088,50.011213]]]},"properties":{"h":3.2}},{"type":"Feature","geometry":{"type":"Polygon","coordinates":[[[8.41912,50.011304],[8.419088,50.011213],[8.419158,50.011203],[8.41919,50.011294],[8.41912,50.011304]]]},"properties":{"h":3.2}},{"type":"Feature","geometry":{"type":"Polygon","coordinates":[[[8.419263,50.011379],[8.41919,50.01139],[8.419181,50.011366],[8.419255,50.011355],[8.419263,50.011379]]]},"properties":{"h":3.0,"cls":"garage"}},{"type":"Feature","geometry":{"type":"Polygon","coordinates":[[[8.41923,50.011462],[8.419215,50.011464],[8.419206,50.011437],[8.419281,50.011427],[8.41929,50.011453],[8.41923,50.011462]]]},"properties":{"h":3.0,"cls":"garage"}},{"type":"Feature","geometry":{"type":"Polygon","coordinates":[[[8.419206,50.011437],[8.419199,50.011416],[8.419274,50.011405],[8.419281,50.011427],[8.419206,50.011437]]]},"properties":{"h":3.0,"cls":"garage"}},{"type":"Feature","geometry":{"type":"Polygon","coordinates":[[[8.419274,50.011405],[8.419199,50.011416],[8.41919,50.01139],[8.419263,50.011379],[8.419265,50.011379],[8.419274,50.011405]]]},"properties":{"h":3.0,"cls":"garage"}},{"type":"Feature","geometry":{"type":"Polygon","coordinates":[[[8.418643,50.011422],[8.418719,50.011393],[8.418747,50.011423],[8.41867,50.011452],[8.418643,50.011422]]]},"properties":{"h":2.8}},{"type":"Feature","geometry":{"type":"Polygon","coordinates":[[[8.418663,50.011451],[8.418621,50.01147],[8.418592,50.011442],[8.418635,50.011424],[8.418663,50.011451]]]},"properties":{"h":3.0}},{"type":"Feature","geometry":{"type":"Polygon","coordinates":[[[8.418354,50.011222],[8.41827,50.011247],[8.41823,50.011192],[8.418314,50.011167],[8.418354,50.011222]]]},"properties":{"h":5.7}},{"type":"Feature","geometry":{"type":"Polygon","coordinates":[[[8.41869,50.011359],[8.418611,50.011279],[8.418716,50.011236],[8.418795,50.011316],[8.41869,50.011359]]]},"properties":{"h":6.6,"cls":"residential"}},{"type":"Feature","geometry":{"type":"Polygon","coordinates":[[[8.419014,50.011224],[8.419032,50.011275],[8.418987,50.011282],[8.418969,50.011231],[8.419014,50.011224]]]},"properties":{"h":3.0,"cls":"garage"}},{"type":"Feature","geometry":{"type":"Polygon","coordinates":[[[8.41893,50.010982],[8.418841,50.010995],[8.41881,50.010909],[8.418899,50.010896],[8.418925,50.010969],[8.41893,50.010982]]]},"properties":{"h":7.0}},{"type":"Feature","geometry":{"type":"Polygon","coordinates":[[[8.418719,50.010922],[8.41881,50.010909],[8.418841,50.010995],[8.418751,50.011009],[8.418719,50.010922]]]},"properties":{"h":7.0}},{"type":"Feature","geometry":{"type":"Polygon","coordinates":[[[8.418348,50.010865],[8.418454,50.010977],[8.418295,50.011038],[8.41819,50.010926],[8.418348,50.010865]]]},"properties":{"h":7.3,"cls":"residential"}},{"type":"Feature","geometry":{"type":"Polygon","coordinates":[[[8.418355,50.011079],[8.41849,50.011021],[8.418605,50.011131],[8.418469,50.011189],[8.418355,50.011079]]]},"properties":{"h":4.9,"cls":"residential"}},{"type":"Feature","geometry":{"type":"Polygon","coordinates":[[[8.418098,50.011066],[8.417989,50.01111],[8.417939,50.011059],[8.417906,50.011073],[8.41786,50.011026],[8.417953,50.010988],[8.418,50.011036],[8.418049,50.011016],[8.418098,50.011066]]]},"properties":{"h":2.3}},{"type":"Feature","geometry":{"type":"Polygon","coordinates":[[[8.418165,50.010969],[8.418087,50.010993],[8.418027,50.010911],[8.418146,50.010875],[8.418191,50.010936],[8.41815,50.010949],[8.418165,50.010969]]]},"properties":{"h":4.0}},{"type":"Feature","geometry":{"type":"Polygon","coordinates":[[[8.417836,50.011045],[8.417694,50.011101],[8.4176,50.011003],[8.417742,50.010947],[8.417836,50.011045]]]},"properties":{"h":12.0,"cls":"apartments"}},{"type":"Feature","geometry":{"type":"Polygon","coordinates":[[[8.417742,50.010947],[8.4176,50.011003],[8.417506,50.010904],[8.417626,50.010857],[8.41766,50.010892],[8.417634,50.010903],[8.417657,50.010928],[8.417706,50.010909],[8.417742,50.010947]]]},"properties":{"h":12.0,"cls":"apartments"}},{"type":"Feature","geometry":{"type":"Polygon","coordinates":[[[8.417445,50.011115],[8.417387,50.011132],[8.417363,50.011098],[8.41742,50.011081],[8.417445,50.011115]]]},"properties":{"h":4.2}},{"type":"Feature","geometry":{"type":"Polygon","coordinates":[[[8.417405,50.011287],[8.417316,50.011199],[8.417437,50.011148],[8.417526,50.011237],[8.417405,50.011287]]]},"properties":{"h":4.3,"cls":"residential"}},{"type":"Feature","geometry":{"type":"Polygon","coordinates":[[[8.418015,50.011227],[8.417873,50.011283],[8.417772,50.011179],[8.417914,50.011122],[8.418015,50.011227]]]},"properties":{"h":7.0}},{"type":"Feature","geometry":{"type":"Polygon","coordinates":[[[8.418115,50.011331],[8.417973,50.011387],[8.417873,50.011283],[8.418015,50.011227],[8.418115,50.011331]]]},"properties":{"h":7.0}},{"type":"Feature","geometry":{"type":"Polygon","coordinates":[[[8.417638,50.011513],[8.417541,50.01141],[8.417678,50.011357],[8.417775,50.01146],[8.417638,50.011513]]]},"properties":{"h":9.0,"cls":"residential"}},{"type":"Feature","geometry":{"type":"Polygon","coordinates":[[[8.417393,50.011614],[8.417298,50.011524],[8.417443,50.011461],[8.417537,50.011552],[8.417393,50.011614]]]},"properties":{"h":6.3,"cls":"residential"}},{"type":"Feature","geometry":{"type":"Polygon","coordinates":[[[8.417687,50.011736],[8.417611,50.011654],[8.41787,50.011555],[8.417946,50.011637],[8.417687,50.011736]]]},"properties":{"h":9.0,"cls":"residential"}},{"type":"Feature","geometry":{"type":"Polygon","coordinates":[[[8.417559,50.011815],[8.417327,50.0119],[8.417254,50.011818],[8.417486,50.011733],[8.417559,50.011815]]]},"properties":{"h":9.0,"cls":"residential"}},{"type":"Feature","geometry":{"type":"Polygon","coordinates":[[[8.417957,50.011974],[8.41785,50.012012],[8.417803,50.011958],[8.41791,50.011919],[8.417957,50.011974]]]},"properties":{"h":2.0}},{"type":"Feature","geometry":{"type":"Polygon","coordinates":[[[8.418054,50.011961],[8.418203,50.011902],[8.418289,50.011992],[8.418141,50.012051],[8.418054,50.011961]]]},"properties":{"h":4.8,"cls":"residential"}},{"type":"Feature","geometry":{"type":"Polygon","coordinates":[[[8.418062,50.011758],[8.418137,50.011841],[8.417982,50.011899],[8.417907,50.011816],[8.418062,50.011758]]]},"properties":{"h":7.0,"cls":"residential"}},{"type":"Feature","geometry":{"type":"Polygon","coordinates":[[[8.418484,50.011892],[8.41839,50.011796],[8.418525,50.011741],[8.41862,50.011837],[8.418484,50.011892]]]},"properties":{"h":9.0,"cls":"residential"}},{"type":"Feature","geometry":{"type":"Polygon","coordinates":[[[8.418631,50.012063],[8.418527,50.011965],[8.41867,50.011902],[8.418774,50.012],[8.418631,50.012063]]]},"properties":{"h":5.7,"cls":"residential"}},{"type":"Feature","geometry":{"type":"Polygon","coordinates":[[[8.418956,50.011983],[8.418816,50.012034],[8.418773,50.011984],[8.418914,50.011934],[8.418956,50.011983]]]},"properties":{"h":5.6}},{"type":"Feature","geometry":{"type":"Polygon","coordinates":[[[8.418964,50.011806],[8.418942,50.011781],[8.419036,50.011746],[8.419058,50.011771],[8.418964,50.011806]]]},"properties":{"h":3.0}},{"type":"Feature","geometry":{"type":"Polygon","coordinates":[[[8.419006,50.011717],[8.418935,50.011631],[8.419058,50.011589],[8.419128,50.011675],[8.419006,50.011717]]]},"properties":{"h":5.3,"cls":"residential"}},{"type":"Feature","geometry":{"type":"Polygon","coordinates":[[[8.418366,50.011767],[8.418263,50.011669],[8.418392,50.011613],[8.418494,50.011711],[8.418366,50.011767]]]},"properties":{"h":5.6,"cls":"residential"}},{"type":"Feature","geometry":{"type":"Polygon","coordinates":[[[8.418079,50.011475],[8.418317,50.01138],[8.418395,50.011461],[8.418157,50.011556],[8.418079,50.011475]]]},"properties":{"h":5.3,"cls":"residential"}},{"type":"Feature","geometry":{"type":"Polygon","coordinates":[[[8.418862,50.011557],[8.418764,50.011459],[8.418871,50.011415],[8.418969,50.011512],[8.418862,50.011557]]]},"properties":{"h":5.3,"cls":"residential"}},{"type":"Feature","geometry":{"type":"Polygon","coordinates":[[[8.419238,50.011487],[8.41923,50.011462],[8.41929,50.011453],[8.419305,50.011451],[8.419313,50.011476],[8.419238,50.011487]]]},"properties":{"h":3.0,"cls":"garage"}},{"type":"Feature","geometry":{"type":"Polygon","coordinates":[[[8.419322,50.011501],[8.419246,50.011511],[8.419238,50.011487],[8.419313,50.011476],[8.419322,50.011501]]]},"properties":{"h":3.0,"cls":"garage"}},{"type":"Feature","geometry":{"type":"Polygon","coordinates":[[[8.419441,50.011584],[8.419412,50.011499],[8.419498,50.011487],[8.419523,50.011562],[8.419527,50.011572],[8.419441,50.011584]]]},"properties":{"h":7.0}},{"type":"Feature","geometry":{"type":"Polygon","coordinates":[[[8.419412,50.011499],[8.419441,50.011584],[8.419355,50.011596],[8.419325,50.011511],[8.419412,50.011499]]]},"properties":{"h":7.0}},{"type":"Feature","geometry":{"type":"Polygon","coordinates":[[[8.419611,50.011549],[8.419582,50.011466],[8.419664,50.011454],[8.419693,50.011538],[8.419611,50.011549]]]},"properties":{"h":3.2}},{"type":"Feature","geometry":{"type":"Polygon","coordinates":[[[8.419582,50.011466],[8.419611,50.011549],[8.419523,50.011562],[8.419498,50.011487],[8.419495,50.011478],[8.419582,50.011466]]]},"properties":{"h":7.0}},{"type":"Feature","geometry":{"type":"Polygon","coordinates":[[[8.420296,50.01159],[8.420197,50.011605],[8.420167,50.011526],[8.420266,50.011511],[8.420296,50.01159]]]},"properties":{"h":8.0,"cls":"commercial"}},{"type":"Feature","geometry":{"type":"Polygon","coordinates":[[[8.420452,50.011614],[8.420314,50.011638],[8.420296,50.01159],[8.420266,50.011511],[8.420285,50.011508],[8.420405,50.011488],[8.420452,50.011614]]]},"properties":{"h":7.0,"cls":"roof"}},{"type":"Feature","geometry":{"type":"Polygon","coordinates":[[[8.420167,50.011526],[8.420142,50.01153],[8.420125,50.011483],[8.420265,50.011458],[8.420285,50.011508],[8.420266,50.011511],[8.420167,50.011526]]]},"properties":{"h":3.2}},{"type":"Feature","geometry":{"type":"Polygon","coordinates":[[[8.419866,50.011897],[8.419832,50.011902],[8.419791,50.0118],[8.420056,50.011758],[8.420094,50.011859],[8.419866,50.011897]]]},"properties":{"h":8.0,"cls":"commercial"}},{"type":"Feature","geometry":{"type":"Polygon","coordinates":[[[8.420094,50.011859],[8.420056,50.011758],[8.420452,50.011688],[8.420494,50.011793],[8.420094,50.011859]]]},"properties":{"h":7.0,"cls":"retail"}},{"type":"Feature","geometry":{"type":"Polygon","coordinates":[[[8.419094,50.011788],[8.419203,50.011748],[8.419285,50.011841],[8.419176,50.011881],[8.419094,50.011788]]]},"properties":{"h":6.0,"cls":"residential"}},{"type":"Feature","geometry":{"type":"Polygon","coordinates":[[[8.419075,50.011861],[8.419031,50.011824],[8.419064,50.011808],[8.419108,50.011845],[8.419075,50.011861]]]},"properties":{"h":1.7}},{"type":"Feature","geometry":{"type":"Polygon","coordinates":[[[8.419194,50.011967],[8.419351,50.011912],[8.419439,50.012014],[8.419282,50.01207],[8.419194,50.011967]]]},"properties":{"h":6.5,"cls":"residential"}},{"type":"Feature","geometry":{"type":"Polygon","coordinates":[[[8.420094,50.011859],[8.420187,50.012099],[8.419956,50.012135],[8.419866,50.011897],[8.420094,50.011859]]]},"properties":{"h":12.0,"cls":"apartments"}},{"type":"Feature","geometry":{"type":"Polygon","coordinates":[[[8.417569,50.011946],[8.417667,50.012044],[8.417525,50.012103],[8.417427,50.012005],[8.417569,50.011946]]]},"properties":{"h":4.8,"cls":"residential"}},{"type":"Feature","geometry":{"type":"Polygon","coordinates":[[[8.415921,50.01208],[8.415833,50.0121],[8.415778,50.012002],[8.41577,50.011988],[8.415859,50.011968],[8.415921,50.01208]]]},"properties":{"h":7.0}},{"type":"Feature","geometry":{"type":"Polygon","coordinates":[[[8.41648,50.01202],[8.416331,50.012082],[8.416245,50.011997],[8.416394,50.011935],[8.41648,50.01202]]]},"properties":{"h":7.0}},{"type":"Feature","geometry":{"type":"Polygon","coordinates":[[[8.416793,50.011906],[8.416902,50.011868],[8.416976,50.011956],[8.416868,50.011994],[8.416793,50.011906]]]},"properties":{"h":5.1,"cls":"residential"}},{"type":"Feature","geometry":{"type":"Polygon","coordinates":[[[8.416586,50.011911],[8.416713,50.011862],[8.416739,50.01189],[8.416612,50.011939],[8.416586,50.011911]]]},"properties":{"h":1.9}},{"type":"Feature","geometry":{"type":"Polygon","coordinates":[[[8.416624,50.011758],[8.416753,50.011702],[8.416852,50.011798],[8.416722,50.011853],[8.416624,50.011758]]]},"properties":{"h":5.5,"cls":"residential"}},{"type":"Feature","geometry":{"type":"Polygon","coordinates":[[[8.417146,50.011723],[8.417062,50.011635],[8.417083,50.011627],[8.417185,50.011587],[8.417269,50.011674],[8.417146,50.011723]]]},"properties":{"h":4.7,"cls":"residential"}},{"type":"Feature","geometry":{"type":"Polygon","coordinates":[[[8.417106,50.011516],[8.416974,50.011566],[8.416884,50.011467],[8.417017,50.011417],[8.417106,50.011516]]]},"properties":{"h":9.0,"cls":"residential"}},{"type":"Feature","geometry":{"type":"Polygon","coordinates":[[[8.416351,50.011445],[8.416503,50.011384],[8.416595,50.011477],[8.416443,50.011539],[8.416351,50.011445]]]},"properties":{"h":6.1,"cls":"residential"}},{"type":"Feature","geometry":{"type":"Polygon","coordinates":[[[8.416506,50.01155],[8.416623,50.011507],[8.416735,50.011632],[8.416619,50.011676],[8.416506,50.01155]]]},"properties":{"h":5.7,"cls":"residential"}},{"type":"Feature","geometry":{"type":"Polygon","coordinates":[[[8.416127,50.011733],[8.416102,50.011707],[8.416173,50.011679],[8.416198,50.011705],[8.416193,50.011707],[8.416127,50.011733]]]},"properties":{"h":3.0,"cls":"garage"}},{"type":"Feature","geometry":{"type":"Polygon","coordinates":[[[8.415936,50.011662],[8.416096,50.011599],[8.416173,50.011679],[8.416102,50.011707],[8.416014,50.011743],[8.415936,50.011662]]]},"properties":{"h":7.5,"cls":"house"}},{"type":"Feature","geometry":{"type":"Polygon","coordinates":[[[8.416304,50.011596],[8.416457,50.01155],[8.416477,50.011578],[8.416324,50.011623],[8.416304,50.011596]]]},"properties":{"h":1.9}},{"type":"Feature","geometry":{"type":"Polygon","coordinates":[[[8.415911,50.011524],[8.41594,50.011555],[8.415863,50.011586],[8.415833,50.011554],[8.415911,50.011524]]]},"properties":{"h":3.0,"cls":"garage"}},{"type":"Feature","geometry":{"type":"Polygon","coordinates":[[[8.415985,50.011465],[8.415813,50.011538],[8.415736,50.011463],[8.415909,50.01139],[8.415985,50.011465]]]},"properties":{"h":7.0}},{"type":"Feature","geometry":{"type":"Polygon","coordinates":[[[8.416096,50.011599],[8.415936,50.011662],[8.415863,50.011586],[8.41594,50.011555],[8.416032,50.011518],[8.416106,50.011595],[8.416096,50.011599]]]},"properties":{"h":7.5,"cls":"house"}},{"type":"Feature","geometry":{"type":"Polygon","coordinates":[[[8.415824,50.011749],[8.415759,50.011775],[8.415697,50.011711],[8.415762,50.011685],[8.415824,50.011749]]]},"properties":{"h":3.2}},{"type":"Feature","geometry":{"type":"Polygon","coordinates":[[[8.415682,50.011839],[8.415594,50.011859],[8.415532,50.011749],[8.415521,50.011728],[8.415609,50.011708],[8.415682,50.011839]]]},"properties":{"h":7.0}},{"type":"Feature","geometry":{"type":"Polygon","coordinates":[[[8.416211,50.011743],[8.41614,50.011771],[8.41611,50.01174],[8.416127,50.011733],[8.416193,50.011707],[8.416228,50.011743],[8.416215,50.011748],[8.416211,50.011743]]]},"properties":{"h":3.0,"cls":"garage"}},{"type":"Feature","geometry":{"type":"Polygon","coordinates":[[[8.416142,50.011877],[8.416068,50.0118],[8.41614,50.011771],[8.416211,50.011743],[8.416215,50.011748],[8.416285,50.01182],[8.416142,50.011877]]]},"properties":{"h":7.0}},{"type":"Feature","geometry":{"type":"Polygon","coordinates":[[[8.416358,50.011897],[8.416215,50.011953],[8.416142,50.011877],[8.416285,50.01182],[8.416358,50.011897]]]},"properties":{"h":7.0}},{"type":"Feature","geometry":{"type":"Polygon","coordinates":[[[8.415973,50.011904],[8.415908,50.01193],[8.415832,50.011851],[8.415897,50.011826],[8.415973,50.011904]]]},"properties":{"h":3.2}},{"type":"Feature","geometry":{"type":"Polygon","coordinates":[[[8.415525,50.011911],[8.415437,50.011932],[8.415375,50.011822],[8.415364,50.011801],[8.415452,50.011781],[8.415517,50.011899],[8.415525,50.011911]]]},"properties":{"h":7.0}},{"type":"Feature","geometry":{"type":"Polygon","coordinates":[[[8.415449,50.011954],[8.415363,50.011975],[8.415301,50.011864],[8.415288,50.011842],[8.415375,50.011822],[8.415437,50.011932],[8.415449,50.011954]]]},"properties":{"h":7.0}},{"type":"Feature","geometry":{"type":"Polygon","coordinates":[[[8.415374,50.011995],[8.415286,50.012015],[8.415213,50.011885],[8.415301,50.011864],[8.415363,50.011975],[8.415374,50.011995]]]},"properties":{"h":7.0}},{"type":"Feature","geometry":{"type":"Polygon","coordinates":[[[8.415605,50.011879],[8.415517,50.011899],[8.415452,50.011781],[8.415445,50.011769],[8.415532,50.011749],[8.415594,50.011859],[8.415605,50.011879]]]},"properties":{"h":7.0}},{"type":"Feature","geometry":{"type":"Polygon","coordinates":[[[8.41526,50.011645],[8.415271,50.011664],[8.415187,50.011685],[8.415137,50.011602],[8.415124,50.011581],[8.415209,50.01156],[8.41526,50.011645]]]},"properties":{"h":7.0}},{"type":"Feature","geometry":{"type":"Polygon","coordinates":[[[8.415282,50.01152],[8.415273,50.011506],[8.415357,50.011485],[8.415419,50.011588],[8.415335,50.011609],[8.415282,50.01152]]]},"properties":{"h":7.0}},{"type":"Feature","geometry":{"type":"Polygon","coordinates":[[[8.415344,50.011624],[8.41526,50.011645],[8.415209,50.01156],[8.415198,50.011541],[8.415282,50.01152],[8.415335,50.011609],[8.415344,50.011624]]]},"properties":{"h":7.0}},{"type":"Feature","geometry":{"type":"Polygon","coordinates":[[[8.414676,50.011576],[8.414643,50.011575],[8.414644,50.01143],[8.414795,50.011431],[8.414793,50.011576],[8.414676,50.011576]]]},"properties":{"h":7.0}},{"type":"Feature","geometry":{"type":"Polygon","coordinates":[[[8.415199,50.011706],[8.415115,50.011727],[8.415053,50.011623],[8.415137,50.011602],[8.415187,50.011685],[8.415199,50.011706]]]},"properties":{"h":7.0}},{"type":"Feature","geometry":{"type":"Polygon","coordinates":[[[8.41457,50.011696],[8.414545,50.011695],[8.414548,50.011575],[8.414643,50.011575],[8.414676,50.011576],[8.414674,50.011696],[8.41457,50.011696]]]},"properties":{"h":7.0}},{"type":"Feature","geometry":{"type":"Polygon","coordinates":[[[8.414567,50.011831],[8.414447,50.01183],[8.414408,50.01183],[8.414409,50.011755],[8.414461,50.011755],[8.414462,50.011695],[8.414545,50.011695],[8.41457,50.011696],[8.414567,50.011831]]]},"properties":{"h":7.0}},{"type":"Feature","geometry":{"type":"Polygon","coordinates":[[[8.414358,50.011959],[8.414347,50.011959],[8.414348,50.011854],[8.414447,50.011855],[8.414447,50.01183],[8.414567,50.011831],[8.414566,50.01196],[8.414358,50.011959]]]},"properties":{"h":7.0}},{"type":"Feature","geometry":{"type":"Polygon","coordinates":[[[8.414358,50.011959],[8.414566,50.01196],[8.414564,50.012102],[8.414413,50.012101],[8.414357,50.012102],[8.414358,50.011959]]]},"properties":{"h":7.0}},{"type":"Feature","geometry":{"type":"Polygon","coordinates":[[[8.41492,50.012133],[8.414847,50.011986],[8.414946,50.011966],[8.414959,50.011992],[8.415076,50.011967],[8.415136,50.012089],[8.41492,50.012133]]]},"properties":{"h":7.1}},{"type":"Feature","geometry":{"type":"Polygon","coordinates":[[[8.423035,50.012147],[8.422443,50.012523],[8.422141,50.012326],[8.422092,50.012357],[8.421722,50.012117],[8.421879,50.012017],[8.422015,50.012106],[8.422043,50.012124],[8.422193,50.012028],[8.422272,50.01208],[8.422397,50.012],[8.422432,50.011978],[8.42233,50.011912],[8.422503,50.011802],[8.423035,50.012147]]]},"properties":{"h":7.4,"cls":"civic"}},{"type":"Feature","geometry":{"type":"Polygon","coordinates":[[[8.421527,50.011771],[8.421468,50.011809],[8.421426,50.011782],[8.421485,50.011744],[8.421527,50.011771]]]},"properties":{"h":3.2,"cls":"service"}},{"type":"Feature","geometry":{"type":"Polygon","coordinates":[[[8.421039,50.011675],[8.420905,50.011671],[8.420919,50.011483],[8.421207,50.011491],[8.421202,50.011558],[8.42123,50.011559],[8.421223,50.011655],[8.421041,50.01165],[8.421039,50.011675]]]},"properties":{"h":17.7}},{"type":"Feature","geometry":{"type":"Polygon","coordinates":[[[8.421642,50.011621],[8.421538,50.011551],[8.4217,50.011444],[8.421716,50.011454],[8.421805,50.011512],[8.421642,50.011621]]]},"properties":{"h":7.0}},{"type":"Feature","geometry":{"type":"Polygon","coordinates":[[[8.423064,50.01164],[8.42295,50.011565],[8.423406,50.011277],[8.42352,50.011351],[8.423064,50.01164]]]},"properties":{"h":5.7}},{"type":"Feature","geometry":{"type":"Polygon","coordinates":[[[8.423928,50.011689],[8.423543,50.011945],[8.423433,50.011876],[8.423817,50.01162],[8.423928,50.011689]]]},"properties":{"h":5.5}},{"type":"Feature","geometry":{"type":"Polygon","coordinates":[[[8.423296,50.011792],[8.423186,50.011721],[8.423617,50.011445],[8.423727,50.011516],[8.423296,50.011792]]]},"properties":{"h":4.9}},{"type":"Feature","geometry":{"type":"Polygon","coordinates":[[[8.422784,50.011434],[8.422598,50.011315],[8.422695,50.011252],[8.422665,50.011233],[8.422813,50.011137],[8.422995,50.011253],[8.422857,50.011342],[8.422891,50.011364],[8.422784,50.011434]]]},"properties":{"h":12.4}},{"type":"Feature","geometry":{"type":"Polygon","coordinates":[[[8.422056,50.011256],[8.422162,50.011324],[8.421997,50.011433],[8.42198,50.011421],[8.421892,50.011364],[8.422056,50.011256]]]},"properties":{"h":7.0}},{"type":"Feature","geometry":{"type":"Polygon","coordinates":[[[8.421805,50.011512],[8.421716,50.011454],[8.421874,50.011352],[8.421892,50.011364],[8.42198,50.011421],[8.421822,50.011524],[8.421805,50.011512]]]},"properties":{"h":7.0}},{"type":"Feature","geometry":{"type":"Polygon","coordinates":[[[8.421439,50.011297],[8.421252,50.011297],[8.421251,50.01102],[8.421438,50.01102],[8.421439,50.011297]]]},"properties":{"h":10.0}},{"type":"Feature","geometry":{"type":"Polygon","coordinates":[[[8.421692,50.010748],[8.421794,50.010682],[8.422207,50.010945],[8.422231,50.010929],[8.422434,50.011058],[8.422333,50.011123],[8.422137,50.010998],[8.42211,50.011015],[8.421692,50.010748]]]},"properties":{"h":9.9}},{"type":"Feature","geometry":{"type":"Polygon","coordinates":[[[8.421328,50.010993],[8.42114,50.010993],[8.421139,50.010732],[8.421327,50.010732],[8.421328,50.010993]]]},"properties":{"h":11.8}},{"type":"Feature","geometry":{"type":"Polygon","coordinates":[[[8.421234,50.010463],[8.421394,50.010378],[8.421435,50.010412],[8.421311,50.010478],[8.421197,50.010481],[8.421234,50.010463]]]},"properties":{"h":7.0}},{"type":"Feature","geometry":{"type":"Polygon","coordinates":[[[8.422031,50.010586],[8.421913,50.010578],[8.421925,50.010508],[8.422043,50.010516],[8.422031,50.010586]]]},"properties":{"h":9.0,"cls":"residential"}},{"type":"Feature","geometry":{"type":"Polygon","coordinates":[[[8.422193,50.010531],[8.422171,50.01064],[8.422068,50.010631],[8.42209,50.010522],[8.422193,50.010531]]]},"properties":{"h":9.0,"cls":"residential"}},{"type":"Feature","geometry":{"type":"Polygon","coordinates":[[[8.422348,50.010546],[8.422329,50.010628],[8.422242,50.01062],[8.422222,50.010707],[8.422197,50.010704],[8.422236,50.010535],[8.422348,50.010546]]]},"properties":{"h":9.0,"cls":"residential"}},{"type":"Feature","geometry":{"type":"Polygon","coordinates":[[[8.422482,50.010643],[8.422365,50.010633],[8.422382,50.010549],[8.4225,50.010559],[8.422482,50.010643]]]},"properties":{"h":4.1,"cls":"residential"}},{"type":"Feature","geometry":{"type":"Polygon","coordinates":[[[8.422066,50.010429],[8.422179,50.01034],[8.422215,50.010341],[8.422195,50.010444],[8.422066,50.010429]]]},"properties":{"h":7.0}},{"type":"Feature","geometry":{"type":"Polygon","coordinates":[[[8.422195,50.010444],[8.422215,50.010341],[8.422235,50.010342],[8.422369,50.010353],[8.422348,50.010456],[8.422195,50.010444]]]},"properties":{"h":9.0,"cls":"residential"}},{"type":"Feature","geometry":{"type":"Polygon","coordinates":[[[8.422409,50.010365],[8.422449,50.010338],[8.422527,50.010382],[8.422463,50.010433],[8.422381,50.01039],[8.422409,50.010365]]]},"properties":{"h":3.2}},{"type":"Feature","geometry":{"type":"Polygon","coordinates":[[[8.422463,50.010433],[8.422527,50.010382],[8.422683,50.010492],[8.422463,50.01047],[8.422463,50.010433]]]},"properties":{"h":7.0}},{"type":"Feature","geometry":{"type":"Polygon","coordinates":[[[8.423349,50.010535],[8.423225,50.010458],[8.423333,50.010386],[8.423457,50.010462],[8.423349,50.010535]]]},"properties":{"h":6.6,"cls":"house"}},{"type":"Feature","geometry":{"type":"Polygon","coordinates":[[[8.423024,50.010483],[8.423115,50.010413],[8.42321,50.010464],[8.423118,50.010534],[8.423024,50.010483]]]},"properties":{"h":7.1,"cls":"house"}},{"type":"Feature","geometry":{"type":"Polygon","coordinates":[[[8.422777,50.010663],[8.422736,50.010635],[8.422829,50.010579],[8.422869,50.010608],[8.422777,50.010663]]]},"properties":{"h":3.0}},{"type":"Feature","geometry":{"type":"Polygon","coordinates":[[[8.422662,50.010663],[8.422549,50.010653],[8.422569,50.010565],[8.422682,50.010576],[8.422662,50.010663]]]},"properties":{"h":5.0,"cls":"residential"}},{"type":"Feature","geometry":{"type":"Polygon","coordinates":[[[8.422638,50.010705],[8.422709,50.010753],[8.422641,50.010795],[8.422609,50.010773],[8.422543,50.010814],[8.422503,50.010787],[8.422638,50.010705]]]},"properties":{"h":1.8}},{"type":"Feature","geometry":{"type":"Polygon","coordinates":[[[8.423535,50.01072],[8.423427,50.010655],[8.42353,50.010585],[8.423605,50.01063],[8.423546,50.010671],[8.423579,50.01069],[8.423535,50.01072]]]},"properties":{"h":7.5,"cls":"house"}},{"type":"Feature","geometry":{"type":"Polygon","coordinates":[[[8.423551,50.010898],[8.423428,50.010821],[8.423479,50.010787],[8.423602,50.010864],[8.423551,50.010898]]]},"properties":{"h":7.5,"cls":"house"}},{"type":"Feature","geometry":{"type":"Polygon","coordinates":[[[8.4236,50.010366],[8.423518,50.010432],[8.423417,50.010381],[8.4235,50.010314],[8.4236,50.010366]]]},"properties":{"h":7.5,"cls":"house"}},{"type":"Feature","geometry":{"type":"Polygon","coordinates":[[[8.423661,50.010323],[8.423465,50.010218],[8.42355,50.010153],[8.423678,50.010222],[8.423758,50.010159],[8.423826,50.010196],[8.423661,50.010323]]]},"properties":{"h":7.0}},{"type":"Feature","geometry":{"type":"Polygon","coordinates":[[[8.423445,50.00998],[8.423389,50.010016],[8.423318,50.009971],[8.423438,50.009892],[8.423572,50.009977],[8.423508,50.010019],[8.423445,50.00998]]]},"properties":{"h":7.5,"cls":"house"}},{"type":"Feature","geometry":{"type":"Polygon","coordinates":[[[8.423298,50.010084],[8.423263,50.010109],[8.423194,50.010069],[8.423287,50.010002],[8.423383,50.010057],[8.423325,50.010099],[8.423298,50.010084]]]},"properties":{"h":7.5,"cls":"house"}},{"type":"Feature","geometry":{"type":"Polygon","coordinates":[[[8.423081,50.010082],[8.42295,50.010012],[8.42301,50.009965],[8.423141,50.010035],[8.423081,50.010082]]]},"properties":{"h":4.0,"cls":"house"}},{"type":"Feature","geometry":{"type":"Polygon","coordinates":[[[8.423037,50.00994],[8.423161,50.00985],[8.423291,50.009924],[8.423166,50.010014],[8.423037,50.00994]]]},"properties":{"h":5.1,"cls":"house"}},{"type":"Feature","geometry":{"type":"Polygon","coordinates":[[[8.423013,50.009957],[8.422976,50.009983],[8.422887,50.009932],[8.422924,50.009905],[8.423013,50.009957]]]},"properties":{"h":2.2}},{"type":"Feature","geometry":{"type":"Polygon","coordinates":[[[8.422953,50.009985],[8.42288,50.010042],[8.422831,50.010017],[8.422905,50.009959],[8.422953,50.009985]]]},"properties":{"h":2.3}},{"type":"Feature","geometry":{"type":"Polygon","coordinates":[[[8.422853,50.010111],[8.422954,50.010042],[8.42306,50.010106],[8.422959,50.010175],[8.422853,50.010111]]]},"properties":{"h":7.5,"cls":"house"}},{"type":"Feature","geometry":{"type":"Polygon","coordinates":[[[8.422626,50.010124],[8.422677,50.01009],[8.422747,50.010132],[8.422723,50.010149],[8.422762,50.010172],[8.422735,50.01019],[8.422626,50.010124]]]},"properties":{"h":3.2}},{"type":"Feature","geometry":{"type":"Polygon","coordinates":[[[8.422611,50.010255],[8.42267,50.010214],[8.422736,50.010254],[8.422677,50.010295],[8.422611,50.010255]]]},"properties":{"h":3.2}},{"type":"Feature","geometry":{"type":"Polygon","coordinates":[[[8.422867,50.010237],[8.422762,50.010172],[8.422853,50.010111],[8.422959,50.010175],[8.422867,50.010237]]]},"properties":{"h":7.5,"cls":"house"}},{"type":"Feature","geometry":{"type":"Polygon","coordinates":[[[8.423208,50.010169],[8.423138,50.010219],[8.423057,50.010171],[8.423127,50.010122],[8.423208,50.010169]]]},"properties":{"h":7.5,"cls":"house"}},{"type":"Feature","geometry":{"type":"Polygon","coordinates":[[[8.423279,50.010296],[8.423191,50.01025],[8.423264,50.010193],[8.423352,50.010238],[8.423279,50.010296]]]},"properties":{"h":7.5,"cls":"house"}},{"type":"Feature","geometry":{"type":"Polygon","coordinates":[[[8.42302,50.010295],[8.422991,50.010313],[8.422922,50.01027],[8.423005,50.010216],[8.423111,50.010283],[8.423057,50.010318],[8.42302,50.010295]]]},"properties":{"h":7.5,"cls":"house"}},{"type":"Feature","geometry":{"type":"Polygon","coordinates":[[[8.423342,50.010359],[8.423365,50.01034],[8.423279,50.010296],[8.423352,50.010238],[8.4235,50.010314],[8.423417,50.010381],[8.423404,50.010391],[8.423342,50.010359]]]},"properties":{"h":7.5,"cls":"house"}},{"type":"Feature","geometry":{"type":"Polygon","coordinates":[[[8.423139,50.010351],[8.423194,50.010316],[8.423268,50.010364],[8.423213,50.010399],[8.423139,50.010351]]]},"properties":{"h":3.2}},{"type":"Feature","geometry":{"type":"Polygon","coordinates":[[[8.422837,50.010292],[8.422942,50.010353],[8.422868,50.010405],[8.422763,50.010345],[8.422837,50.010292]]]},"properties":{"h":7.5,"cls":"house"}},{"type":"Feature","geometry":{"type":"Polygon","coordinates":[[[8.422409,50.010365],[8.42231,50.010303],[8.42235,50.010276],[8.422449,50.010338],[8.422409,50.010365]]]},"properties":{"h":3.2}},{"type":"Feature","geometry":{"type":"Polygon","coordinates":[[[8.422236,50.010295],[8.422271,50.010314],[8.422235,50.010342],[8.422215,50.010341],[8.422179,50.01034],[8.422236,50.010295]]]},"properties":{"h":3.2}},{"type":"Feature","geometry":{"type":"Polygon","coordinates":[[[8.42231,50.010303],[8.422285,50.010322],[8.422271,50.010314],[8.422236,50.010295],[8.422303,50.010246],[8.42235,50.010276],[8.42231,50.010303]]]},"properties":{"h":3.2}},{"type":"Feature","geometry":{"type":"Polygon","coordinates":[[[8.421697,50.010352],[8.421598,50.0103],[8.421676,50.010239],[8.421774,50.01029],[8.421697,50.010352]]]},"properties":{"h":9.0,"cls":"residential"}},{"type":"Feature","geometry":{"type":"Polygon","coordinates":[[[8.422048,50.010268],[8.421987,50.010314],[8.421962,50.0103],[8.422023,50.010254],[8.422048,50.010268]]]},"properties":{"h":2.0}},{"type":"Feature","geometry":{"type":"Polygon","coordinates":[[[8.422051,50.010359],[8.422039,50.010422],[8.421875,50.010409],[8.421888,50.010345],[8.421943,50.010349],[8.421946,50.010336],[8.421986,50.010339],[8.421983,50.010353],[8.422051,50.010359]]]},"properties":{"h":9.0,"cls":"residential"}},{"type":"Feature","geometry":{"type":"Polygon","coordinates":[[[8.421825,50.01032],[8.421866,50.010341],[8.42179,50.010401],[8.421697,50.010352],[8.421774,50.01029],[8.421796,50.010273],[8.421848,50.010301],[8.421825,50.01032]]]},"properties":{"h":9.0,"cls":"residential"}},{"type":"Feature","geometry":{"type":"Polygon","coordinates":[[[8.421475,50.010337],[8.421541,50.01039],[8.421459,50.010432],[8.421394,50.010378],[8.421475,50.010337]]]},"properties":{"h":9.0,"cls":"residential"}},{"type":"Feature","geometry":{"type":"Polygon","coordinates":[[[8.421256,50.010307],[8.421188,50.010254],[8.421297,50.010196],[8.421475,50.010337],[8.421394,50.010378],[8.421234,50.010463],[8.42112,50.010373],[8.421184,50.010339],[8.421233,50.010378],[8.421339,50.010323],[8.421294,50.010287],[8.421256,50.010307]]]},"properties":{"h":4.6,"cls":"residential"}},{"type":"Feature","geometry":{"type":"Polygon","coordinates":[[[8.420937,50.010218],[8.420878,50.010174],[8.420941,50.010138],[8.421102,50.010052],[8.421239,50.010157],[8.421138,50.010212],[8.421108,50.010189],[8.421083,50.010203],[8.421033,50.010166],[8.420937,50.010218]]]},"properties":{"h":4.3,"cls":"residential"}},{"type":"Feature","geometry":{"type":"Polygon","coordinates":[[[8.421774,50.010154],[8.421575,50.010277],[8.421497,50.010224],[8.421696,50.010101],[8.421774,50.010154]]]},"properties":{"h":9.0,"cls":"residential"}},{"type":"Feature","geometry":{"type":"Polygon","coordinates":[[[8.421554,50.01013],[8.421581,50.010148],[8.421478,50.01021],[8.421397,50.010155],[8.4215,50.010093],[8.421554,50.01013]]]},"properties":{"h":9.0,"cls":"residential"}},{"type":"Feature","geometry":{"type":"Polygon","coordinates":[[[8.421638,50.01001],[8.421691,50.010047],[8.421554,50.01013],[8.4215,50.010093],[8.421638,50.01001]]]},"properties":{"h":9.0,"cls":"residential"}},{"type":"Feature","geometry":{"type":"Polygon","coordinates":[[[8.421201,50.010002],[8.42131,50.009935],[8.421412,50.010002],[8.421302,50.01007],[8.421201,50.010002]]]},"properties":{"h":9.0,"cls":"residential"}},{"type":"Feature","geometry":{"type":"Polygon","coordinates":[[[8.421414,50.010026],[8.421486,50.010073],[8.421387,50.010137],[8.421314,50.01009],[8.421414,50.010026]]]},"properties":{"h":9.0,"cls":"residential"}},{"type":"Feature","geometry":{"type":"Polygon","coordinates":[[[8.420941,50.010138],[8.420848,50.010066],[8.421008,50.00998],[8.421102,50.010052],[8.420941,50.010138]]]},"properties":{"h":9.0,"cls":"residential"}},{"type":"Feature","geometry":{"type":"Polygon","coordinates":[[[8.421551,50.009956],[8.421483,50.010007],[8.421449,50.009989],[8.421518,50.009938],[8.421551,50.009956]]]},"properties":{"h":3.3}},{"type":"Feature","geometry":{"type":"Polygon","coordinates":[[[8.421958,50.010027],[8.421893,50.010072],[8.421841,50.010041],[8.421906,50.009996],[8.421958,50.010027]]]},"properties":{"h":2.6}},{"type":"Feature","geometry":{"type":"Polygon","coordinates":[[[8.42223,50.009644],[8.422263,50.009611],[8.422343,50.009665],[8.422305,50.009695],[8.42223,50.009644]]]},"properties":{"h":2.5,"cls":"garage"}},{"type":"Feature","geometry":{"type":"Polygon","coordinates":[[[8.421955,50.009716],[8.421903,50.009752],[8.421841,50.009715],[8.421893,50.009679],[8.421955,50.009716]]]},"properties":{"h":2.2}},{"type":"Feature","geometry":{"type":"Polygon","coordinates":[[[8.4221,50.009746],[8.421987,50.009674],[8.422102,50.0096],[8.422215,50.009672],[8.4221,50.009746]]]},"properties":{"h":4.5,"cls":"house"}},{"type":"Feature","geometry":{"type":"Polygon","coordinates":[[[8.421395,50.009743],[8.421339,50.009778],[8.421238,50.009713],[8.421294,50.009678],[8.421395,50.009743]]]},"properties":{"h":9.0,"cls":"residential"}},{"type":"Feature","geometry":{"type":"Polygon","coordinates":[[[8.421339,50.009778],[8.421284,50.009814],[8.421183,50.009748],[8.421238,50.009713],[8.421339,50.009778]]]},"properties":{"h":9.0,"cls":"residential"}},{"type":"Feature","geometry":{"type":"Polygon","coordinates":[[[8.421284,50.009814],[8.421229,50.009848],[8.421128,50.009783],[8.421183,50.009748],[8.421284,50.009814]]]},"properties":{"h":9.0,"cls":"residential"}},{"type":"Feature","geometry":{"type":"Polygon","coordinates":[[[8.421128,50.009783],[8.421229,50.009848],[8.421118,50.009919],[8.421014,50.009836],[8.421113,50.009773],[8.421128,50.009783]]]},"properties":{"h":5.7}},{"type":"Feature","geometry":{"type":"Polygon","coordinates":[[[8.420838,50.009569],[8.420911,50.009631],[8.420812,50.00968],[8.420739,50.009618],[8.420838,50.009569]]]},"properties":{"h":4.3,"cls":"residential"}},{"type":"Feature","geometry":{"type":"Polygon","coordinates":[[[8.421218,50.009632],[8.421141,50.009685],[8.421055,50.009619],[8.42113,50.009561],[8.421218,50.009632]]]},"properties":{"h":3.3,"cls":"residential"}},{"type":"Feature","geometry":{"type":"Polygon","coordinates":[[[8.42145,50.009708],[8.421395,50.009743],[8.421294,50.009678],[8.421349,50.009642],[8.42145,50.009708]]]},"properties":{"h":9.0,"cls":"residential"}},{"type":"Feature","geometry":{"type":"Polygon","coordinates":[[[8.421324,50.009321],[8.421397,50.009377],[8.42133,50.009423],[8.421184,50.009329],[8.421231,50.009288],[8.421305,50.009335],[8.421324,50.009321]]]},"properties":{"h":7.5,"cls":"house"}},{"type":"Feature","geometry":{"type":"Polygon","coordinates":[[[8.421821,50.009391],[8.42192,50.009329],[8.422011,50.009389],[8.421912,50.009451],[8.421821,50.009391]]]},"properties":{"h":7.5,"cls":"house"}},{"type":"Feature","geometry":{"type":"Polygon","coordinates":[[[8.421952,50.009489],[8.421968,50.009477],[8.421995,50.009492],[8.421955,50.009522],[8.421905,50.009494],[8.421929,50.009476],[8.421952,50.009489]]]},"properties":{"h":1.3}},{"type":"Feature","geometry":{"type":"Polygon","coordinates":[[[8.422445,50.009483],[8.422474,50.009466],[8.422512,50.009492],[8.422483,50.009509],[8.422445,50.009483]]]},"properties":{"h":1.0}},{"type":"Feature","geometry":{"type":"Polygon","coordinates":[[[8.422357,50.009507],[8.422405,50.009479],[8.422462,50.009519],[8.422415,50.009547],[8.422357,50.009507]]]},"properties":{"h":2.8}},{"type":"Feature","geometry":{"type":"Polygon","coordinates":[[[8.422375,50.00948],[8.422285,50.009422],[8.422374,50.009365],[8.422464,50.009423],[8.422375,50.00948]]]},"properties":{"h":7.5,"cls":"house"}},{"type":"Feature","geometry":{"type":"Polygon","coordinates":[[[8.422585,50.009348],[8.422496,50.009402],[8.422409,50.009342],[8.422498,50.009289],[8.422585,50.009348]]]},"properties":{"h":7.5,"cls":"house"}},{"type":"Feature","geometry":{"type":"Polygon","coordinates":[[[8.423245,50.009321],[8.423156,50.009385],[8.423103,50.009355],[8.423192,50.009291],[8.423219,50.009306],[8.423245,50.009321]]]},"properties":{"h":3.2}},{"type":"Feature","geometry":{"type":"Polygon","coordinates":[[[8.423508,50.009307],[8.423584,50.009352],[8.423233,50.0096],[8.423173,50.009565],[8.42302,50.009475],[8.422973,50.009448],[8.423103,50.009355],[8.423156,50.009385],[8.423288,50.009462],[8.423508,50.009307]]]},"properties":{"h":7.0}},{"type":"Feature","geometry":{"type":"Polygon","coordinates":[[[8.423173,50.009565],[8.423094,50.00962],[8.422941,50.009531],[8.42302,50.009475],[8.423173,50.009565]]]},"properties":{"h":7.0}},{"type":"Feature","geometry":{"type":"Polygon","coordinates":[[[8.422783,50.009643],[8.422674,50.009579],[8.422912,50.009411],[8.422973,50.009448],[8.42302,50.009475],[8.422941,50.009531],[8.422783,50.009643]]]},"properties":{"h":7.0}},{"type":"Feature","geometry":{"type":"Polygon","coordinates":[[[8.422584,50.009835],[8.422554,50.009854],[8.422518,50.009829],[8.422548,50.009811],[8.422584,50.009835]]]},"properties":{"h":2.8}},{"type":"Feature","geometry":{"type":"Polygon","coordinates":[[[8.423248,50.009809],[8.423311,50.009765],[8.423415,50.009827],[8.423315,50.009897],[8.423229,50.009846],[8.423265,50.00982],[8.423248,50.009809]]]},"properties":{"h":6.5,"cls":"house"}},{"type":"Feature","geometry":{"type":"Polygon","coordinates":[[[8.423459,50.009653],[8.423595,50.009561],[8.423696,50.009621],[8.423561,50.009715],[8.423459,50.009653]]]},"properties":{"h":7.5,"cls":"house"}},{"type":"Feature","geometry":{"type":"Polygon","coordinates":[[[8.423364,50.009717],[8.423459,50.009653],[8.423561,50.009715],[8.423433,50.009802],[8.423387,50.009774],[8.423421,50.009751],[8.423364,50.009717]]]},"properties":{"h":7.5,"cls":"house"}},{"type":"Feature","geometry":{"type":"Polygon","coordinates":[[[8.423622,50.009871],[8.423564,50.009913],[8.423472,50.009861],[8.423568,50.009791],[8.423598,50.009808],[8.423701,50.009866],[8.423663,50.009894],[8.423622,50.009871]]]},"properties":{"h":7.5,"cls":"house"}},{"type":"Feature","geometry":{"type":"Polygon","coordinates":[[[8.42347,50.009062],[8.423377,50.008999],[8.423461,50.008948],[8.423554,50.009011],[8.42347,50.009062]]]},"properties":{"h":6.0,"cls":"house"}},{"type":"Feature","geometry":{"type":"Polygon","coordinates":[[[8.423172,50.008986],[8.423038,50.009113],[8.422882,50.009045],[8.423016,50.008918],[8.423172,50.008986]]]},"properties":{"h":7.3}},{"type":"Feature","geometry":{"type":"Polygon","coordinates":[[[8.423388,50.008878],[8.423309,50.008933],[8.423198,50.008868],[8.423248,50.008833],[8.423271,50.008846],[8.423301,50.008826],[8.423388,50.008878]]]},"properties":{"h":5.3,"cls":"house"}},{"type":"Feature","geometry":{"type":"Polygon","coordinates":[[[8.423496,50.008808],[8.423419,50.008857],[8.423303,50.008781],[8.423343,50.008755],[8.423378,50.008778],[8.423414,50.008755],[8.423496,50.008808]]]},"properties":{"h":6.5,"cls":"house"}},{"type":"Feature","geometry":{"type":"Polygon","coordinates":[[[8.422939,50.008865],[8.422845,50.008919],[8.422748,50.008851],[8.422842,50.008796],[8.422939,50.008865]]]},"properties":{"h":7.5,"cls":"house"}},{"type":"Feature","geometry":{"type":"Polygon","coordinates":[[[8.422789,50.00896],[8.422706,50.009012],[8.422619,50.008954],[8.422703,50.008902],[8.422789,50.00896]]]},"properties":{"h":7.5,"cls":"house"}},{"type":"Feature","geometry":{"type":"Polygon","coordinates":[[[8.4225,50.009027],[8.422581,50.008976],[8.42267,50.009035],[8.42259,50.009086],[8.4225,50.009027]]]},"properties":{"h":7.5,"cls":"house"}},{"type":"Feature","geometry":{"type":"Polygon","coordinates":[[[8.422841,50.009165],[8.422763,50.009111],[8.422845,50.009062],[8.422923,50.009117],[8.422841,50.009165]]]},"properties":{"h":5.0,"cls":"house"}},{"type":"Feature","geometry":{"type":"Polygon","coordinates":[[[8.423296,50.009133],[8.423174,50.009202],[8.423091,50.009141],[8.423213,50.009072],[8.423296,50.009133]]]},"properties":{"h":7.0}},{"type":"Feature","geometry":{"type":"Polygon","coordinates":[[[8.423373,50.009188],[8.423477,50.00926],[8.423388,50.009314],[8.4233,50.009254],[8.423285,50.009244],[8.423373,50.009188]]]},"properties":{"h":7.0}},{"type":"Feature","geometry":{"type":"Polygon","coordinates":[[[8.423138,50.009255],[8.423307,50.009146],[8.423373,50.009188],[8.423285,50.009244],[8.4233,50.009254],[8.423219,50.009306],[8.423192,50.009291],[8.423138,50.009255]]]},"properties":{"h":7.0}},{"type":"Feature","geometry":{"type":"Polygon","coordinates":[[[8.42273,50.009245],[8.422645,50.009189],[8.422726,50.009138],[8.422811,50.009194],[8.42273,50.009245]]]},"properties":{"h":6.4,"cls":"house"}},{"type":"Feature","geometry":{"type":"Polygon","coordinates":[[[8.42269,50.009273],[8.422609,50.009322],[8.422525,50.009264],[8.422606,50.009215],[8.42269,50.009273]]]},"properties":{"h":2.9,"cls":"house"}},{"type":"Feature","geometry":{"type":"Polygon","coordinates":[[[8.422241,50.009211],[8.422325,50.009268],[8.422236,50.009323],[8.422152,50.009266],[8.422241,50.009211]]]},"properties":{"h":5.0,"cls":"house"}},{"type":"Feature","geometry":{"type":"Polygon","coordinates":[[[8.42244,50.009196],[8.422349,50.00925],[8.422265,50.009191],[8.422356,50.009138],[8.42244,50.009196]]]},"properties":{"h":7.5,"cls":"house"}},{"type":"Feature","geometry":{"type":"Polygon","coordinates":[[[8.422561,50.009111],[8.422481,50.009162],[8.422388,50.009102],[8.422468,50.009051],[8.422561,50.009111]]]},"properties":{"h":7.5,"cls":"house"}},{"type":"Feature","geometry":{"type":"Polygon","coordinates":[[[8.422203,50.009133],[8.42227,50.009172],[8.42219,50.009229],[8.422122,50.00919],[8.422203,50.009133]]]},"properties":{"h":4.1}},{"type":"Feature","geometry":{"type":"Polygon","coordinates":[[[8.421806,50.009118],[8.421882,50.009071],[8.421973,50.009132],[8.421896,50.009179],[8.421806,50.009118]]]},"properties":{"h":7.5,"cls":"house"}},{"type":"Feature","geometry":{"type":"Polygon","coordinates":[[[8.422092,50.009129],[8.422063,50.00915],[8.422018,50.009124],[8.422047,50.009103],[8.422092,50.009129]]]},"properties":{"h":2.6}},{"type":"Feature","geometry":{"type":"Polygon","coordinates":[[[8.421805,50.009236],[8.421714,50.009175],[8.421806,50.009118],[8.421896,50.009179],[8.421805,50.009236]]]},"properties":{"h":7.5,"cls":"house"}},{"type":"Feature","geometry":{"type":"Polygon","coordinates":[[[8.422051,50.009242],[8.422215,50.00934],[8.422129,50.009399],[8.422034,50.009342],[8.422066,50.009321],[8.421997,50.00928],[8.422051,50.009242]]]},"properties":{"h":7.5,"cls":"house"}},{"type":"Feature","geometry":{"type":"Polygon","coordinates":[[[8.42151,50.00926],[8.42159,50.009231],[8.421637,50.009318],[8.421654,50.009344],[8.421574,50.009371],[8.42151,50.00926]]]},"properties":{"h":7.5,"cls":"house"}},{"type":"Feature","geometry":{"type":"Polygon","coordinates":[[[8.421715,50.009229],[8.421739,50.009282],[8.421637,50.009318],[8.42159,50.009231],[8.421673,50.009195],[8.421693,50.009237],[8.421715,50.009229]]]},"properties":{"h":7.5,"cls":"house"}},{"type":"Feature","geometry":{"type":"Polygon","coordinates":[[[8.421231,50.009288],[8.421184,50.009329],[8.421025,50.009228],[8.421075,50.009184],[8.421144,50.00923],[8.421193,50.009192],[8.421233,50.009218],[8.421179,50.009255],[8.421231,50.009288]]]},"properties":{"h":7.5,"cls":"house"}},{"type":"Feature","geometry":{"type":"Polygon","coordinates":[[[8.421018,50.00901],[8.421173,50.009112],[8.421014,50.009212],[8.420787,50.009064],[8.420887,50.009],[8.420959,50.009047],[8.421018,50.00901]]]},"properties":{"h":5.4}},{"type":"Feature","geometry":{"type":"Polygon","coordinates":[[[8.421405,50.009],[8.421499,50.009063],[8.421415,50.009115],[8.421322,50.009052],[8.421352,50.009033],[8.421405,50.009]]]},"properties":{"h":7.5,"cls":"house"}},{"type":"Feature","geometry":{"type":"Polygon","coordinates":[[[8.421415,50.009115],[8.421338,50.009162],[8.421244,50.0091],[8.421297,50.009067],[8.421322,50.009052],[8.421415,50.009115]]]},"properties":{"h":7.5,"cls":"house"}},{"type":"Feature","geometry":{"type":"Polygon","coordinates":[[[8.421686,50.009024],[8.421614,50.009068],[8.421454,50.008957],[8.421525,50.008914],[8.421686,50.009024]]]},"properties":{"h":7.5,"cls":"house"}},{"type":"Feature","geometry":{"type":"Polygon","coordinates":[[[8.421525,50.008914],[8.421596,50.008872],[8.421757,50.008982],[8.421686,50.009024],[8.421525,50.008914]]]},"properties":{"h":7.5,"cls":"house"}},{"type":"Feature","geometry":{"type":"Polygon","coordinates":[[[8.421207,50.009008],[8.421263,50.008973],[8.421352,50.009033],[8.421322,50.009052],[8.421297,50.009067],[8.421207,50.009008]]]},"properties":{"h":7.5,"cls":"house"}},{"type":"Feature","geometry":{"type":"Polygon","coordinates":[[[8.421485,50.008776],[8.421377,50.008827],[8.421331,50.008787],[8.421439,50.008736],[8.421485,50.008776]]]},"properties":{"h":2.8}},{"type":"Feature","geometry":{"type":"Polygon","coordinates":[[[8.421902,50.008795],[8.422001,50.008862],[8.421912,50.008916],[8.421813,50.008849],[8.421902,50.008795]]]},"properties":{"h":7.5,"cls":"house"}},{"type":"Feature","geometry":{"type":"Polygon","coordinates":[[[8.421912,50.008916],[8.421844,50.008958],[8.421687,50.008851],[8.421755,50.008809],[8.421813,50.008849],[8.421912,50.008916]]]},"properties":{"h":7.5,"cls":"house"}},{"type":"Feature","geometry":{"type":"Polygon","coordinates":[[[8.422022,50.009102],[8.421927,50.009037],[8.422019,50.008981],[8.422115,50.009046],[8.422022,50.009102]]]},"properties":{"h":7.5,"cls":"house"}},{"type":"Feature","geometry":{"type":"Polygon","coordinates":[[[8.422019,50.008981],[8.422104,50.00893],[8.422199,50.008996],[8.422115,50.009046],[8.422019,50.008981]]]},"properties":{"h":7.5,"cls":"house"}},{"type":"Feature","geometry":{"type":"Polygon","coordinates":[[[8.422329,50.009048],[8.422289,50.009067],[8.422233,50.00902],[8.422273,50.009001],[8.422329,50.009048]]]},"properties":{"h":2.6}},{"type":"Feature","geometry":{"type":"Polygon","coordinates":[[[8.422331,50.008924],[8.422202,50.008835],[8.422304,50.008773],[8.422335,50.008795],[8.422348,50.008787],[8.422417,50.008834],[8.422399,50.008845],[8.422429,50.008865],[8.422331,50.008924]]]},"properties":{"h":5.5,"cls":"house"}},{"type":"Feature","geometry":{"type":"Polygon","coordinates":[[[8.422119,50.008659],[8.422213,50.00872],[8.422135,50.00877],[8.422041,50.008709],[8.422071,50.00869],[8.422119,50.008659]]]},"properties":{"h":9.0,"cls":"residential"}},{"type":"Feature","geometry":{"type":"Polygon","coordinates":[[[8.422341,50.008646],[8.422197,50.008549],[8.422313,50.008478],[8.422457,50.008575],[8.422341,50.008646]]]},"properties":{"h":4.0,"cls":"residential"}},{"type":"Feature","geometry":{"type":"Polygon","coordinates":[[[8.421841,50.008578],[8.42177,50.008598],[8.421753,50.008572],[8.421824,50.008552],[8.421841,50.008578]]]},"properties":{"h":1.4}},{"type":"Feature","geometry":{"type":"Polygon","coordinates":[[[8.421865,50.008742],[8.421809,50.008703],[8.421858,50.008674],[8.421914,50.008713],[8.421865,50.008742]]]},"properties":{"h":2.0}},{"type":"Feature","geometry":{"type":"Polygon","coordinates":[[[8.422005,50.008732],[8.421888,50.008656],[8.421955,50.008614],[8.422071,50.00869],[8.422041,50.008709],[8.422005,50.008732]]]},"properties":{"h":7.0}},{"type":"Feature","geometry":{"type":"Polygon","coordinates":[[[8.422135,50.00877],[8.422055,50.008821],[8.421961,50.00876],[8.422005,50.008732],[8.422041,50.008709],[8.422135,50.00877]]]},"properties":{"h":9.0,"cls":"residential"}},{"type":"Feature","geometry":{"type":"Polygon","coordinates":[[[8.421902,50.008491],[8.421978,50.008436],[8.422105,50.008509],[8.42203,50.008564],[8.421902,50.008491]]]},"properties":{"h":3.8}},{"type":"Feature","geometry":{"type":"Polygon","coordinates":[[[8.422127,50.008456],[8.422043,50.008395],[8.422144,50.008337],[8.422229,50.008398],[8.422127,50.008456]]]},"properties":{"h":5.6,"cls":"residential"}},{"type":"Feature","geometry":{"type":"Polygon","coordinates":[[[8.422754,50.008346],[8.422648,50.008405],[8.422499,50.008296],[8.422605,50.008236],[8.422754,50.008346]]]},"properties":{"h":9.0,"cls":"residential"}},{"type":"Feature","geometry":{"type":"Polygon","coordinates":[[[8.423155,50.00847],[8.423099,50.008432],[8.423232,50.00835],[8.423289,50.008388],[8.423155,50.00847]]]},"properties":{"h":5.6,"cls":"house"}},{"type":"Feature","geometry":{"type":"Polygon","coordinates":[[[8.423369,50.008485],[8.423288,50.00843],[8.423392,50.008367],[8.423473,50.008422],[8.423369,50.008485]]]},"properties":{"h":5.7,"cls":"house"}},{"type":"Feature","geometry":{"type":"Polygon","coordinates":[[[8.422832,50.008575],[8.422768,50.008525],[8.422977,50.008412],[8.423042,50.008462],[8.42293,50.008522],[8.422832,50.008575]]]},"properties":{"h":7.5,"cls":"house"}},{"type":"Feature","geometry":{"type":"Polygon","coordinates":[[[8.42293,50.008522],[8.423007,50.008581],[8.42291,50.008634],[8.422832,50.008575],[8.42293,50.008522]]]},"properties":{"h":7.5,"cls":"house"}},{"type":"Feature","geometry":{"type":"Polygon","coordinates":[[[8.422449,50.008727],[8.422465,50.008717],[8.422418,50.008687],[8.422534,50.008613],[8.42277,50.008765],[8.422638,50.00885],[8.422449,50.008727]]]},"properties":{"h":3.7}},{"type":"Feature","geometry":{"type":"Polygon","coordinates":[[[8.423098,50.008701],[8.423208,50.008639],[8.423278,50.008692],[8.423111,50.008785],[8.423024,50.008721],[8.423082,50.008688],[8.423098,50.008701]]]},"properties":{"h":7.2,"cls":"house"}},{"type":"Feature","geometry":{"type":"Polygon","coordinates":[[[8.423087,50.008643],[8.42299,50.008695],[8.42291,50.008634],[8.423007,50.008581],[8.423087,50.008643]]]},"properties":{"h":7.5,"cls":"house"}},{"type":"Feature","geometry":{"type":"Polygon","coordinates":[[[8.423143,50.008612],[8.423205,50.008565],[8.423242,50.008585],[8.42318,50.008632],[8.423143,50.008612]]]},"properties":{"h":2.1}},{"type":"Feature","geometry":{"type":"Polygon","coordinates":[[[8.423185,50.008555],[8.423139,50.008579],[8.423095,50.008544],[8.423141,50.00852],[8.423185,50.008555]]]},"properties":{"h":2.6}},{"type":"Feature","geometry":{"type":"Polygon","coordinates":[[[8.423612,50.008736],[8.423528,50.008787],[8.42342,50.008715],[8.423462,50.00869],[8.423487,50.008707],[8.42353,50.00868],[8.423612,50.008736]]]},"properties":{"h":6.6,"cls":"house"}},{"type":"Feature","geometry":{"type":"Polygon","coordinates":[[[8.423527,50.008561],[8.423452,50.008506],[8.423538,50.008457],[8.423565,50.008477],[8.42358,50.008469],[8.423628,50.008504],[8.423527,50.008561]]]},"properties":{"h":5.6,"cls":"house"}},{"type":"Feature","geometry":{"type":"Polygon","coordinates":[[[8.422065,50.007073],[8.421755,50.007272],[8.421468,50.007093],[8.421791,50.006892],[8.422065,50.007073]]]},"properties":{"h":12.0,"cls":"apartments"}},{"type":"Feature","geometry":{"type":"Polygon","coordinates":[[[8.423598,50.00818],[8.423467,50.008258],[8.423355,50.008181],[8.423452,50.008123],[8.423471,50.008136],[8.423505,50.008115],[8.423598,50.00818]]]},"properties":{"h":7.5,"cls":"house"}},{"type":"Feature","geometry":{"type":"Polygon","coordinates":[[[8.423355,50.008181],[8.42327,50.008122],[8.423368,50.008064],[8.423452,50.008123],[8.423355,50.008181]]]},"properties":{"h":7.5,"cls":"house"}},{"type":"Feature","geometry":{"type":"Polygon","coordinates":[[[8.422894,50.008021],[8.422806,50.008086],[8.422682,50.008016],[8.42277,50.007952],[8.422894,50.008021]]]},"properties":{"h":9.0,"cls":"residential"}},{"type":"Feature","geometry":{"type":"Polygon","coordinates":[[[8.423378,50.007948],[8.423315,50.007988],[8.423227,50.007929],[8.423311,50.007877],[8.423382,50.007923],[8.42336,50.007937],[8.423378,50.007948]]]},"properties":{"h":7.5,"cls":"house"}},{"type":"Feature","geometry":{"type":"Polygon","coordinates":[[[8.423311,50.007877],[8.423227,50.007929],[8.423127,50.007864],[8.42319,50.007825],[8.423208,50.007836],[8.423229,50.007823],[8.423311,50.007877]]]},"properties":{"h":7.5,"cls":"house"}},{"type":"Feature","geometry":{"type":"Polygon","coordinates":[[[8.422989,50.007842],[8.423072,50.00788],[8.423067,50.007885],[8.423074,50.007888],[8.423027,50.00793],[8.422937,50.007888],[8.422989,50.007842]]]},"properties":{"h":2.3}},{"type":"Feature","geometry":{"type":"Polygon","coordinates":[[[8.423034,50.007792],[8.422954,50.007738],[8.423037,50.007687],[8.423118,50.007741],[8.423034,50.007792]]]},"properties":{"h":5.2,"cls":"house"}},{"type":"Feature","geometry":{"type":"Polygon","coordinates":[[[8.423127,50.007864],[8.423052,50.007815],[8.423141,50.007759],[8.423216,50.007808],[8.42319,50.007825],[8.423127,50.007864]]]},"properties":{"h":7.5,"cls":"house"}},{"type":"Feature","geometry":{"type":"Polygon","coordinates":[[[8.422593,50.007517],[8.422506,50.00746],[8.422605,50.007398],[8.422692,50.007455],[8.422593,50.007517]]]},"properties":{"h":3.8,"cls":"house"}},{"type":"Feature","geometry":{"type":"Polygon","coordinates":[[[8.422764,50.007637],[8.422657,50.007566],[8.422764,50.0075],[8.422871,50.007572],[8.422764,50.007637]]]},"properties":{"h":5.6,"cls":"house"}},{"type":"Feature","geometry":{"type":"Polygon","coordinates":[[[8.423003,50.007656],[8.422907,50.007717],[8.422828,50.007666],[8.422924,50.007605],[8.423003,50.007656]]]},"properties":{"h":5.7,"cls":"house"}},{"type":"Feature","geometry":{"type":"Polygon","coordinates":[[[8.422105,50.007618],[8.422068,50.007585],[8.422115,50.007563],[8.422144,50.007589],[8.42219,50.007567],[8.422215,50.007589],[8.422183,50.007604],[8.422224,50.007641],[8.422146,50.007677],[8.422089,50.007625],[8.422105,50.007618]]]},"properties":{"h":3.6}},{"type":"Feature","geometry":{"type":"Polygon","coordinates":[[[8.42208,50.007629],[8.421962,50.007703],[8.421819,50.007608],[8.421937,50.007535],[8.42208,50.007629]]]},"properties":{"h":5.6,"cls":"house"}},{"type":"Feature","geometry":{"type":"Polygon","coordinates":[[[8.422496,50.007395],[8.42234,50.007489],[8.422181,50.007379],[8.422337,50.007285],[8.422496,50.007395]]]},"properties":{"h":5.3,"cls":"house"}},{"type":"Feature","geometry":{"type":"Polygon","coordinates":[[[8.422046,50.007345],[8.421912,50.007263],[8.422052,50.007169],[8.422186,50.007251],[8.422046,50.007345]]]},"properties":{"h":4.8,"cls":"house"}},{"type":"Feature","geometry":{"type":"Polygon","coordinates":[[[8.420939,50.007527],[8.42087,50.007576],[8.420807,50.00754],[8.420876,50.00749],[8.420939,50.007527]]]},"properties":{"h":1.4}},{"type":"Feature","geometry":{"type":"Polygon","coordinates":[[[8.422199,50.00774],[8.422103,50.007799],[8.422026,50.007747],[8.422121,50.007688],[8.422199,50.00774]]]},"properties":{"h":4.8,"cls":"house"}},{"type":"Feature","geometry":{"type":"Polygon","coordinates":[[[8.42222,50.007963],[8.42213,50.007905],[8.422222,50.007846],[8.422311,50.007904],[8.42222,50.007963]]]},"properties":{"h":4.7,"cls":"house"}},{"type":"Feature","geometry":{"type":"Polygon","coordinates":[[[8.422339,50.00812],[8.422249,50.008065],[8.422337,50.008005],[8.422428,50.00806],[8.422339,50.00812]]]},"properties":{"h":7.5,"cls":"house"}},{"type":"Feature","geometry":{"type":"Polygon","coordinates":[[[8.422499,50.008296],[8.422391,50.008216],[8.422498,50.008156],[8.422605,50.008236],[8.422499,50.008296]]]},"properties":{"h":9.0,"cls":"residential"}},{"type":"Feature","geometry":{"type":"Polygon","coordinates":[[[8.420255,50.007017],[8.420136,50.006952],[8.420265,50.006855],[8.420384,50.00692],[8.420255,50.007017]]]},"properties":{"h":6.6}},{"type":"Feature","geometry":{"type":"Polygon","coordinates":[[[8.420283,50.007102],[8.420231,50.007134],[8.420125,50.007061],[8.420177,50.00703],[8.420283,50.007102]]]},"properties":{"h":2.9}},{"type":"Feature","geometry":{"type":"Polygon","coordinates":[[[8.420097,50.007361],[8.41939,50.006993],[8.419475,50.006925],[8.419977,50.007186],[8.420006,50.007163],[8.420212,50.00727],[8.420097,50.007361]]]},"properties":{"h":5.2}},{"type":"Feature","geometry":{"type":"Polygon","coordinates":[[[8.419131,50.007027],[8.419067,50.006998],[8.419109,50.006959],[8.419173,50.006988],[8.419131,50.007027]]]},"properties":{"h":0.6}},{"type":"Feature","geometry":{"type":"Polygon","coordinates":[[[8.419772,50.006798],[8.419617,50.006974],[8.419308,50.006838],[8.419558,50.006576],[8.419767,50.00665],[8.419665,50.00675],[8.419772,50.006798]]]},"properties":{"h":8.0,"cls":"kindergarten"}},{"type":"Feature","geometry":{"type":"Polygon","coordinates":[[[8.417565,50.006316],[8.417528,50.006298],[8.417789,50.00607],[8.417929,50.006102],[8.417984,50.006128],[8.417687,50.006388],[8.417666,50.006377],[8.417631,50.006408],[8.41752,50.006355],[8.417565,50.006316]]]},"properties":{"h":8.0,"cls":"commercial"}},{"type":"Feature","geometry":{"type":"Polygon","coordinates":[[[8.415725,50.006899],[8.415964,50.006971],[8.415925,50.007024],[8.415687,50.006951],[8.415725,50.006899]]]},"properties":{"h":7.0}},{"type":"Feature","geometry":{"type":"Polygon","coordinates":[[[8.41752,50.006355],[8.417631,50.006408],[8.41765,50.006417],[8.417502,50.006546],[8.417265,50.006435],[8.417247,50.006451],[8.41729,50.006471],[8.417261,50.006496],[8.417247,50.00649],[8.416983,50.006721],[8.417004,50.006731],[8.416941,50.006786],[8.416848,50.006867],[8.416641,50.006769],[8.417301,50.006191],[8.417528,50.006298],[8.417565,50.006316],[8.41752,50.006355]]]},"properties":{"h":9.8,"cls":"commercial"}},{"type":"Feature","geometry":{"type":"Polygon","coordinates":[[[8.416706,50.006381],[8.416805,50.006428],[8.416728,50.006495],[8.416629,50.006448],[8.416706,50.006381]]]},"properties":{"h":4.1}},{"type":"Feature","geometry":{"type":"Polygon","coordinates":[[[8.416948,50.006359],[8.417021,50.006396],[8.416846,50.006543],[8.416763,50.006514],[8.416893,50.006405],[8.416948,50.006359]]]},"properties":{"h":7.0}},{"type":"Feature","geometry":{"type":"Polygon","coordinates":[[[8.417021,50.006396],[8.416948,50.006359],[8.416972,50.006339],[8.417007,50.006356],[8.417047,50.006324],[8.417085,50.006343],[8.417021,50.006396]]]},"properties":{"h":3.2}},{"type":"Feature","geometry":{"type":"Polygon","coordinates":[[[8.416972,50.006339],[8.416948,50.006359],[8.416819,50.006294],[8.416963,50.006173],[8.417094,50.006235],[8.416972,50.006339]]]},"properties":{"h":3.6}},{"type":"Feature","geometry":{"type":"Polygon","coordinates":[[[8.417094,50.006235],[8.416963,50.006173],[8.417055,50.006092],[8.417123,50.006124],[8.41711,50.006136],[8.417173,50.006165],[8.417094,50.006235]]]},"properties":{"h":6.3}},{"type":"Feature","geometry":{"type":"Polygon","coordinates":[[[8.416948,50.006359],[8.416893,50.006405],[8.416763,50.00634],[8.416819,50.006294],[8.416948,50.006359]]]},"properties":{"h":7.0}},{"type":"Feature","geometry":{"type":"Polygon","coordinates":[[[8.416394,50.006371],[8.416353,50.006415],[8.416269,50.006383],[8.416311,50.006339],[8.416394,50.006371]]]},"properties":{"h":3.2}},{"type":"Feature","geometry":{"type":"Polygon","coordinates":[[[8.416461,50.006341],[8.416417,50.006377],[8.416354,50.006346],[8.416398,50.00631],[8.416461,50.006341]]]},"properties":{"h":3.0,"cls":"garage"}},{"type":"Feature","geometry":{"type":"Polygon","coordinates":[[[8.416499,50.006144],[8.416588,50.006187],[8.416489,50.006271],[8.416446,50.00625],[8.416371,50.006315],[8.416284,50.006273],[8.416412,50.006163],[8.416453,50.006183],[8.416499,50.006144]]]},"properties":{"h":7.0}},{"type":"Feature","geometry":{"type":"Polygon","coordinates":[[[8.416215,50.006117],[8.416289,50.006153],[8.416278,50.006163],[8.416286,50.006167],[8.416249,50.0062],[8.416241,50.006196],[8.416205,50.006228],[8.416129,50.006191],[8.416215,50.006117]]]},"properties":{"h":7.0}},{"type":"Feature","geometry":{"type":"Polygon","coordinates":[[[8.415942,50.006156],[8.415874,50.006124],[8.415912,50.006092],[8.416043,50.006155],[8.416006,50.006187],[8.415942,50.006156]]]},"properties":{"h":3.2,"cls":"semidetached_house"}},{"type":"Feature","geometry":{"type":"Polygon","coordinates":[[[8.415874,50.006124],[8.415942,50.006156],[8.415924,50.006171],[8.415857,50.006139],[8.415874,50.006124]]]},"properties":{"h":3.0,"cls":"garage"}},{"type":"Feature","geometry":{"type":"Polygon","coordinates":[[[8.41593,50.00619],[8.415897,50.00622],[8.415779,50.006177],[8.415808,50.006143],[8.41593,50.00619]]]},"properties":{"h":3.2}},{"type":"Feature","geometry":{"type":"Polygon","coordinates":[[[8.415629,50.006194],[8.415699,50.006223],[8.41566,50.006262],[8.415633,50.006251],[8.415595,50.006288],[8.415552,50.00627],[8.415629,50.006194]]]},"properties":{"h":2.0}},{"type":"Feature","geometry":{"type":"Polygon","coordinates":[[[8.41593,50.00619],[8.416033,50.006229],[8.41588,50.006362],[8.415791,50.006315],[8.415897,50.00622],[8.41593,50.00619]]]},"properties":{"h":7.0}},{"type":"Feature","geometry":{"type":"Polygon","coordinates":[[[8.416331,50.006485],[8.416324,50.006482],[8.416293,50.006516],[8.416168,50.006468],[8.416199,50.006435],[8.416193,50.006433],[8.416184,50.006413],[8.416215,50.006407],[8.416222,50.00641],[8.416252,50.006377],[8.416269,50.006383],[8.416353,50.006415],[8.416377,50.006424],[8.416347,50.006458],[8.416354,50.006461],[8.416362,50.00648],[8.416331,50.006485]]]},"properties":{"h":7.0}},{"type":"Feature","geometry":{"type":"Polygon","coordinates":[[[8.415403,50.006605],[8.415329,50.006704],[8.415204,50.006666],[8.415277,50.006566],[8.415403,50.006605]]]},"properties":{"h":3.1}},{"type":"Feature","geometry":{"type":"Polygon","coordinates":[[[8.415577,50.006211],[8.415522,50.006262],[8.415251,50.006144],[8.415306,50.006092],[8.415577,50.006211]]]},"properties":{"h":3.8}},{"type":"Feature","geometry":{"type":"Polygon","coordinates":[[[8.414152,50.006116],[8.414134,50.00614],[8.414062,50.006117],[8.414081,50.006093],[8.414152,50.006116]]]},"properties":{"h":3.2}},{"type":"Feature","geometry":{"type":"Polygon","coordinates":[[[8.414134,50.00614],[8.414154,50.006148],[8.414122,50.006188],[8.414011,50.006152],[8.414043,50.006111],[8.414062,50.006117],[8.414134,50.00614]]]},"properties":{"h":3.2}},{"type":"Feature","geometry":{"type":"Polygon","coordinates":[[[8.415444,50.007895],[8.414171,50.00751],[8.414781,50.006677],[8.415687,50.006951],[8.415925,50.007024],[8.416054,50.007063],[8.415444,50.007895]]]},"properties":{"h":8.7,"cls":"warehouse"}},{"type":"Feature","geometry":{"type":"Polygon","coordinates":[[[8.415418,50.008261],[8.415515,50.008129],[8.415634,50.008166],[8.415693,50.008085],[8.415856,50.008135],[8.4157,50.008347],[8.415468,50.008276],[8.415418,50.008261]]]},"properties":{"h":7.0}},{"type":"Feature","geometry":{"type":"Polygon","coordinates":[[[8.415387,50.008302],[8.415222,50.008252],[8.415374,50.008046],[8.415539,50.008096],[8.415515,50.008129],[8.415418,50.008261],[8.415387,50.008302]]]},"properties":{"h":7.0}},{"type":"Feature","geometry":{"type":"Polygon","coordinates":[[[8.414031,50.008488],[8.413995,50.008261],[8.413606,50.008142],[8.413692,50.008027],[8.413979,50.008115],[8.41396,50.007931],[8.414139,50.007929],[8.414161,50.008117],[8.414416,50.007999],[8.414523,50.008096],[8.41418,50.008246],[8.414212,50.00848],[8.414031,50.008488]]]},"properties":{"h":11.8,"cls":"commercial"}},{"type":"Feature","geometry":{"type":"Polygon","coordinates":[[[8.413491,50.00833],[8.413245,50.008271],[8.413377,50.008046],[8.413348,50.00799],[8.413391,50.007916],[8.41349,50.007895],[8.4136,50.007922],[8.413638,50.007995],[8.413633,50.008003],[8.413642,50.00802],[8.413626,50.008046],[8.41364,50.008074],[8.413491,50.00833]]]},"properties":{"h":5.2}},{"type":"Feature","geometry":{"type":"Polygon","coordinates":[[[8.412282,50.007659],[8.412034,50.007582],[8.412116,50.007473],[8.412566,50.007612],[8.412494,50.007707],[8.412433,50.007688],[8.412372,50.00777],[8.412754,50.007888],[8.412676,50.007992],[8.412228,50.007854],[8.412257,50.007815],[8.412182,50.007792],[8.412282,50.007659]]]},"properties":{"h":15.5}},{"type":"Feature","geometry":{"type":"Polygon","coordinates":[[[8.413059,50.008056],[8.412919,50.008018],[8.412996,50.007903],[8.413136,50.007942],[8.413059,50.008056]]]},"properties":{"h":3.9}},{"type":"Feature","geometry":{"type":"Polygon","coordinates":[[[8.413491,50.007392],[8.413292,50.007337],[8.413522,50.006991],[8.413721,50.007046],[8.413491,50.007392]]]},"properties":{"h":8.4,"cls":"commercial"}},{"type":"Feature","geometry":{"type":"Polygon","coordinates":[[[8.412631,50.007386],[8.41234,50.007283],[8.412576,50.007007],[8.412867,50.00711],[8.412631,50.007386]]]},"properties":{"h":7.4,"cls":"house"}},{"type":"Feature","geometry":{"type":"Polygon","coordinates":[[[8.411439,50.00736],[8.411482,50.007311],[8.411546,50.007274],[8.411625,50.007251],[8.411711,50.007245],[8.411796,50.007257],[8.411871,50.007285],[8.411929,50.007326],[8.411964,50.007377],[8.411973,50.007433],[8.411951,50.007493],[8.411899,50.007544],[8.411822,50.007581],[8.411731,50.007599],[8.411635,50.007596],[8.411547,50.007572],[8.411477,50.00753],[8.411433,50.007475],[8.411421,50.007414],[8.411439,50.00736]]]},"properties":{"h":6.2}},{"type":"Feature","geometry":{"type":"Polygon","coordinates":[[[8.407603,50.008184],[8.407605,50.008149],[8.407699,50.008152],[8.407697,50.008186],[8.407603,50.008184]]]},"properties":{"h":2.5}},{"type":"Feature","geometry":{"type":"Polygon","coordinates":[[[8.406978,50.007826],[8.406968,50.007867],[8.4069,50.00786],[8.40691,50.007819],[8.406978,50.007826]]]},"properties":{"h":2.8}},{"type":"Feature","geometry":{"type":"Polygon","coordinates":[[[8.407491,50.007844],[8.407493,50.00781],[8.40756,50.007812],[8.407558,50.007845],[8.407491,50.007844]]]},"properties":{"h":2.0}},{"type":"Feature","geometry":{"type":"Polygon","coordinates":[[[8.407815,50.007583],[8.407753,50.007584],[8.407751,50.007538],[8.407717,50.007539],[8.407715,50.007497],[8.407812,50.007495],[8.407815,50.007583]]]},"properties":{"h":3.1}},{"type":"Feature","geometry":{"type":"Polygon","coordinates":[[[8.407657,50.007591],[8.407566,50.007589],[8.407568,50.007545],[8.407659,50.007547],[8.407657,50.007591]]]},"properties":{"h":2.9}},{"type":"Feature","geometry":{"type":"Polygon","coordinates":[[[8.407169,50.007101],[8.407098,50.00709],[8.407124,50.00702],[8.407195,50.007031],[8.407169,50.007101]]]},"properties":{"h":3.2}},{"type":"Feature","geometry":{"type":"Polygon","coordinates":[[[8.407739,50.006963],[8.407738,50.007015],[8.407515,50.007012],[8.407516,50.006983],[8.407639,50.006984],[8.40764,50.006962],[8.407739,50.006963]]]},"properties":{"h":2.7}},{"type":"Feature","geometry":{"type":"Polygon","coordinates":[[[8.411273,50.006383],[8.411198,50.006485],[8.410917,50.0064],[8.410959,50.006343],[8.410902,50.006326],[8.410885,50.006348],[8.410909,50.006356],[8.410892,50.006379],[8.410806,50.006352],[8.410872,50.006262],[8.411273,50.006383]]]},"properties":{"h":2.5}},{"type":"Feature","geometry":{"type":"Polygon","coordinates":[[[8.411222,50.00664],[8.410809,50.007113],[8.410423,50.006974],[8.410836,50.006501],[8.411222,50.00664]]]},"properties":{"h":7.2}},{"type":"Feature","geometry":{"type":"Polygon","coordinates":[[[8.411744,50.00714],[8.411496,50.007052],[8.412124,50.006319],[8.412278,50.006374],[8.412053,50.006636],[8.412371,50.006748],[8.412067,50.007102],[8.411844,50.007023],[8.411744,50.00714]]]},"properties":{"h":9.5,"cls":"industrial"}},{"type":"Feature","geometry":{"type":"Polygon","coordinates":[[[8.413142,50.00704],[8.412747,50.006899],[8.41289,50.006734],[8.413285,50.006875],[8.413142,50.00704]]]},"properties":{"h":8.6,"cls":"house","site":"hq-schieferstein"}},{"type":"Feature","geometry":{"type":"Polygon","coordinates":[[[8.412728,50.006214],[8.412806,50.006241],[8.412757,50.006299],[8.412679,50.006272],[8.412728,50.006214]]]},"properties":{"h":3.7}},{"type":"Feature","geometry":{"type":"Polygon","coordinates":[[[8.412522,50.006217],[8.412657,50.006266],[8.412639,50.006287],[8.412621,50.00628],[8.41257,50.00634],[8.412469,50.006304],[8.412502,50.006266],[8.412486,50.00626],[8.412522,50.006217]]]},"properties":{"h":5.8}},{"type":"Feature","geometry":{"type":"Polygon","coordinates":[[[8.413512,50.006067],[8.413535,50.006011],[8.413471,50.00599],[8.413583,50.005844],[8.413904,50.005946],[8.413792,50.006093],[8.413784,50.006111],[8.413512,50.006067]]]},"properties":{"h":6.2,"cls":"commercial"}},{"type":"Feature","geometry":{"type":"Polygon","coordinates":[[[8.41332,50.005794],[8.413468,50.005841],[8.413317,50.006037],[8.413166,50.005989],[8.413223,50.005915],[8.413157,50.005894],[8.413191,50.00585],[8.41326,50.005872],[8.41332,50.005794]]]},"properties":{"h":8.7,"cls":"commercial"}},{"type":"Feature","geometry":{"type":"Polygon","coordinates":[[[8.41351,50.005581],[8.413454,50.005657],[8.413289,50.005608],[8.413345,50.005531],[8.41351,50.005581]]]},"properties":{"h":2.7}},{"type":"Feature","geometry":{"type":"Polygon","coordinates":[[[8.413839,50.005386],[8.413659,50.005334],[8.413692,50.005286],[8.413872,50.005337],[8.413851,50.005368],[8.413839,50.005386]]]},"properties":{"h":3.2}},{"type":"Feature","geometry":{"type":"Polygon","coordinates":[[[8.413619,50.005323],[8.413466,50.005284],[8.413494,50.005238],[8.413648,50.005277],[8.413619,50.005323]]]},"properties":{"h":7.0}},{"type":"Feature","geometry":{"type":"Polygon","coordinates":[[[8.413776,50.005242],[8.413614,50.00519],[8.413745,50.005022],[8.414004,50.005106],[8.413931,50.0052],[8.413834,50.005168],[8.413776,50.005242]]]},"properties":{"h":9.3}},{"type":"Feature","geometry":{"type":"Polygon","coordinates":[[[8.413526,50.005207],[8.413419,50.005172],[8.41351,50.005057],[8.413618,50.005093],[8.413526,50.005207]]]},"properties":{"h":3.4}},{"type":"Feature","geometry":{"type":"Polygon","coordinates":[[[8.411342,50.00523],[8.409758,50.006741],[8.407802,50.005893],[8.409386,50.004383],[8.411342,50.00523]]]},"properties":{"h":10.2,"cls":"industrial"}},{"type":"Feature","geometry":{"type":"Polygon","coordinates":[[[8.408747,50.004301],[8.408688,50.004272],[8.408729,50.004237],[8.408789,50.004266],[8.408747,50.004301]]]},"properties":{"h":1.0}},{"type":"Feature","geometry":{"type":"Polygon","coordinates":[[[8.408604,50.004308],[8.408713,50.004296],[8.408732,50.004368],[8.408623,50.00438],[8.408604,50.004308]]]},"properties":{"h":5.6}},{"type":"Feature","geometry":{"type":"Polygon","coordinates":[[[8.411108,50.004193],[8.411028,50.00417],[8.411077,50.004101],[8.411157,50.004124],[8.411108,50.004193]]]},"properties":{"h":3.8}},{"type":"Feature","geometry":{"type":"Polygon","coordinates":[[[8.411122,50.004086],[8.410946,50.004021],[8.411035,50.003922],[8.411211,50.003988],[8.411122,50.004086]]]},"properties":{"h":4.0}},{"type":"Feature","geometry":{"type":"Polygon","coordinates":[[[8.411651,50.003931],[8.411729,50.003971],[8.411761,50.00393],[8.41187,50.003964],[8.411826,50.004021],[8.41187,50.004043],[8.411798,50.004101],[8.411488,50.003942],[8.41156,50.003884],[8.411565,50.003886],[8.411577,50.003873],[8.411674,50.003903],[8.411651,50.003931]]]},"properties":{"h":8.0,"cls":"commercial"}},{"type":"Feature","geometry":{"type":"Polygon","coordinates":[[[8.411702,50.004283],[8.411657,50.004333],[8.411153,50.004149],[8.411198,50.004099],[8.411702,50.004283]]]},"properties":{"h":4.8}},{"type":"Feature","geometry":{"type":"Polygon","coordinates":[[[8.411872,50.004484],[8.411726,50.004434],[8.411783,50.004369],[8.411925,50.004424],[8.411872,50.004484]]]},"properties":{"h":2.8}},{"type":"Feature","geometry":{"type":"Polygon","coordinates":[[[8.412764,50.004809],[8.412525,50.00475],[8.412582,50.004653],[8.412822,50.004711],[8.412764,50.004809]]]},"properties":{"h":6.5}},{"type":"Feature","geometry":{"type":"Polygon","coordinates":[[[8.412767,50.00485],[8.412743,50.004892],[8.412698,50.004881],[8.412723,50.004839],[8.412767,50.00485]]]},"properties":{"h":2.8}},{"type":"Feature","geometry":{"type":"Polygon","coordinates":[[[8.413481,50.005048],[8.413313,50.004994],[8.41339,50.004896],[8.413558,50.00495],[8.413481,50.005048]]]},"properties":{"h":7.2}},{"type":"Feature","geometry":{"type":"Polygon","coordinates":[[[8.413545,50.004668],[8.413487,50.004649],[8.413555,50.00456],[8.413881,50.004662],[8.413809,50.004754],[8.413673,50.00471],[8.413545,50.004668]]]},"properties":{"h":7.0}},{"type":"Feature","geometry":{"type":"Polygon","coordinates":[[[8.413508,50.004717],[8.413545,50.004668],[8.413673,50.00471],[8.413635,50.004758],[8.413508,50.004717]]]},"properties":{"h":7.0}},{"type":"Feature","geometry":{"type":"Polygon","coordinates":[[[8.413179,50.004626],[8.413015,50.004566],[8.413081,50.004492],[8.413245,50.004552],[8.413179,50.004626]]]},"properties":{"h":9.7,"cls":"commercial"}},{"type":"Feature","geometry":{"type":"Polygon","coordinates":[[[8.413881,50.004662],[8.413555,50.00456],[8.413658,50.004432],[8.413981,50.004537],[8.413881,50.004662]]]},"properties":{"h":8.0,"cls":"commercial"}},{"type":"Feature","geometry":{"type":"Polygon","coordinates":[[[8.413384,50.004406],[8.413325,50.004385],[8.413365,50.00434],[8.413423,50.004361],[8.413384,50.004406]]]},"properties":{"h":3.2}},{"type":"Feature","geometry":{"type":"Polygon","coordinates":[[[8.413107,50.004352],[8.413106,50.00442],[8.413011,50.004419],[8.413012,50.004351],[8.413107,50.004352]]]},"properties":{"h":19.6}},{"type":"Feature","geometry":{"type":"Polygon","coordinates":[[[8.412565,50.004331],[8.412492,50.004416],[8.41229,50.004344],[8.412335,50.004292],[8.412353,50.004299],[8.41241,50.004233],[8.412551,50.004283],[8.412522,50.004316],[8.412565,50.004331]]]},"properties":{"h":3.5}},{"type":"Feature","geometry":{"type":"Polygon","coordinates":[[[8.414592,50.004124],[8.414579,50.004145],[8.414523,50.00413],[8.414565,50.004064],[8.414724,50.004106],[8.414695,50.004151],[8.414592,50.004124]]]},"properties":{"h":2.6}},{"type":"Feature","geometry":{"type":"Polygon","coordinates":[[[8.414228,50.0042],[8.414072,50.004146],[8.414151,50.00405],[8.414308,50.004103],[8.414228,50.0042]]]},"properties":{"h":7.0}},{"type":"Feature","geometry":{"type":"Polygon","coordinates":[[[8.413877,50.004405],[8.413717,50.004352],[8.413837,50.004204],[8.413996,50.004258],[8.413877,50.004405]]]},"properties":{"h":5.4}},{"type":"Feature","geometry":{"type":"Polygon","coordinates":[[[8.414258,50.004181],[8.414318,50.004198],[8.414275,50.00426],[8.414236,50.004249],[8.414185,50.004322],[8.414099,50.004297],[8.414152,50.004221],[8.414217,50.00424],[8.414258,50.004181]]]},"properties":{"h":2.1}},{"type":"Feature","geometry":{"type":"Polygon","coordinates":[[[8.414056,50.004471],[8.413926,50.004426],[8.41402,50.004315],[8.41415,50.00436],[8.414056,50.004471]]]},"properties":{"h":5.9}},{"type":"Feature","geometry":{"type":"Polygon","coordinates":[[[8.414638,50.00461],[8.414567,50.004592],[8.414707,50.004362],[8.414778,50.00438],[8.414638,50.00461]]]},"properties":{"h":2.3}},{"type":"Feature","geometry":{"type":"Polygon","coordinates":[[[8.414332,50.004218],[8.414315,50.004242],[8.414382,50.004261],[8.414324,50.004346],[8.414247,50.004325],[8.414333,50.004197],[8.414412,50.004219],[8.414401,50.004237],[8.414332,50.004218]]]},"properties":{"h":1.8}},{"type":"Feature","geometry":{"type":"Polygon","coordinates":[[[8.415289,50.004358],[8.415221,50.004335],[8.415262,50.004287],[8.41533,50.00431],[8.415289,50.004358]]]},"properties":{"h":2.4}},{"type":"Feature","geometry":{"type":"Polygon","coordinates":[[[8.415149,50.004311],[8.41507,50.00428],[8.415109,50.004239],[8.415187,50.00427],[8.415149,50.004311]]]},"properties":{"h":1.7}},{"type":"Feature","geometry":{"type":"Polygon","coordinates":[[[8.414977,50.00425],[8.415028,50.004166],[8.415073,50.004177],[8.415022,50.004261],[8.414977,50.00425]]]},"properties":{"h":1.0}},{"type":"Feature","geometry":{"type":"Polygon","coordinates":[[[8.41497,50.004159],[8.414921,50.004244],[8.41488,50.004234],[8.414929,50.004149],[8.41497,50.004159]]]},"properties":{"h":1.5}},{"type":"Feature","geometry":{"type":"Polygon","coordinates":[[[8.41715,50.004115],[8.417041,50.004206],[8.416743,50.004058],[8.416852,50.003968],[8.41715,50.004115]]]},"properties":{"h":6.0}},{"type":"Feature","geometry":{"type":"Polygon","coordinates":[[[8.416783,50.00426],[8.416847,50.004197],[8.417054,50.004282],[8.417006,50.00433],[8.416906,50.004289],[8.416891,50.004304],[8.416783,50.00426]]]},"properties":{"h":3.7}},{"type":"Feature","geometry":{"type":"Polygon","coordinates":[[[8.417285,50.00443],[8.417161,50.00438],[8.417222,50.004317],[8.417346,50.004367],[8.417285,50.00443]]]},"properties":{"h":5.8}},{"type":"Feature","geometry":{"type":"Polygon","coordinates":[[[8.416931,50.004409],[8.41686,50.004382],[8.416916,50.00432],[8.416987,50.004347],[8.416931,50.004409]]]},"properties":{"h":4.5}},{"type":"Feature","geometry":{"type":"Polygon","coordinates":[[[8.415809,50.004625],[8.415704,50.004594],[8.41574,50.004544],[8.415845,50.004575],[8.415809,50.004625]]]},"properties":{"h":1.5}},{"type":"Feature","geometry":{"type":"Polygon","coordinates":[[[8.41608,50.004709],[8.41611,50.004646],[8.416266,50.004677],[8.416236,50.00474],[8.41608,50.004709]]]},"properties":{"h":2.8}},{"type":"Feature","geometry":{"type":"Polygon","coordinates":[[[8.417139,50.004523],[8.417203,50.00455],[8.417132,50.004622],[8.417101,50.00461],[8.417097,50.004614],[8.417054,50.004596],[8.417062,50.004589],[8.417012,50.004568],[8.41704,50.00454],[8.417033,50.004537],[8.41708,50.00449],[8.417146,50.004517],[8.417139,50.004523]]]},"properties":{"h":7.0}},{"type":"Feature","geometry":{"type":"Polygon","coordinates":[[[8.417128,50.004627],[8.417132,50.004622],[8.417203,50.00455],[8.417214,50.004538],[8.417286,50.004568],[8.417199,50.004655],[8.417128,50.004627]]]},"properties":{"h":7.0}},{"type":"Feature","geometry":{"type":"Polygon","coordinates":[[[8.417276,50.004687],[8.417199,50.004655],[8.417286,50.004568],[8.417363,50.0046],[8.417276,50.004687]]]},"properties":{"h":7.0}},{"type":"Feature","geometry":{"type":"Polygon","coordinates":[[[8.416855,50.004612],[8.416924,50.004639],[8.416896,50.004669],[8.416827,50.004642],[8.416855,50.004612]]]},"properties":{"h":3.2}},{"type":"Feature","geometry":{"type":"Polygon","coordinates":[[[8.41654,50.004744],[8.41647,50.004819],[8.416429,50.004803],[8.416499,50.004728],[8.41654,50.004744]]]},"properties":{"h":1.0}},{"type":"Feature","geometry":{"type":"Polygon","coordinates":[[[8.416993,50.004846],[8.416955,50.00483],[8.41696,50.004825],[8.41688,50.004792],[8.416979,50.004693],[8.417181,50.004775],[8.417082,50.004875],[8.416998,50.004841],[8.416993,50.004846]]]},"properties":{"h":6.7,"cls":"apartments"}},{"type":"Feature","geometry":{"type":"Polygon","coordinates":[[[8.414149,50.004518],[8.41417,50.004524],[8.414231,50.004435],[8.414347,50.004468],[8.414244,50.004618],[8.414193,50.004604],[8.414169,50.004637],[8.414084,50.004613],[8.414149,50.004518]]]},"properties":{"h":3.5}},{"type":"Feature","geometry":{"type":"Polygon","coordinates":[[[8.41432,50.0048],[8.414318,50.00485],[8.414252,50.004849],[8.414254,50.004799],[8.41432,50.0048]]]},"properties":{"h":1.6}},{"type":"Feature","geometry":{"type":"Polygon","coordinates":[[[8.414108,50.005241],[8.414056,50.005225],[8.414126,50.005131],[8.414338,50.005195],[8.414269,50.00529],[8.414192,50.005266],[8.414155,50.005317],[8.414192,50.005328],[8.414163,50.005368],[8.414042,50.005331],[8.414108,50.005241]]]},"properties":{"h":6.4}},{"type":"Feature","geometry":{"type":"Polygon","coordinates":[[[8.415248,50.005466],[8.415221,50.005505],[8.415223,50.005529],[8.415204,50.005529],[8.41516,50.005592],[8.414633,50.00544],[8.41466,50.005401],[8.41471,50.00533],[8.414754,50.005343],[8.414765,50.005327],[8.415128,50.005432],[8.415171,50.005407],[8.415225,50.005423],[8.415235,50.005463],[8.415248,50.005466]]]},"properties":{"h":7.0}},{"type":"Feature","geometry":{"type":"Polygon","coordinates":[[[8.414535,50.00555],[8.414226,50.005467],[8.414257,50.005419],[8.414293,50.005428],[8.41432,50.005386],[8.414593,50.005459],[8.414535,50.00555]]]},"properties":{"h":7.0}},{"type":"Feature","geometry":{"type":"Polygon","coordinates":[[[8.414474,50.005348],[8.414539,50.005367],[8.414499,50.005425],[8.414433,50.005406],[8.414474,50.005348]]]},"properties":{"h":3.2}},{"type":"Feature","geometry":{"type":"Polygon","coordinates":[[[8.41471,50.00533],[8.41466,50.005401],[8.414539,50.005367],[8.414474,50.005348],[8.414408,50.005329],[8.414468,50.005242],[8.41472,50.005315],[8.41471,50.00533]]]},"properties":{"h":7.0}},{"type":"Feature","geometry":{"type":"Polygon","coordinates":[[[8.414226,50.005467],[8.414101,50.00543],[8.414136,50.005382],[8.414257,50.005419],[8.414226,50.005467]]]},"properties":{"h":3.2}},{"type":"Feature","geometry":{"type":"Polygon","coordinates":[[[8.413981,50.005405],[8.413851,50.005368],[8.413872,50.005337],[8.413882,50.005323],[8.414012,50.00536],[8.413981,50.005405]]]},"properties":{"h":3.2}},{"type":"Feature","geometry":{"type":"Polygon","coordinates":[[[8.414327,50.006043],[8.414263,50.006132],[8.414072,50.006076],[8.414145,50.005973],[8.41407,50.005951],[8.414086,50.005929],[8.414134,50.005943],[8.41415,50.00592],[8.414288,50.00596],[8.414246,50.00602],[8.414327,50.006043]]]},"properties":{"h":4.0}},{"type":"Feature","geometry":{"type":"Polygon","coordinates":[[[8.414901,50.00596],[8.414909,50.005949],[8.414953,50.005961],[8.414935,50.005988],[8.414822,50.005954],[8.414847,50.005919],[8.414879,50.005928],[8.414864,50.005949],[8.414901,50.00596]]]},"properties":{"h":1.7}},{"type":"Feature","geometry":{"type":"Polygon","coordinates":[[[8.415207,50.006112],[8.415063,50.006061],[8.415102,50.006015],[8.415246,50.006066],[8.415207,50.006112]]]},"properties":{"h":1.4}},{"type":"Feature","geometry":{"type":"Polygon","coordinates":[[[8.415483,50.005977],[8.415612,50.00603],[8.415601,50.00604],[8.415541,50.006015],[8.415526,50.006031],[8.415435,50.005993],[8.415453,50.005975],[8.415465,50.005964],[8.415487,50.005973],[8.415483,50.005977]]]},"properties":{"h":3.2}},{"type":"Feature","geometry":{"type":"Polygon","coordinates":[[[8.415453,50.005975],[8.415435,50.005993],[8.415386,50.005973],[8.415404,50.005955],[8.415453,50.005975]]]},"properties":{"h":3.2}},{"type":"Feature","geometry":{"type":"Polygon","coordinates":[[[8.415378,50.005978],[8.415518,50.006032],[8.415476,50.006071],[8.415055,50.00591],[8.415087,50.00587],[8.415209,50.005913],[8.415378,50.005978]]]},"properties":{"h":7.0}},{"type":"Feature","geometry":{"type":"Polygon","coordinates":[[[8.41525,50.005867],[8.415209,50.005913],[8.415051,50.005857],[8.415088,50.005813],[8.415149,50.005743],[8.415258,50.005781],[8.4152,50.005849],[8.41525,50.005867]]]},"properties":{"h":7.0}},{"type":"Feature","geometry":{"type":"Polygon","coordinates":[[[8.415088,50.005813],[8.415051,50.005857],[8.415009,50.005843],[8.414988,50.005817],[8.415016,50.005786],[8.415088,50.005813]]]},"properties":{"h":3.2}},{"type":"Feature","geometry":{"type":"Polygon","coordinates":[[[8.414889,50.00573],[8.414777,50.005697],[8.414811,50.005651],[8.414922,50.005684],[8.414889,50.00573]]]},"properties":{"h":3.2}},{"type":"Feature","geometry":{"type":"Polygon","coordinates":[[[8.414743,50.005744],[8.414589,50.005698],[8.414656,50.005605],[8.414811,50.005651],[8.414777,50.005697],[8.414743,50.005744]]]},"properties":{"h":3.8}},{"type":"Feature","geometry":{"type":"Polygon","coordinates":[[[8.415744,50.005578],[8.415834,50.005619],[8.415786,50.005664],[8.415776,50.005666],[8.41575,50.005655],[8.415743,50.005661],[8.415684,50.005634],[8.415696,50.005623],[8.415733,50.005589],[8.415744,50.005578]]]},"properties":{"h":3.2}},{"type":"Feature","geometry":{"type":"Polygon","coordinates":[[[8.416323,50.005764],[8.416431,50.005815],[8.416378,50.005861],[8.416315,50.005831],[8.41627,50.00581],[8.416323,50.005764]]]},"properties":{"h":7.0}},{"type":"Feature","geometry":{"type":"Polygon","coordinates":[[[8.41627,50.00581],[8.416315,50.005831],[8.416291,50.005853],[8.416221,50.00582],[8.416246,50.005798],[8.41627,50.00581]]]},"properties":{"h":3.0,"cls":"garage"}},{"type":"Feature","geometry":{"type":"Polygon","coordinates":[[[8.416196,50.005842],[8.416221,50.00582],[8.416291,50.005853],[8.416266,50.005874],[8.416199,50.005843],[8.416196,50.005842]]]},"properties":{"h":3.0,"cls":"garage"}},{"type":"Feature","geometry":{"type":"Polygon","coordinates":[[[8.416029,50.005739],[8.41608,50.005761],[8.415966,50.005869],[8.415753,50.005815],[8.415648,50.005769],[8.415727,50.00569],[8.415754,50.005677],[8.415784,50.005668],[8.415809,50.005667],[8.415832,50.00567],[8.415847,50.00568],[8.415866,50.005699],[8.415874,50.005715],[8.415887,50.005722],[8.415912,50.005697],[8.416,50.005735],[8.415991,50.005742],[8.416015,50.005752],[8.416029,50.005739]]]},"properties":{"h":5.4}},{"type":"Feature","geometry":{"type":"Polygon","coordinates":[[[8.415524,50.005806],[8.415635,50.005815],[8.415833,50.005902],[8.415668,50.006053],[8.415612,50.00603],[8.415483,50.005977],[8.415487,50.005973],[8.415525,50.005939],[8.415486,50.005827],[8.415493,50.005817],[8.415509,50.005807],[8.415524,50.005806]]]},"properties":{"h":7.0}},{"type":"Feature","geometry":{"type":"Polygon","coordinates":[[[8.415644,50.006077],[8.415668,50.006053],[8.415733,50.00608],[8.415709,50.006104],[8.415644,50.006077]]]},"properties":{"h":3.2}},{"type":"Feature","geometry":{"type":"Polygon","coordinates":[[[8.41608,50.006122],[8.416043,50.006155],[8.415912,50.006092],[8.415949,50.006059],[8.41608,50.006122]]]},"properties":{"h":3.2,"cls":"semidetached_house"}},{"type":"Feature","geometry":{"type":"Polygon","coordinates":[[[8.416168,50.006046],[8.416036,50.005984],[8.416074,50.005951],[8.416205,50.006013],[8.416168,50.006046]]]},"properties":{"h":3.2,"cls":"semidetached_house"}},{"type":"Feature","geometry":{"type":"Polygon","coordinates":[[[8.416065,50.006048],[8.415999,50.006017],[8.416036,50.005984],[8.416168,50.006046],[8.41613,50.006079],[8.416065,50.006048]]]},"properties":{"h":3.2,"cls":"semidetached_house"}},{"type":"Feature","geometry":{"type":"Polygon","coordinates":[[[8.415999,50.006017],[8.416065,50.006048],[8.416041,50.006069],[8.415975,50.006038],[8.415999,50.006017]]]},"properties":{"h":3.0,"cls":"garage"}},{"type":"Feature","geometry":{"type":"Polygon","coordinates":[[[8.416289,50.006153],[8.416215,50.006117],[8.416298,50.006045],[8.416375,50.006081],[8.416342,50.00611],[8.416348,50.006113],[8.416321,50.006136],[8.416313,50.006132],[8.416289,50.006153]]]},"properties":{"h":7.0}},{"type":"Feature","geometry":{"type":"Polygon","coordinates":[[[8.416109,50.005938],[8.416133,50.005916],[8.416196,50.005945],[8.416172,50.005966],[8.416109,50.005938]]]},"properties":{"h":3.4}},{"type":"Feature","geometry":{"type":"Polygon","coordinates":[[[8.416161,50.005875],[8.416291,50.005937],[8.416254,50.00597],[8.416123,50.005908],[8.416161,50.005875]]]},"properties":{"h":3.2,"cls":"semidetached_house"}},{"type":"Feature","geometry":{"type":"Polygon","coordinates":[[[8.416266,50.005874],[8.416329,50.005905],[8.416291,50.005937],[8.416161,50.005875],[8.416199,50.005843],[8.416266,50.005874]]]},"properties":{"h":3.2,"cls":"semidetached_house"}},{"type":"Feature","geometry":{"type":"Polygon","coordinates":[[[8.416576,50.005908],[8.416669,50.005829],[8.416706,50.005847],[8.416613,50.005926],[8.416576,50.005908]]]},"properties":{"h":3.0,"cls":"garage"}},{"type":"Feature","geometry":{"type":"Polygon","coordinates":[[[8.416636,50.0058],[8.416679,50.005821],[8.416669,50.005829],[8.416576,50.005908],[8.416533,50.005887],[8.416636,50.0058]]]},"properties":{"h":3.2}},{"type":"Feature","geometry":{"type":"Polygon","coordinates":[[[8.416783,50.006003],[8.416681,50.006088],[8.416557,50.006028],[8.416658,50.005942],[8.416783,50.006003]]]},"properties":{"h":6.5}},{"type":"Feature","geometry":{"type":"Polygon","coordinates":[[[8.416871,50.005624],[8.416681,50.005535],[8.417059,50.005202],[8.417447,50.005384],[8.417156,50.005641],[8.417186,50.005655],[8.417087,50.005742],[8.416859,50.005635],[8.416871,50.005624]]]},"properties":{"h":3.6}},{"type":"Feature","geometry":{"type":"Polygon","coordinates":[[[8.416305,50.00556],[8.416075,50.005457],[8.416146,50.005392],[8.416375,50.005495],[8.416305,50.00556]]]},"properties":{"h":6.6}},{"type":"Feature","geometry":{"type":"Polygon","coordinates":[[[8.415733,50.005589],[8.415696,50.005623],[8.415472,50.005541],[8.415493,50.005519],[8.415733,50.005589]]]},"properties":{"h":7.0}},{"type":"Feature","geometry":{"type":"Polygon","coordinates":[[[8.41629,50.005403],[8.416216,50.00537],[8.41642,50.005182],[8.416555,50.005242],[8.416426,50.005361],[8.416365,50.005333],[8.41629,50.005403]]]},"properties":{"h":7.0}},{"type":"Feature","geometry":{"type":"Polygon","coordinates":[[[8.416572,50.005249],[8.416377,50.005161],[8.41654,50.00501],[8.416735,50.005097],[8.416572,50.005249]]]},"properties":{"h":5.2}},{"type":"Feature","geometry":{"type":"Polygon","coordinates":[[[8.416593,50.005471],[8.416521,50.005439],[8.416875,50.005111],[8.416946,50.005143],[8.416593,50.005471]]]},"properties":{"h":7.0}},{"type":"Feature","geometry":{"type":"Polygon","coordinates":[[[8.41818,50.005133],[8.418068,50.005074],[8.418174,50.004991],[8.418286,50.00505],[8.41818,50.005133]]]},"properties":{"h":5.6}},{"type":"Feature","geometry":{"type":"Polygon","coordinates":[[[8.418306,50.005266],[8.418209,50.005342],[8.418071,50.005269],[8.418168,50.005193],[8.418306,50.005266]]]},"properties":{"h":5.0}},{"type":"Feature","geometry":{"type":"Polygon","coordinates":[[[8.418698,50.005629],[8.418329,50.005434],[8.418456,50.005335],[8.41841,50.00531],[8.418576,50.005181],[8.418932,50.005369],[8.418839,50.005442],[8.418898,50.005473],[8.418698,50.005629]]]},"properties":{"h":5.5,"cls":"industrial"}},{"type":"Feature","geometry":{"type":"Polygon","coordinates":[[[8.417759,50.005643],[8.417518,50.005847],[8.417278,50.00573],[8.417519,50.005526],[8.417759,50.005643]]]},"properties":{"h":6.2,"cls":"industrial"}},{"type":"Feature","geometry":{"type":"Polygon","coordinates":[[[8.417506,50.006117],[8.417438,50.006087],[8.417535,50.005997],[8.417602,50.006027],[8.417506,50.006117]]]},"properties":{"h":4.2}},{"type":"Feature","geometry":{"type":"Polygon","coordinates":[[[8.418486,50.005783],[8.418015,50.005515],[8.418075,50.005472],[8.418546,50.00574],[8.418486,50.005783]]]},"properties":{"h":3.0,"cls":"garages"}},{"type":"Feature","geometry":{"type":"Polygon","coordinates":[[[8.418026,50.00504],[8.41795,50.005004],[8.418027,50.004937],[8.418103,50.004974],[8.418026,50.00504]]]},"properties":{"h":7.0}},{"type":"Feature","geometry":{"type":"Polygon","coordinates":[[[8.417742,50.004906],[8.417842,50.00482],[8.418048,50.004919],[8.418027,50.004937],[8.41795,50.005004],[8.417931,50.005019],[8.417857,50.004984],[8.417874,50.004969],[8.417742,50.004906]]]},"properties":{"h":5.9}},{"type":"Feature","geometry":{"type":"Polygon","coordinates":[[[8.417758,50.004771],[8.417689,50.004822],[8.41763,50.004789],[8.417681,50.004751],[8.417637,50.004727],[8.417654,50.004714],[8.417758,50.004771]]]},"properties":{"h":3.2}},{"type":"Feature","geometry":{"type":"Polygon","coordinates":[[[8.417503,50.004822],[8.417376,50.004752],[8.417424,50.004716],[8.417499,50.004659],[8.417506,50.004654],[8.417637,50.004727],[8.417681,50.004751],[8.41763,50.004789],[8.417551,50.004849],[8.417503,50.004822]]]},"properties":{"h":4.5}},{"type":"Feature","geometry":{"type":"Polygon","coordinates":[[[8.417424,50.004716],[8.417389,50.004697],[8.417465,50.00464],[8.417499,50.004659],[8.417424,50.004716]]]},"properties":{"h":3.2}},{"type":"Feature","geometry":{"type":"Polygon","coordinates":[[[8.417651,50.004334],[8.417692,50.004357],[8.417732,50.00438],[8.417681,50.004417],[8.417599,50.004371],[8.417651,50.004334]]]},"properties":{"h":4.0,"cls":"garage"}},{"type":"Feature","geometry":{"type":"Polygon","coordinates":[[[8.417831,50.004256],[8.417692,50.004357],[8.417651,50.004334],[8.417504,50.004251],[8.417643,50.00415],[8.417831,50.004256]]]},"properties":{"h":6.6}},{"type":"Feature","geometry":{"type":"Polygon","coordinates":[[[8.416513,50.002854],[8.416184,50.003045],[8.415999,50.002912],[8.416181,50.002806],[8.41632,50.002726],[8.416327,50.002721],[8.416513,50.002854]]]},"properties":{"h":9.0,"cls":"industrial"}},{"type":"Feature","geometry":{"type":"Polygon","coordinates":[[[8.415712,50.002568],[8.415924,50.002722],[8.415764,50.002813],[8.415552,50.002659],[8.415712,50.002568]]]},"properties":{"h":5.6,"cls":"industrial"}},{"type":"Feature","geometry":{"type":"Polygon","coordinates":[[[8.41632,50.002726],[8.416181,50.002806],[8.415945,50.002638],[8.415989,50.002613],[8.416067,50.002568],[8.416084,50.002558],[8.41632,50.002726]]]},"properties":{"h":7.0}},{"type":"Feature","geometry":{"type":"Polygon","coordinates":[[[8.416067,50.002568],[8.415989,50.002613],[8.415963,50.002594],[8.415949,50.002602],[8.415813,50.002505],[8.415928,50.002439],[8.416065,50.002536],[8.416041,50.00255],[8.416067,50.002568]]]},"properties":{"h":12.0,"cls":"apartments"}},{"type":"Feature","geometry":{"type":"Polygon","coordinates":[[[8.415847,50.002358],[8.415736,50.002424],[8.415658,50.002369],[8.415612,50.002338],[8.415724,50.002272],[8.415847,50.002358]]]},"properties":{"h":12.0,"cls":"office"}},{"type":"Feature","geometry":{"type":"Polygon","coordinates":[[[8.415724,50.002272],[8.415612,50.002338],[8.415601,50.002327],[8.415578,50.002332],[8.415569,50.002339],[8.415564,50.002355],[8.415574,50.002362],[8.415523,50.002393],[8.415564,50.002424],[8.415498,50.002463],[8.415391,50.002388],[8.415433,50.002365],[8.41544,50.002322],[8.415375,50.002306],[8.415409,50.002267],[8.415443,50.002243],[8.415467,50.002254],[8.415546,50.002225],[8.415644,50.002237],[8.415724,50.002272]]]},"properties":{"h":12.0,"cls":"office"}},{"type":"Feature","geometry":{"type":"Polygon","coordinates":[[[8.414514,50.002145],[8.414592,50.002107],[8.414688,50.002091],[8.414786,50.002099],[8.414871,50.002131],[8.414931,50.002181],[8.414957,50.002243],[8.414943,50.002306],[8.414894,50.002361],[8.414815,50.002399],[8.41472,50.002415],[8.414622,50.002407],[8.414536,50.002375],[8.414476,50.002325],[8.414451,50.002263],[8.414464,50.0022],[8.414514,50.002145]]]},"properties":{"h":7.0}},{"type":"Feature","geometry":{"type":"Polygon","coordinates":[[[8.415131,50.002051],[8.415017,50.002202],[8.414942,50.002179],[8.415056,50.002027],[8.415131,50.002051]]]},"properties":{"h":7.0}},{"type":"Feature","geometry":{"type":"Polygon","coordinates":[[[8.415141,50.002229],[8.415044,50.002198],[8.415155,50.002054],[8.415252,50.002085],[8.415141,50.002229]]]},"properties":{"h":7.0}},{"type":"Feature","geometry":{"type":"Polygon","coordinates":[[[8.414855,50.001763],[8.41495,50.001777],[8.41503,50.001814],[8.415082,50.001867],[8.415098,50.001929],[8.415076,50.001991],[8.415019,50.002042],[8.414936,50.002075],[8.414839,50.002086],[8.414744,50.002071],[8.414664,50.002035],[8.414612,50.001981],[8.414596,50.001919],[8.414618,50.001858],[8.414675,50.001807],[8.414758,50.001773],[8.414855,50.001763]]]},"properties":{"h":7.0}},{"type":"Feature","geometry":{"type":"Polygon","coordinates":[[[8.414359,50.002023],[8.414564,50.001965],[8.414644,50.002084],[8.414439,50.002142],[8.414359,50.002023]]]},"properties":{"h":7.4}},{"type":"Feature","geometry":{"type":"Polygon","coordinates":[[[8.413888,50.002441],[8.413759,50.002529],[8.413628,50.00245],[8.413784,50.002344],[8.413659,50.002269],[8.413783,50.002184],[8.413929,50.002272],[8.414054,50.002187],[8.414188,50.002268],[8.414036,50.002372],[8.414177,50.002457],[8.414053,50.002541],[8.413888,50.002441]]]},"properties":{"h":9.5,"cls":"commercial","site":"hq-hafen"}},{"type":"Feature","geometry":{"type":"Polygon","coordinates":[[[8.413908,50.002628],[8.414024,50.002547],[8.41407,50.002574],[8.413955,50.002655],[8.413908,50.002628]]]},"properties":{"h":3.3}},{"type":"Feature","geometry":{"type":"Polygon","coordinates":[[[8.414691,50.00273],[8.41449,50.002668],[8.41453,50.002614],[8.414592,50.002633],[8.414637,50.002573],[8.414775,50.002616],[8.414691,50.00273]]]},"properties":{"h":5.1}},{"type":"Feature","geometry":{"type":"Polygon","coordinates":[[[8.415804,50.002472],[8.415542,50.002627],[8.415275,50.00244],[8.415378,50.002379],[8.415391,50.002388],[8.415498,50.002463],[8.415564,50.002424],[8.415658,50.002369],[8.415736,50.002424],[8.415804,50.002472]]]},"properties":{"h":9.0,"cls":"industrial"}},{"type":"Feature","geometry":{"type":"Polygon","coordinates":[[[8.415404,50.002853],[8.41527,50.002967],[8.415152,50.002909],[8.415164,50.002899],[8.415131,50.002882],[8.415166,50.002853],[8.415222,50.00288],[8.415362,50.002761],[8.415457,50.002808],[8.415404,50.002853]]]},"properties":{"h":9.0,"cls":"industrial"}},{"type":"Feature","geometry":{"type":"Polygon","coordinates":[[[8.414232,50.002769],[8.414182,50.002813],[8.414128,50.002787],[8.414178,50.002744],[8.414232,50.002769]]]},"properties":{"h":1.1}},{"type":"Feature","geometry":{"type":"Polygon","coordinates":[[[8.414021,50.003126],[8.41382,50.00306],[8.41389,50.002972],[8.414138,50.003053],[8.414091,50.003112],[8.414044,50.003097],[8.414021,50.003126]]]},"properties":{"h":7.0}},{"type":"Feature","geometry":{"type":"Polygon","coordinates":[[[8.414996,50.003279],[8.414897,50.003401],[8.414644,50.003317],[8.414744,50.003198],[8.414996,50.003279]]]},"properties":{"h":6.0,"cls":"commercial"}},{"type":"Feature","geometry":{"type":"Polygon","coordinates":[[[8.414945,50.003084],[8.415152,50.002909],[8.41527,50.002967],[8.415684,50.003169],[8.415411,50.0034],[8.414878,50.003141],[8.414945,50.003084]]]},"properties":{"h":7.5,"cls":"industrial"}},{"type":"Feature","geometry":{"type":"Polygon","coordinates":[[[8.415026,50.002832],[8.415131,50.002882],[8.415164,50.002899],[8.415152,50.002909],[8.414945,50.003084],[8.414808,50.003017],[8.415026,50.002832]]]},"properties":{"h":9.0,"cls":"industrial"}},{"type":"Feature","geometry":{"type":"Polygon","coordinates":[[[8.415684,50.003169],[8.41527,50.002967],[8.415404,50.002853],[8.415851,50.003071],[8.415717,50.003185],[8.415684,50.003169]]]},"properties":{"h":9.0,"cls":"industrial"}},{"type":"Feature","geometry":{"type":"Polygon","coordinates":[[[8.416293,50.003191],[8.416184,50.003115],[8.416243,50.00308],[8.416352,50.003157],[8.416293,50.003191]]]},"properties":{"h":1.7}},{"type":"Feature","geometry":{"type":"Polygon","coordinates":[[[8.41673,50.003151],[8.416694,50.003124],[8.416634,50.003079],[8.416622,50.00307],[8.416673,50.003042],[8.416649,50.003024],[8.41672,50.002985],[8.416852,50.003084],[8.41673,50.003151]]]},"properties":{"h":7.0}},{"type":"Feature","geometry":{"type":"Polygon","coordinates":[[[8.416694,50.003124],[8.416454,50.003256],[8.41635,50.003178],[8.416473,50.00311],[8.416517,50.003143],[8.416634,50.003079],[8.416694,50.003124]]]},"properties":{"h":7.0}},{"type":"Feature","geometry":{"type":"Polygon","coordinates":[[[8.417053,50.00334],[8.416877,50.003212],[8.416928,50.003183],[8.416948,50.003197],[8.417003,50.003166],[8.41716,50.003279],[8.417053,50.00334]]]},"properties":{"h":7.0}},{"type":"Feature","geometry":{"type":"Polygon","coordinates":[[[8.417067,50.00335],[8.416795,50.003506],[8.416604,50.003369],[8.416877,50.003212],[8.417053,50.00334],[8.417067,50.00335]]]},"properties":{"h":5.9,"cls":"industrial"}},{"type":"Feature","geometry":{"type":"Polygon","coordinates":[[[8.416033,50.003203],[8.415767,50.00343],[8.41558,50.003339],[8.415846,50.003112],[8.416033,50.003203]]]},"properties":{"h":5.9,"cls":"industrial"}},{"type":"Feature","geometry":{"type":"Polygon","coordinates":[[[8.416764,50.003716],[8.416492,50.00394],[8.415761,50.003574],[8.416033,50.00335],[8.416764,50.003716]]]},"properties":{"h":7.2,"cls":"industrial"}},{"type":"Feature","geometry":{"type":"Polygon","coordinates":[[[8.417234,50.003453],[8.416956,50.003613],[8.416877,50.003556],[8.417156,50.003397],[8.417234,50.003453]]]},"properties":{"h":3.5,"cls":"industrial"}},{"type":"Feature","geometry":{"type":"Polygon","coordinates":[[[8.417582,50.003705],[8.417321,50.003864],[8.417025,50.003662],[8.417286,50.003504],[8.417582,50.003705]]]},"properties":{"h":6.4,"cls":"industrial"}},{"type":"Feature","geometry":{"type":"Polygon","coordinates":[[[8.414606,50.003784],[8.414325,50.003689],[8.414427,50.003564],[8.414708,50.003659],[8.414606,50.003784]]]},"properties":{"h":8.3,"cls":"residential"}},{"type":"Feature","geometry":{"type":"Polygon","coordinates":[[[8.41446,50.003983],[8.414136,50.003874],[8.414222,50.003768],[8.41445,50.003845],[8.414489,50.003798],[8.414584,50.00383],[8.41446,50.003983]]]},"properties":{"h":6.2}},{"type":"Feature","geometry":{"type":"Polygon","coordinates":[[[8.413777,50.003934],[8.413739,50.003987],[8.413675,50.003968],[8.413712,50.003915],[8.413777,50.003934]]]},"properties":{"h":3.6}},{"type":"Feature","geometry":{"type":"Polygon","coordinates":[[[8.413629,50.003897],[8.413502,50.00406],[8.413371,50.004018],[8.413498,50.003855],[8.413629,50.003897]]]},"properties":{"h":5.0}},{"type":"Feature","geometry":{"type":"Polygon","coordinates":[[[8.413116,50.003934],[8.412985,50.003892],[8.413113,50.003729],[8.413244,50.003771],[8.413116,50.003934]]]},"properties":{"h":7.0}},{"type":"Feature","geometry":{"type":"Polygon","coordinates":[[[8.413437,50.003835],[8.413311,50.003997],[8.413181,50.003955],[8.413307,50.003793],[8.413437,50.003835]]]},"properties":{"h":5.0}},{"type":"Feature","geometry":{"type":"Polygon","coordinates":[[[8.412356,50.003607],[8.412095,50.003526],[8.412244,50.003328],[8.412505,50.003409],[8.412356,50.003607]]]},"properties":{"h":8.0,"cls":"commercial"}},{"type":"Feature","geometry":{"type":"Polygon","coordinates":[[[8.413788,50.003866],[8.413243,50.003688],[8.413757,50.00304],[8.41378,50.003047],[8.41382,50.00306],[8.414021,50.003126],[8.414044,50.003097],[8.414091,50.003112],[8.414325,50.003189],[8.413788,50.003866]]]},"properties":{"h":9.4,"cls":"industrial"}},{"type":"Feature","geometry":{"type":"Polygon","coordinates":[[[8.413298,50.002991],[8.413483,50.003049],[8.413562,50.003074],[8.41356,50.003077],[8.413596,50.003088],[8.413233,50.003563],[8.413193,50.003551],[8.413161,50.003593],[8.412768,50.003468],[8.412805,50.003419],[8.412754,50.003403],[8.412815,50.003324],[8.412855,50.003337],[8.413075,50.003048],[8.413034,50.003036],[8.413092,50.00296],[8.413137,50.002974],[8.413158,50.002947],[8.413298,50.002991]]]},"properties":{"h":9.1,"cls":"industrial"}},{"type":"Feature","geometry":{"type":"Polygon","coordinates":[[[8.413527,50.002992],[8.413483,50.003049],[8.413298,50.002991],[8.413342,50.002934],[8.413527,50.002992]]]},"properties":{"h":9.0,"cls":"industrial"}},{"type":"Feature","geometry":{"type":"Polygon","coordinates":[[[8.411317,50.002982],[8.411278,50.003042],[8.411201,50.003021],[8.411239,50.002961],[8.411317,50.002982]]]},"properties":{"h":2.2}},{"type":"Feature","geometry":{"type":"Polygon","coordinates":[[[8.41098,50.003113],[8.410966,50.003163],[8.410806,50.003144],[8.410817,50.003104],[8.410862,50.003109],[8.410856,50.003132],[8.410878,50.003134],[8.410887,50.003102],[8.41098,50.003113]]]},"properties":{"h":1.9}},{"type":"Feature","geometry":{"type":"Polygon","coordinates":[[[8.410817,50.002959],[8.410813,50.003028],[8.410617,50.003023],[8.410622,50.002954],[8.410817,50.002959]]]},"properties":{"h":3.2}},{"type":"Feature","geometry":{"type":"Polygon","coordinates":[[[8.412098,50.003869],[8.411691,50.003743],[8.411899,50.003465],[8.412095,50.003526],[8.412356,50.003607],[8.412133,50.003904],[8.412083,50.003888],[8.412098,50.003869]]]},"properties":{"h":8.0,"cls":"commercial"}},{"type":"Feature","geometry":{"type":"Polygon","coordinates":[[[8.411526,50.003706],[8.411388,50.003662],[8.411445,50.003584],[8.411586,50.003627],[8.411526,50.003706]]]},"properties":{"h":4.1,"cls":"commercial"}},{"type":"Feature","geometry":{"type":"Polygon","coordinates":[[[8.411252,50.003709],[8.411124,50.003685],[8.411158,50.003598],[8.411292,50.003623],[8.411252,50.003709]]]},"properties":{"h":3.1,"cls":"commercial"}},{"type":"Feature","geometry":{"type":"Polygon","coordinates":[[[8.41132,50.003793],[8.411295,50.003839],[8.411219,50.003821],[8.411244,50.003775],[8.41132,50.003793]]]},"properties":{"h":3.5}},{"type":"Feature","geometry":{"type":"Polygon","coordinates":[[[8.411433,50.003824],[8.411369,50.003804],[8.411349,50.003761],[8.411378,50.003717],[8.411448,50.003703],[8.411514,50.003723],[8.411535,50.003768],[8.411503,50.003807],[8.411433,50.003824]]]},"properties":{"h":5.9,"cls":"commercial"}},{"type":"Feature","geometry":{"type":"Polygon","coordinates":[[[8.41167,50.003736],[8.411691,50.003743],[8.412098,50.003869],[8.412083,50.003888],[8.411997,50.004003],[8.41187,50.003964],[8.411761,50.00393],[8.411674,50.003903],[8.411577,50.003873],[8.41157,50.003871],[8.41167,50.003736]]]},"properties":{"h":8.0,"cls":"commercial"}},{"type":"Feature","geometry":{"type":"Polygon","coordinates":[[[8.409679,50.003045],[8.409446,50.002979],[8.409506,50.002891],[8.409739,50.002958],[8.409679,50.003045]]]},"properties":{"h":4.4}},{"type":"Feature","geometry":{"type":"Polygon","coordinates":[[[8.410143,50.003087],[8.410061,50.003025],[8.410145,50.002979],[8.410227,50.003041],[8.410143,50.003087]]]},"properties":{"h":7.0}},{"type":"Feature","geometry":{"type":"Polygon","coordinates":[[[8.408833,50.002909],[8.408197,50.002725],[8.408361,50.00249],[8.408997,50.002674],[8.408833,50.002909]]]},"properties":{"h":3.9}},{"type":"Feature","geometry":{"type":"Polygon","coordinates":[[[8.407398,50.002367],[8.407284,50.002334],[8.407313,50.002294],[8.407426,50.002327],[8.407398,50.002367]]]},"properties":{"h":3.2}},{"type":"Feature","geometry":{"type":"Polygon","coordinates":[[[8.407282,50.002335],[8.407206,50.002315],[8.407246,50.002251],[8.407322,50.002271],[8.407282,50.002335]]]},"properties":{"h":1.0}},{"type":"Feature","geometry":{"type":"Polygon","coordinates":[[[8.411576,50.001934],[8.411648,50.001834],[8.411905,50.001909],[8.411868,50.001962],[8.411837,50.001953],[8.411803,50.002001],[8.411576,50.001934]]]},"properties":{"h":1.1}},{"type":"Feature","geometry":{"type":"Polygon","coordinates":[[[8.411443,50.002163],[8.411551,50.001991],[8.411719,50.002034],[8.411686,50.002087],[8.411594,50.002063],[8.411518,50.002183],[8.411443,50.002163]]]},"properties":{"h":1.5}},{"type":"Feature","geometry":{"type":"Polygon","coordinates":[[[8.411924,50.002094],[8.411521,50.002627],[8.411393,50.002587],[8.411795,50.002054],[8.411924,50.002094]]]},"properties":{"h":9.0,"cls":"industrial"}},{"type":"Feature","geometry":{"type":"Polygon","coordinates":[[[8.411257,50.002432],[8.411142,50.002436],[8.411131,50.002298],[8.411246,50.002294],[8.411257,50.002432]]]},"properties":{"h":2.0}},{"type":"Feature","geometry":{"type":"Polygon","coordinates":[[[8.410869,50.002317],[8.411081,50.002314],[8.411084,50.002388],[8.410871,50.00239],[8.410869,50.002317]]]},"properties":{"h":3.3}},{"type":"Feature","geometry":{"type":"Polygon","coordinates":[[[8.411194,50.002209],[8.411112,50.002211],[8.41111,50.002147],[8.411192,50.002146],[8.411194,50.002209]]]},"properties":{"h":1.0}},{"type":"Feature","geometry":{"type":"Polygon","coordinates":[[[8.410508,50.002307],[8.410659,50.002325],[8.410685,50.002236],[8.410522,50.002217],[8.410537,50.002165],[8.410728,50.002188],[8.410712,50.002243],[8.410769,50.00225],[8.410743,50.002336],[8.410673,50.002328],[8.410658,50.00238],[8.410493,50.002359],[8.410508,50.002307]]]},"properties":{"h":2.7}},{"type":"Feature","geometry":{"type":"Polygon","coordinates":[[[8.410367,50.002577],[8.410427,50.002371],[8.410575,50.002389],[8.410515,50.002595],[8.410367,50.002577]]]},"properties":{"h":5.0}},{"type":"Feature","geometry":{"type":"Polygon","coordinates":[[[8.410931,50.002645],[8.410989,50.002474],[8.411107,50.00249],[8.411049,50.002661],[8.410931,50.002645]]]},"properties":{"h":3.2}},{"type":"Feature","geometry":{"type":"Polygon","coordinates":[[[8.410619,50.002608],[8.410638,50.002541],[8.410866,50.002569],[8.410847,50.002636],[8.410619,50.002608]]]},"properties":{"h":3.2}},{"type":"Feature","geometry":{"type":"Polygon","coordinates":[[[8.411576,50.002766],[8.411441,50.002944],[8.411239,50.00288],[8.411374,50.002703],[8.411576,50.002766]]]},"properties":{"h":4.0}},{"type":"Feature","geometry":{"type":"Polygon","coordinates":[[[8.411886,50.00287],[8.411815,50.002969],[8.411627,50.002913],[8.411699,50.002814],[8.411886,50.00287]]]},"properties":{"h":2.6}},{"type":"Feature","geometry":{"type":"Polygon","coordinates":[[[8.411521,50.002627],[8.411924,50.002094],[8.411958,50.002049],[8.411996,50.00206],[8.412021,50.002028],[8.412384,50.002141],[8.412357,50.002176],[8.412382,50.002184],[8.412348,50.002229],[8.411947,50.00276],[8.411521,50.002627]]]},"properties":{"h":9.0,"cls":"industrial"}},{"type":"Feature","geometry":{"type":"Polygon","coordinates":[[[8.412739,50.002409],[8.412374,50.002893],[8.411947,50.00276],[8.412348,50.002229],[8.412775,50.002362],[8.412739,50.002409]]]},"properties":{"h":9.0,"cls":"industrial"}},{"type":"Feature","geometry":{"type":"Polygon","coordinates":[[[8.412374,50.002893],[8.412739,50.002409],[8.413114,50.002526],[8.412749,50.00301],[8.412374,50.002893]]]},"properties":{"h":9.0,"cls":"industrial"}},{"type":"Feature","geometry":{"type":"Polygon","coordinates":[[[8.413527,50.002992],[8.413342,50.002934],[8.413227,50.002896],[8.413325,50.00277],[8.413694,50.002888],[8.413595,50.003015],[8.413527,50.002992]]]},"properties":{"h":12.0,"cls":"office"}},{"type":"Feature","geometry":{"type":"Polygon","coordinates":[[[8.412971,50.001995],[8.412893,50.002047],[8.412788,50.001982],[8.412867,50.00193],[8.412971,50.001995]]]},"properties":{"h":7.0}},{"type":"Feature","geometry":{"type":"Polygon","coordinates":[[[8.413734,50.001973],[8.413388,50.002202],[8.41323,50.002104],[8.413576,50.001874],[8.413734,50.001973]]]},"properties":{"h":4.6}},{"type":"Feature","geometry":{"type":"Polygon","coordinates":[[[8.41263,50.001708],[8.412638,50.001722],[8.412636,50.001736],[8.412626,50.00175],[8.41261,50.001759],[8.412588,50.001764],[8.412565,50.001763],[8.412545,50.001757],[8.41253,50.001746],[8.412522,50.001733],[8.412524,50.001718],[8.412533,50.001705],[8.41255,50.001695],[8.412572,50.00169],[8.412594,50.001691],[8.412615,50.001697],[8.41263,50.001708]]]},"properties":{"h":3.2}},{"type":"Feature","geometry":{"type":"Polygon","coordinates":[[[8.412718,50.001764],[8.412725,50.001778],[8.412724,50.001792],[8.412714,50.001805],[8.412697,50.001815],[8.412676,50.00182],[8.412653,50.001819],[8.412633,50.001813],[8.412617,50.001802],[8.41261,50.001788],[8.412611,50.001774],[8.412621,50.00176],[8.412638,50.001751],[8.412659,50.001746],[8.412682,50.001747],[8.412703,50.001753],[8.412718,50.001764]]]},"properties":{"h":3.2}},{"type":"Feature","geometry":{"type":"Polygon","coordinates":[[[8.412537,50.001656],[8.412545,50.00167],[8.412543,50.001684],[8.412534,50.001698],[8.412517,50.001707],[8.412495,50.001712],[8.412473,50.001711],[8.412452,50.001705],[8.412437,50.001694],[8.41243,50.00168],[8.412431,50.001666],[8.412441,50.001653],[8.412458,50.001643],[8.412479,50.001638],[8.412502,50.001639],[8.412522,50.001645],[8.412537,50.001656]]]},"properties":{"h":3.2}},{"type":"Feature","geometry":{"type":"Polygon","coordinates":[[[8.412446,50.001599],[8.412453,50.001613],[8.412452,50.001627],[8.412442,50.001641],[8.412425,50.00165],[8.412404,50.001655],[8.412381,50.001654],[8.412361,50.001648],[8.412345,50.001637],[8.412338,50.001623],[8.412339,50.001609],[8.412349,50.001596],[8.412366,50.001586],[8.412387,50.001581],[8.41241,50.001582],[8.41243,50.001588],[8.412446,50.001599]]]},"properties":{"h":3.2}},{"type":"Feature","geometry":{"type":"Polygon","coordinates":[[[8.41236,50.001543],[8.412367,50.001557],[8.412366,50.001571],[8.412356,50.001585],[8.412339,50.001594],[8.412318,50.001599],[8.412295,50.001598],[8.412275,50.001592],[8.412259,50.001581],[8.412252,50.001567],[8.412253,50.001553],[8.412263,50.00154],[8.41228,50.00153],[8.412301,50.001525],[8.412324,50.001526],[8.412344,50.001532],[8.41236,50.001543]]]},"properties":{"h":3.2}},{"type":"Feature","geometry":{"type":"Polygon","coordinates":[[[8.412268,50.001487],[8.412275,50.0015],[8.412274,50.001515],[8.412264,50.001528],[8.412247,50.001538],[8.412226,50.001543],[8.412203,50.001542],[8.412183,50.001536],[8.412168,50.001525],[8.41216,50.001511],[8.412161,50.001496],[8.412171,50.001483],[8.412188,50.001473],[8.41221,50.001469],[8.412232,50.001469],[8.412253,50.001476],[8.412268,50.001487]]]},"properties":{"h":3.2}},{"type":"Feature","geometry":{"type":"Polygon","coordinates":[[[8.412269,50.001042],[8.412275,50.001054],[8.412274,50.001066],[8.412266,50.001077],[8.412252,50.001084],[8.412234,50.001089],[8.412215,50.001088],[8.412199,50.001083],[8.412186,50.001074],[8.41218,50.001062],[8.412181,50.00105],[8.412189,50.001039],[8.412203,50.001031],[8.412221,50.001027],[8.412239,50.001028],[8.412256,50.001033],[8.412269,50.001042]]]},"properties":{"h":18.0,"cls":"silo"}},{"type":"Feature","geometry":{"type":"Polygon","coordinates":[[[8.412042,50.001442],[8.412049,50.001453],[8.412048,50.001465],[8.412039,50.001476],[8.412025,50.001484],[8.412008,50.001488],[8.411989,50.001488],[8.411972,50.001482],[8.41196,50.001473],[8.411953,50.001462],[8.411954,50.00145],[8.411962,50.001439],[8.411976,50.001431],[8.411994,50.001427],[8.412013,50.001428],[8.41203,50.001433],[8.412042,50.001442]]]},"properties":{"h":3.2}},{"type":"Feature","geometry":{"type":"Polygon","coordinates":[[[8.411165,50.001701],[8.411176,50.001649],[8.411245,50.001654],[8.411235,50.001707],[8.411165,50.001701]]]},"properties":{"h":1.7}},{"type":"Feature","geometry":{"type":"Polygon","coordinates":[[[8.411868,50.001784],[8.411941,50.001722],[8.41209,50.001794],[8.412018,50.001856],[8.411868,50.001784]]]},"properties":{"h":4.6}},{"type":"Feature","geometry":{"type":"Polygon","coordinates":[[[8.411164,50.001825],[8.411182,50.001765],[8.411427,50.001794],[8.41141,50.001854],[8.411164,50.001825]]]},"properties":{"h":7.0}},{"type":"Feature","geometry":{"type":"Polygon","coordinates":[[[8.410523,50.001854],[8.410576,50.001672],[8.410765,50.001697],[8.410712,50.001877],[8.410523,50.001854]]]},"properties":{"h":4.4}},{"type":"Feature","geometry":{"type":"Polygon","coordinates":[[[8.410046,50.002073],[8.40987,50.002052],[8.410048,50.001424],[8.410224,50.001444],[8.410046,50.002073]]]},"properties":{"h":3.9,"cls":"roof"}},{"type":"Feature","geometry":{"type":"Polygon","coordinates":[[[8.410041,50.00139],[8.409934,50.001361],[8.409963,50.001317],[8.41007,50.001347],[8.410041,50.00139]]]},"properties":{"h":2.5}},{"type":"Feature","geometry":{"type":"Polygon","coordinates":[[[8.40791,50.001329],[8.407952,50.001353],[8.407975,50.001386],[8.407978,50.001422],[8.407959,50.001455],[8.407922,50.001482],[8.407871,50.001497],[8.407815,50.001499],[8.407762,50.001487],[8.407721,50.001463],[8.407697,50.00143],[8.407694,50.001394],[8.407713,50.00136],[8.407751,50.001334],[8.407802,50.001318],[8.407858,50.001317],[8.40791,50.001329]]]},"properties":{"h":7.0}},{"type":"Feature","geometry":{"type":"Polygon","coordinates":[[[8.408282,50.001435],[8.408333,50.001453],[8.408369,50.001482],[8.408385,50.001518],[8.408378,50.001554],[8.40835,50.001587],[8.408305,50.00161],[8.40825,50.00162],[8.408193,50.001616],[8.408142,50.001598],[8.408106,50.001569],[8.40809,50.001534],[8.408097,50.001497],[8.408125,50.001464],[8.40817,50.001441],[8.408225,50.001431],[8.408282,50.001435]]]},"properties":{"h":7.0}},{"type":"Feature","geometry":{"type":"Polygon","coordinates":[[[8.408204,50.001403],[8.408079,50.001366],[8.408122,50.001306],[8.408247,50.001343],[8.408204,50.001403]]]},"properties":{"h":16.5}},{"type":"Feature","geometry":{"type":"Polygon","coordinates":[[[8.40852,50.001154],[8.408558,50.001169],[8.408585,50.001193],[8.408595,50.001222],[8.408588,50.001251],[8.408563,50.001276],[8.408526,50.001293],[8.408482,50.001299],[8.408437,50.001295],[8.408398,50.001279],[8.408371,50.001255],[8.408361,50.001226],[8.408369,50.001198],[8.408393,50.001173],[8.40843,50.001156],[8.408475,50.001149],[8.40852,50.001154]]]},"properties":{"h":7.0}},{"type":"Feature","geometry":{"type":"Polygon","coordinates":[[[8.40803,50.001119],[8.407973,50.001199],[8.407866,50.001167],[8.407923,50.001087],[8.40803,50.001119]]]},"properties":{"h":18.0}},{"type":"Feature","geometry":{"type":"Polygon","coordinates":[[[8.406901,50.00102],[8.406784,50.001015],[8.406677,50.000985],[8.406592,50.000934],[8.40654,50.000866],[8.406527,50.000792],[8.406554,50.000718],[8.406618,50.000656],[8.406712,50.000611],[8.406825,50.00059],[8.406941,50.000594],[8.407048,50.000624],[8.407133,50.000676],[8.407185,50.000743],[8.407199,50.000818],[8.407171,50.000891],[8.407107,50.000954],[8.407013,50.000998],[8.406901,50.00102]]]},"properties":{"h":22.2}},{"type":"Feature","geometry":{"type":"Polygon","coordinates":[[[8.408333,50.000924],[8.408368,50.000934],[8.408394,50.000951],[8.408409,50.000974],[8.408408,50.000999],[8.408393,50.001021],[8.408366,50.001038],[8.40833,50.001047],[8.408292,50.001047],[8.408257,50.001037],[8.408231,50.00102],[8.408217,50.000997],[8.408217,50.000973],[8.408233,50.00095],[8.40826,50.000933],[8.408295,50.000924],[8.408333,50.000924]]]},"properties":{"h":27.7}},{"type":"Feature","geometry":{"type":"Polygon","coordinates":[[[8.409219,50.001359],[8.409027,50.001308],[8.409065,50.00125],[8.409256,50.001301],[8.409219,50.001359]]]},"properties":{"h":1.1}},{"type":"Feature","geometry":{"type":"Polygon","coordinates":[[[8.409195,50.001198],[8.409235,50.001141],[8.409466,50.001206],[8.409404,50.001296],[8.409173,50.00123],[8.409195,50.001198]]]},"properties":{"h":7.0}},{"type":"Feature","geometry":{"type":"Polygon","coordinates":[[[8.409195,50.001198],[8.409086,50.001167],[8.409149,50.001075],[8.409258,50.001106],[8.409235,50.001141],[8.409195,50.001198]]]},"properties":{"h":7.0}},{"type":"Feature","geometry":{"type":"Polygon","coordinates":[[[8.409608,50.000548],[8.409629,50.00056],[8.40964,50.000577],[8.409641,50.000595],[8.409631,50.000612],[8.409612,50.000625],[8.409586,50.000632],[8.409558,50.000633],[8.409531,50.000626],[8.409511,50.000614],[8.409499,50.000597],[8.409498,50.000579],[8.409508,50.000562],[8.409528,50.000549],[8.409553,50.000542],[8.409582,50.000541],[8.409608,50.000548]]]},"properties":{"h":22.8}},{"type":"Feature","geometry":{"type":"Polygon","coordinates":[[[8.409822,50.000242],[8.409837,50.000251],[8.409845,50.000264],[8.409845,50.000277],[8.409837,50.00029],[8.409822,50.000299],[8.409802,50.000304],[8.409781,50.000304],[8.409762,50.000299],[8.409747,50.00029],[8.409739,50.000277],[8.409739,50.000264],[8.409747,50.000251],[8.409762,50.000242],[8.409782,50.000236],[8.409803,50.000236],[8.409822,50.000242]]]},"properties":{"h":3.2}},{"type":"Feature","geometry":{"type":"Polygon","coordinates":[[[8.409686,50.000434],[8.4097,50.000444],[8.409706,50.000457],[8.409705,50.000471],[8.409695,50.000483],[8.409679,50.000492],[8.409658,50.000496],[8.409637,50.000495],[8.409618,50.000489],[8.409604,50.000478],[8.409598,50.000465],[8.4096,50.000451],[8.409609,50.000439],[8.409626,50.00043],[8.409646,50.000426],[8.409667,50.000427],[8.409686,50.000434]]]},"properties":{"h":3.2}},{"type":"Feature","geometry":{"type":"Polygon","coordinates":[[[8.409179,50.000505],[8.409158,50.000483],[8.409146,50.000458],[8.409144,50.000432],[8.409151,50.000406],[8.409168,50.000383],[8.409193,50.000362],[8.409225,50.000346],[8.409262,50.000336],[8.409302,50.000331],[8.409342,50.000333],[8.409381,50.000341],[8.409415,50.000354],[8.409444,50.000373],[8.409464,50.000395],[8.409476,50.00042],[8.409479,50.000446],[8.409471,50.000471],[8.409454,50.000495],[8.409429,50.000515],[8.409397,50.000531],[8.40936,50.000542],[8.40932,50.000546],[8.40928,50.000545],[8.409242,50.000537],[8.409207,50.000523],[8.409179,50.000505]]]},"properties":{"h":24.0}},{"type":"Feature","geometry":{"type":"Polygon","coordinates":[[[8.407169,50.000009],[8.407144,49.999983],[8.40713,49.999954],[8.407128,49.999923],[8.407137,49.999893],[8.407156,49.999865],[8.407186,49.999842],[8.407223,49.999823],[8.407267,49.999811],[8.407313,49.999805],[8.407361,49.999807],[8.407406,49.999816],[8.407446,49.999832],[8.40748,49.999854],[8.407504,49.99988],[8.407518,49.999909],[8.40752,49.99994],[8.407512,49.99997],[8.407492,49.999997],[8.407462,50.000021],[8.407425,50.00004],[8.407382,50.000052],[8.407335,50.000058],[8.407288,50.000056],[8.407243,50.000047],[8.407202,50.000031],[8.407169,50.000009]]]},"properties":{"h":16.9}},{"type":"Feature","geometry":{"type":"Polygon","coordinates":[[[8.408707,49.999989],[8.408683,49.999962],[8.408669,49.999933],[8.408666,49.999902],[8.408675,49.999872],[8.408695,49.999844],[8.408724,49.99982],[8.408762,49.999801],[8.408805,49.999789],[8.408853,49.999784],[8.4089,49.999786],[8.408946,49.999795],[8.408986,49.999811],[8.40902,49.999833],[8.409045,49.999859],[8.409059,49.999888],[8.409061,49.999919],[8.409052,49.999949],[8.409033,49.999977],[8.409003,50.000001],[8.408965,50.00002],[8.408922,50.000032],[8.408875,50.000038],[8.408827,50.000036],[8.408782,50.000026],[8.408741,50.000011],[8.408707,49.999989]]]},"properties":{"h":14.6}},{"type":"Feature","geometry":{"type":"Polygon","coordinates":[[[8.408474,50.000314],[8.408449,50.000288],[8.408435,50.000259],[8.408433,50.000228],[8.408442,50.000198],[8.408461,50.00017],[8.408491,50.000146],[8.408528,50.000127],[8.408572,50.000115],[8.408619,50.00011],[8.408667,50.000112],[8.408712,50.000121],[8.408753,50.000137],[8.408786,50.000159],[8.40881,50.000185],[8.408824,50.000214],[8.408827,50.000245],[8.408818,50.000275],[8.408799,50.000303],[8.408769,50.000327],[8.408731,50.000346],[8.408688,50.000358],[8.408641,50.000363],[8.408593,50.000361],[8.408548,50.000352],[8.408507,50.000336],[8.408474,50.000314]]]},"properties":{"h":8.2}},{"type":"Feature","geometry":{"type":"Polygon","coordinates":[[[8.409407,50.000177],[8.409386,50.000153],[8.409373,50.000127],[8.409371,50.0001],[8.409379,50.000074],[8.409396,50.000049],[8.409423,50.000028],[8.409456,50.000011],[8.409495,50.0],[8.409536,49.999995],[8.409578,49.999997],[8.409619,50.000005],[8.409655,50.000019],[8.409684,50.000039],[8.409706,50.000062],[8.409719,50.000088],[8.409721,50.000115],[8.409713,50.000142],[8.409695,50.000166],[8.409669,50.000188],[8.409636,50.000204],[8.409597,50.000215],[8.409556,50.00022],[8.409513,50.000218],[8.409473,50.00021],[8.409437,50.000196],[8.409407,50.000177]]]},"properties":{"h":7.0}},{"type":"Feature","geometry":{"type":"Polygon","coordinates":[[[8.409923,50.000104],[8.409944,50.000117],[8.409955,50.000134],[8.409955,50.000153],[8.409944,50.00017],[8.409924,50.000184],[8.409897,50.000191],[8.409868,50.000191],[8.409841,50.000184],[8.409821,50.000171],[8.409809,50.000153],[8.409809,50.000135],[8.40982,50.000117],[8.409841,50.000104],[8.409868,50.000097],[8.409897,50.000097],[8.409923,50.000104]]]},"properties":{"h":7.0}},{"type":"Feature","geometry":{"type":"Polygon","coordinates":[[[8.414661,50.001777],[8.414144,50.002121],[8.413582,50.001791],[8.41357,50.001664],[8.414003,50.001371],[8.414661,50.001777]]]},"properties":{"h":7.0}},{"type":"Feature","geometry":{"type":"Polygon","coordinates":[[[8.419379,50.000931],[8.419238,50.000812],[8.419425,50.00072],[8.419565,50.000841],[8.419379,50.000931]]]},"properties":{"h":7.4,"cls":"service"}},{"type":"Feature","geometry":{"type":"Polygon","coordinates":[[[8.419663,50.000444],[8.419509,50.000493],[8.419438,50.000402],[8.419593,50.000353],[8.419663,50.000444]]]},"properties":{"h":6.3}},{"type":"Feature","geometry":{"type":"Polygon","coordinates":[[[8.41899,50.000525],[8.418662,50.000362],[8.418723,50.000312],[8.41905,50.000475],[8.41899,50.000525]]]},"properties":{"h":7.0}},{"type":"Feature","geometry":{"type":"Polygon","coordinates":[[[8.418299,49.999959],[8.418415,49.99986],[8.418536,49.999918],[8.418513,49.999938],[8.418809,50.000081],[8.418766,50.000117],[8.41852,49.999998],[8.418387,50.000112],[8.418174,50.00001],[8.418257,49.999939],[8.418299,49.999959]]]},"properties":{"h":7.0}},{"type":"Feature","geometry":{"type":"Polygon","coordinates":[[[8.418257,49.999939],[8.418103,49.999862],[8.41822,49.999765],[8.418415,49.99986],[8.418299,49.999959],[8.418257,49.999939]]]},"properties":{"h":7.0,"cls":"retail"}},{"type":"Feature","geometry":{"type":"Polygon","coordinates":[[[8.419924,50.000256],[8.41982,50.000206],[8.419851,50.00018],[8.419955,50.00023],[8.419924,50.000256]]]},"properties":{"h":3.2}},{"type":"Feature","geometry":{"type":"Polygon","coordinates":[[[8.420122,50.000164],[8.419992,50.000103],[8.420031,50.00007],[8.419963,50.000037],[8.420036,49.999974],[8.420233,50.000068],[8.420122,50.000164]]]},"properties":{"h":7.8}},{"type":"Feature","geometry":{"type":"Polygon","coordinates":[[[8.420752,49.999843],[8.42065,49.999905],[8.420621,49.999885],[8.420724,49.999823],[8.420752,49.999843]]]},"properties":{"h":3.2}},{"type":"Feature","geometry":{"type":"Polygon","coordinates":[[[8.422363,49.999814],[8.422273,49.999744],[8.422434,49.999659],[8.422524,49.999729],[8.422363,49.999814]]]},"properties":{"h":5.3}},{"type":"Feature","geometry":{"type":"Polygon","coordinates":[[[8.421512,50.000441],[8.421456,50.000401],[8.421516,50.000366],[8.421572,50.000406],[8.421512,50.000441]]]},"properties":{"h":3.2}},{"type":"Feature","geometry":{"type":"Polygon","coordinates":[[[8.421437,50.000496],[8.420901,50.000765],[8.420856,50.000711],[8.421323,50.000427],[8.421437,50.000496]]]},"properties":{"h":4.1}},{"type":"Feature","geometry":{"type":"Polygon","coordinates":[[[8.421017,50.000902],[8.420919,50.000783],[8.421446,50.000517],[8.421601,50.000608],[8.421323,50.000748],[8.421303,50.000731],[8.421274,50.000745],[8.421294,50.000761],[8.421017,50.000902]]]},"properties":{"h":7.0,"cls":"grandstand"}},{"type":"Feature","geometry":{"type":"Polygon","coordinates":[[[8.422245,50.00027],[8.422185,50.000313],[8.422118,50.000282],[8.422173,50.000233],[8.422245,50.00027]]]},"properties":{"h":3.1}},{"type":"Feature","geometry":{"type":"Polygon","coordinates":[[[8.42325,50.000473],[8.423158,50.000405],[8.423275,50.00034],[8.423366,50.000408],[8.42325,50.000473]]]},"properties":{"h":5.1}},{"type":"Feature","geometry":{"type":"Polygon","coordinates":[[[8.423424,50.000609],[8.423305,50.000518],[8.423418,50.000457],[8.423537,50.000547],[8.423424,50.000609]]]},"properties":{"h":5.8}},{"type":"Feature","geometry":{"type":"Polygon","coordinates":[[[8.4236,50.000745],[8.423479,50.00066],[8.423596,50.000591],[8.423717,50.000677],[8.4236,50.000745]]]},"properties":{"h":5.8}},{"type":"Feature","geometry":{"type":"Polygon","coordinates":[[[8.423087,50.000349],[8.422913,50.000216],[8.423047,50.000144],[8.423221,50.000277],[8.423087,50.000349]]]},"properties":{"h":8.6}},{"type":"Feature","geometry":{"type":"Polygon","coordinates":[[[8.422773,50.000106],[8.422678,50.000032],[8.422816,49.999959],[8.422911,50.000033],[8.422773,50.000106]]]},"properties":{"h":6.3}},{"type":"Feature","geometry":{"type":"Polygon","coordinates":[[[8.423187,50.000138],[8.42311,50.000076],[8.423177,50.000042],[8.423254,50.000104],[8.423187,50.000138]]]},"properties":{"h":3.7}},{"type":"Feature","geometry":{"type":"Polygon","coordinates":[[[8.423291,49.999953],[8.423236,50.000015],[8.423195,50.0],[8.42325,49.999938],[8.423291,49.999953]]]},"properties":{"h":3.2}},{"type":"Feature","geometry":{"type":"Polygon","coordinates":[[[8.423437,49.999969],[8.423325,49.99993],[8.423388,49.999856],[8.4235,49.999896],[8.423437,49.999969]]]},"properties":{"h":5.4}},{"type":"Feature","geometry":{"type":"Polygon","coordinates":[[[8.423274,49.999911],[8.423167,49.999872],[8.423227,49.999803],[8.423334,49.999842],[8.423274,49.999911]]]},"properties":{"h":6.3}},{"type":"Feature","geometry":{"type":"Polygon","coordinates":[[[8.423113,49.99991],[8.423058,49.999972],[8.42304,49.999965],[8.422963,49.999937],[8.422921,49.999922],[8.422976,49.999859],[8.423113,49.99991]]]},"properties":{"h":2.2}},{"type":"Feature","geometry":{"type":"Polygon","coordinates":[[[8.42304,49.999965],[8.422999,49.999996],[8.422935,49.999967],[8.422963,49.999937],[8.42304,49.999965]]]},"properties":{"h":3.2}},{"type":"Feature","geometry":{"type":"Polygon","coordinates":[[[8.422606,49.999991],[8.422505,49.999912],[8.422624,49.99985],[8.422724,49.999928],[8.422606,49.999991]]]},"properties":{"h":6.4}},{"type":"Feature","geometry":{"type":"Polygon","coordinates":[[[8.422773,49.999707],[8.422721,49.999765],[8.42268,49.99975],[8.422732,49.999691],[8.422773,49.999707]]]},"properties":{"h":3.2}},{"type":"Feature","geometry":{"type":"Polygon","coordinates":[[[8.423058,49.999795],[8.422924,49.999749],[8.422982,49.99968],[8.423115,49.999725],[8.423058,49.999795]]]},"properties":{"h":4.8}},{"type":"Feature","geometry":{"type":"Polygon","coordinates":[[[8.423292,50.001251],[8.423201,50.001297],[8.423162,50.001265],[8.423178,50.001257],[8.423036,50.001142],[8.42311,50.001104],[8.423292,50.001251]]]},"properties":{"h":7.0}},{"type":"Feature","geometry":{"type":"Polygon","coordinates":[[[8.4213,50.001659],[8.421242,50.001611],[8.421313,50.001575],[8.421372,50.001623],[8.4213,50.001659]]]},"properties":{"h":0.6}},{"type":"Feature","geometry":{"type":"Polygon","coordinates":[[[8.421044,50.001864],[8.421009,50.001837],[8.421048,50.001816],[8.421083,50.001843],[8.421044,50.001864]]]},"properties":{"h":3.2}},{"type":"Feature","geometry":{"type":"Polygon","coordinates":[[[8.423305,50.002307],[8.423153,50.002383],[8.422581,50.00191],[8.422733,50.001834],[8.423305,50.002307]]]},"properties":{"h":4.1,"cls":"sports_centre"}},{"type":"Feature","geometry":{"type":"Polygon","coordinates":[[[8.423474,50.003822],[8.423196,50.003639],[8.423341,50.003548],[8.423363,50.003534],[8.423471,50.003605],[8.423443,50.003622],[8.423613,50.003735],[8.423474,50.003822]]]},"properties":{"h":6.8,"cls":"boathouse"}},{"type":"Feature","geometry":{"type":"Polygon","coordinates":[[[8.42259,50.003185],[8.422466,50.003114],[8.422489,50.003098],[8.422533,50.003065],[8.422674,50.003145],[8.422631,50.003176],[8.422615,50.003167],[8.42259,50.003185]]]},"properties":{"h":2.7,"cls":"service"}},{"type":"Feature","geometry":{"type":"Polygon","coordinates":[[[8.423501,49.999737],[8.423391,49.999698],[8.42345,49.999628],[8.423561,49.999668],[8.423501,49.999737]]]},"properties":{"h":5.3}},{"type":"Feature","geometry":{"type":"Polygon","coordinates":[[[8.423431,49.999595],[8.423438,49.999587],[8.423495,49.999522],[8.423536,49.999537],[8.423472,49.999609],[8.423431,49.999595]]]},"properties":{"h":3.0,"cls":"garage"}},{"type":"Feature","geometry":{"type":"Polygon","coordinates":[[[8.423495,49.999522],[8.423438,49.999587],[8.423397,49.999572],[8.423454,49.999507],[8.423495,49.999522]]]},"properties":{"h":2.0,"cls":"garage"}},{"type":"Feature","geometry":{"type":"Polygon","coordinates":[[[8.423402,49.999282],[8.423446,49.999212],[8.423523,49.999232],[8.423553,49.99924],[8.42351,49.999309],[8.423402,49.999282]]]},"properties":{"h":7.0}},{"type":"Feature","geometry":{"type":"Polygon","coordinates":[[[8.423486,49.999455],[8.423444,49.999443],[8.423462,49.999417],[8.423505,49.99943],[8.423486,49.999455]]]},"properties":{"h":2.0}},{"type":"Feature","geometry":{"type":"Polygon","coordinates":[[[8.423013,49.999308],[8.422924,49.999281],[8.422945,49.999252],[8.423034,49.999279],[8.423013,49.999308]]]},"properties":{"h":3.8,"cls":"garage"}},{"type":"Feature","geometry":{"type":"Polygon","coordinates":[[[8.422716,49.999461],[8.422602,49.99942],[8.422677,49.999333],[8.422791,49.999374],[8.422716,49.999461]]]},"properties":{"h":5.4}},{"type":"Feature","geometry":{"type":"Polygon","coordinates":[[[8.422953,49.999548],[8.422842,49.999509],[8.422905,49.999435],[8.423016,49.999474],[8.422953,49.999548]]]},"properties":{"h":7.0}},{"type":"Feature","geometry":{"type":"Polygon","coordinates":[[[8.423289,49.999558],[8.423181,49.99952],[8.423221,49.999474],[8.42324,49.99948],[8.423311,49.999398],[8.4234,49.999429],[8.423289,49.999558]]]},"properties":{"h":4.2}},{"type":"Feature","geometry":{"type":"Polygon","coordinates":[[[8.423144,49.999646],[8.423031,49.999606],[8.423091,49.999536],[8.423204,49.999576],[8.423144,49.999646]]]},"properties":{"h":7.0}},{"type":"Feature","geometry":{"type":"Polygon","coordinates":[[[8.423336,49.999676],[8.423232,49.999639],[8.423288,49.999575],[8.423392,49.999612],[8.423336,49.999676]]]},"properties":{"h":4.6}},{"type":"Feature","geometry":{"type":"Polygon","coordinates":[[[8.422847,49.999718],[8.422739,49.999678],[8.422796,49.999613],[8.422905,49.999653],[8.422847,49.999718]]]},"properties":{"h":3.9}},{"type":"Feature","geometry":{"type":"Polygon","coordinates":[[[8.4227,49.999639],[8.4226,49.999605],[8.422645,49.99955],[8.422745,49.999584],[8.4227,49.999639]]]},"properties":{"h":3.2}},{"type":"Feature","geometry":{"type":"Polygon","coordinates":[[[8.422572,49.999723],[8.422508,49.999683],[8.422549,49.999656],[8.422614,49.999696],[8.422572,49.999723]]]},"properties":{"h":2.2}},{"type":"Feature","geometry":{"type":"Polygon","coordinates":[[[8.422582,49.999627],[8.422436,49.999577],[8.422499,49.999501],[8.422645,49.99955],[8.4226,49.999605],[8.422582,49.999627]]]},"properties":{"h":7.0}},{"type":"Feature","geometry":{"type":"Polygon","coordinates":[[[8.420763,49.999639],[8.420687,49.999592],[8.420809,49.99951],[8.420874,49.999549],[8.420974,49.999482],[8.421015,49.999506],[8.420858,49.999612],[8.420829,49.999595],[8.420763,49.999639]]]},"properties":{"h":7.0}},{"type":"Feature","geometry":{"type":"Polygon","coordinates":[[[8.420809,49.99951],[8.420757,49.999478],[8.420858,49.99941],[8.420974,49.999482],[8.420874,49.999549],[8.420809,49.99951]]]},"properties":{"h":6.5}},{"type":"Feature","geometry":{"type":"Polygon","coordinates":[[[8.421156,49.999337],[8.421095,49.999384],[8.421052,49.999362],[8.421112,49.999314],[8.421156,49.999337]]]},"properties":{"h":2.5}},{"type":"Feature","geometry":{"type":"Polygon","coordinates":[[[8.421303,49.999154],[8.421174,49.999091],[8.421286,49.998997],[8.421415,49.999059],[8.421303,49.999154]]]},"properties":{"h":6.8}},{"type":"Feature","geometry":{"type":"Polygon","coordinates":[[[8.420948,49.999084],[8.42091,49.999064],[8.421051,49.998946],[8.421191,49.999015],[8.42105,49.999133],[8.420948,49.999084]]]},"properties":{"h":6.1}},{"type":"Feature","geometry":{"type":"Polygon","coordinates":[[[8.420969,49.999002],[8.420893,49.999036],[8.420851,49.998998],[8.420927,49.998963],[8.420969,49.999002]]]},"properties":{"h":3.5}},{"type":"Feature","geometry":{"type":"Polygon","coordinates":[[[8.420909,49.998949],[8.420713,49.99886],[8.420812,49.99877],[8.421008,49.998859],[8.420909,49.998949]]]},"properties":{"h":6.2}},{"type":"Feature","geometry":{"type":"Polygon","coordinates":[[[8.423066,49.998815],[8.42268,49.998721],[8.422735,49.998627],[8.423121,49.998721],[8.423066,49.998815]]]},"properties":{"h":6.4,"cls":"house"}},{"type":"Feature","geometry":{"type":"Polygon","coordinates":[[[8.423379,49.998754],[8.423352,49.998747],[8.423397,49.998677],[8.423458,49.998693],[8.423413,49.998763],[8.423379,49.998754]]]},"properties":{"h":2.5,"cls":"garage"}},{"type":"Feature","geometry":{"type":"Polygon","coordinates":[[[8.423291,49.998866],[8.423169,49.998836],[8.423212,49.998762],[8.423334,49.998792],[8.423291,49.998866]]]},"properties":{"h":6.2,"cls":"house"}},{"type":"Feature","geometry":{"type":"Polygon","coordinates":[[[8.423445,49.998901],[8.423333,49.998873],[8.423378,49.998798],[8.42349,49.998826],[8.423445,49.998901]]]},"properties":{"h":7.5,"cls":"house"}},{"type":"Feature","geometry":{"type":"Polygon","coordinates":[[[8.422584,49.998965],[8.422598,49.998938],[8.422658,49.998951],[8.422644,49.998978],[8.422584,49.998965]]]},"properties":{"h":3.2,"cls":"service"}},{"type":"Feature","geometry":{"type":"Polygon","coordinates":[[[8.422945,49.999247],[8.422771,49.999201],[8.422821,49.999122],[8.422996,49.999168],[8.422945,49.999247]]]},"properties":{"h":5.3}},{"type":"Feature","geometry":{"type":"Polygon","coordinates":[[[8.42296,49.999111],[8.42287,49.999089],[8.422916,49.999013],[8.423031,49.999042],[8.423027,49.999049],[8.422988,49.999112],[8.422983,49.999111],[8.422963,49.999106],[8.42296,49.999111]]]},"properties":{"h":7.0}},{"type":"Feature","geometry":{"type":"Polygon","coordinates":[[[8.422978,49.999119],[8.422983,49.999111],[8.422988,49.999112],[8.423027,49.999049],[8.423066,49.999059],[8.42307,49.999052],[8.423109,49.999061],[8.423079,49.999111],[8.423096,49.999115],[8.423078,49.999144],[8.422978,49.999119]]]},"properties":{"h":3.2}},{"type":"Feature","geometry":{"type":"Polygon","coordinates":[[[8.423321,49.999196],[8.423188,49.999161],[8.423238,49.999085],[8.42337,49.999121],[8.423321,49.999196]]]},"properties":{"h":4.2}},{"type":"Feature","geometry":{"type":"Polygon","coordinates":[[[8.423446,49.999212],[8.423405,49.999201],[8.423449,49.99913],[8.423568,49.999161],[8.423523,49.999232],[8.423446,49.999212]]]},"properties":{"h":7.0}},{"type":"Feature","geometry":{"type":"Polygon","coordinates":[[[8.423484,49.998911],[8.423532,49.998832],[8.423635,49.998857],[8.423587,49.998937],[8.423484,49.998911]]]},"properties":{"h":4.6,"cls":"house"}},{"type":"Feature","geometry":{"type":"Polygon","coordinates":[[[8.423462,49.998556],[8.423516,49.998555],[8.423517,49.998602],[8.423463,49.998602],[8.423462,49.998556]]]},"properties":{"h":5.1}},{"type":"Feature","geometry":{"type":"Polygon","coordinates":[[[8.423586,49.998464],[8.423584,49.998547],[8.423435,49.998546],[8.423436,49.998477],[8.423464,49.998477],[8.423465,49.998436],[8.423586,49.998437],[8.423586,49.998464]]]},"properties":{"h":7.5,"cls":"house"}},{"type":"Feature","geometry":{"type":"Polygon","coordinates":[[[8.423641,49.998302],[8.423487,49.998301],[8.423488,49.998224],[8.423642,49.998225],[8.423641,49.998302]]]},"properties":{"h":5.9,"cls":"house"}},{"type":"Feature","geometry":{"type":"Polygon","coordinates":[[[8.422927,49.99833],[8.422928,49.998246],[8.423103,49.998247],[8.423102,49.998331],[8.422927,49.99833]]]},"properties":{"h":5.3,"cls":"house"}},{"type":"Feature","geometry":{"type":"Polygon","coordinates":[[[8.423458,49.998298],[8.423292,49.998297],[8.423294,49.998217],[8.42346,49.998218],[8.423458,49.998298]]]},"properties":{"h":6.3,"cls":"house"}},{"type":"Feature","geometry":{"type":"Polygon","coordinates":[[[8.42268,49.998203],[8.422601,49.998204],[8.4226,49.998166],[8.422679,49.998165],[8.42268,49.998203]]]},"properties":{"h":3.2}},{"type":"Feature","geometry":{"type":"Polygon","coordinates":[[[8.422555,49.998312],[8.422563,49.998241],[8.422687,49.998247],[8.422678,49.998318],[8.422555,49.998312]]]},"properties":{"h":7.5,"cls":"house"}},{"type":"Feature","geometry":{"type":"Polygon","coordinates":[[[8.422733,49.998324],[8.422734,49.998247],[8.422899,49.998247],[8.422899,49.998324],[8.422733,49.998324]]]},"properties":{"h":6.1,"cls":"house"}},{"type":"Feature","geometry":{"type":"Polygon","coordinates":[[[8.422731,49.998591],[8.422627,49.998576],[8.422643,49.998433],[8.422742,49.998436],[8.422731,49.998591]]]},"properties":{"h":7.0}},{"type":"Feature","geometry":{"type":"Polygon","coordinates":[[[8.422842,49.998501],[8.422785,49.9985],[8.422786,49.998457],[8.422805,49.998457],[8.422805,49.998429],[8.422912,49.99843],[8.422909,49.998551],[8.422841,49.998551],[8.422842,49.998501]]]},"properties":{"h":7.5,"cls":"house"}},{"type":"Feature","geometry":{"type":"Polygon","coordinates":[[[8.42341,49.998518],[8.423278,49.998517],[8.42328,49.998445],[8.423412,49.998446],[8.42341,49.998518]]]},"properties":{"h":7.5,"cls":"house"}},{"type":"Feature","geometry":{"type":"Polygon","coordinates":[[[8.423238,49.998517],[8.423109,49.998516],[8.42311,49.99844],[8.42324,49.998441],[8.423238,49.998517]]]},"properties":{"h":7.5,"cls":"house"}},{"type":"Feature","geometry":{"type":"Polygon","coordinates":[[[8.423071,49.998517],[8.422943,49.998516],[8.422945,49.998443],[8.423073,49.998444],[8.423071,49.998517]]]},"properties":{"h":4.7,"cls":"house"}},{"type":"Feature","geometry":{"type":"Polygon","coordinates":[[[8.422482,49.998665],[8.422326,49.998633],[8.422365,49.998555],[8.422521,49.998587],[8.422482,49.998665]]]},"properties":{"h":7.5,"cls":"house"}},{"type":"Feature","geometry":{"type":"Polygon","coordinates":[[[8.422415,49.998479],[8.422426,49.998422],[8.422562,49.998429],[8.422559,49.998454],[8.422604,49.998458],[8.422589,49.998534],[8.422522,49.99853],[8.422515,49.998558],[8.422372,49.998537],[8.422386,49.998487],[8.422415,49.998479]]]},"properties":{"h":7.5,"cls":"house"}},{"type":"Feature","geometry":{"type":"Polygon","coordinates":[[[8.420979,49.998182],[8.420827,49.998171],[8.420844,49.99808],[8.420995,49.998092],[8.420979,49.998182]]]},"properties":{"h":6.8}},{"type":"Feature","geometry":{"type":"Polygon","coordinates":[[[8.421231,49.998244],[8.421097,49.998231],[8.421122,49.998122],[8.421256,49.998135],[8.421231,49.998244]]]},"properties":{"h":7.7}},{"type":"Feature","geometry":{"type":"Polygon","coordinates":[[[8.421399,49.998248],[8.421408,49.998201],[8.421344,49.998196],[8.42136,49.99811],[8.421552,49.998125],[8.421543,49.998174],[8.421528,49.998257],[8.421399,49.998248]]]},"properties":{"h":7.0}},{"type":"Feature","geometry":{"type":"Polygon","coordinates":[[[8.421682,49.998269],[8.421528,49.998257],[8.421543,49.998174],[8.421697,49.998185],[8.421682,49.998269]]]},"properties":{"h":7.0}},{"type":"Feature","geometry":{"type":"Polygon","coordinates":[[[8.421702,49.998111],[8.421695,49.998154],[8.421628,49.998149],[8.421635,49.998106],[8.421702,49.998111]]]},"properties":{"h":3.8}},{"type":"Feature","geometry":{"type":"Polygon","coordinates":[[[8.421695,49.998154],[8.421702,49.998111],[8.421744,49.998113],[8.421737,49.998157],[8.421695,49.998154]]]},"properties":{"h":3.2}},{"type":"Feature","geometry":{"type":"Polygon","coordinates":[[[8.421886,49.998163],[8.42178,49.998159],[8.421783,49.998122],[8.421889,49.998125],[8.421886,49.998163]]]},"properties":{"h":3.2}},{"type":"Feature","geometry":{"type":"Polygon","coordinates":[[[8.421826,49.99828],[8.421841,49.998196],[8.421956,49.998204],[8.421941,49.998288],[8.421826,49.99828]]]},"properties":{"h":7.0}},{"type":"Feature","geometry":{"type":"Polygon","coordinates":[[[8.421826,49.99828],[8.421682,49.998269],[8.421697,49.998185],[8.421841,49.998196],[8.421826,49.99828]]]},"properties":{"h":7.0}},{"type":"Feature","geometry":{"type":"Polygon","coordinates":[[[8.422343,49.998308],[8.422238,49.998303],[8.422249,49.998202],[8.422358,49.998209],[8.422343,49.998308]]]},"properties":{"h":3.0,"cls":"garage"}},{"type":"Feature","geometry":{"type":"Polygon","coordinates":[[[8.422363,49.998225],[8.422514,49.998231],[8.422506,49.998304],[8.422355,49.998298],[8.422363,49.998225]]]},"properties":{"h":7.5,"cls":"house"}},{"type":"Feature","geometry":{"type":"Polygon","coordinates":[[[8.422229,49.998302],[8.42207,49.998296],[8.422079,49.998199],[8.422238,49.998205],[8.422229,49.998302]]]},"properties":{"h":12.0,"cls":"apartments"}},{"type":"Feature","geometry":{"type":"Polygon","coordinates":[[[8.422401,49.998202],[8.422346,49.998194],[8.422362,49.998147],[8.422417,49.998155],[8.422401,49.998202]]]},"properties":{"h":3.2}},{"type":"Feature","geometry":{"type":"Polygon","coordinates":[[[8.422518,49.998205],[8.422466,49.998201],[8.422476,49.998146],[8.422528,49.998151],[8.422518,49.998205]]]},"properties":{"h":3.2}},{"type":"Feature","geometry":{"type":"Polygon","coordinates":[[[8.422383,49.998088],[8.422304,49.99808],[8.422313,49.998045],[8.422392,49.998054],[8.422383,49.998088]]]},"properties":{"h":3.2}},{"type":"Feature","geometry":{"type":"Polygon","coordinates":[[[8.42231,49.998085],[8.422298,49.998131],[8.422167,49.998117],[8.42218,49.99807],[8.42231,49.998085]]]},"properties":{"h":3.2}},{"type":"Feature","geometry":{"type":"Polygon","coordinates":[[[8.422264,49.998071],[8.422139,49.998056],[8.422158,49.99799],[8.422283,49.998005],[8.422264,49.998071]]]},"properties":{"h":7.0}},{"type":"Feature","geometry":{"type":"Polygon","coordinates":[[[8.422408,49.997994],[8.422328,49.997986],[8.42234,49.99794],[8.422419,49.997949],[8.422408,49.997994]]]},"properties":{"h":3.5}},{"type":"Feature","geometry":{"type":"Polygon","coordinates":[[[8.422289,49.997978],[8.422161,49.997962],[8.422183,49.997885],[8.422312,49.9979],[8.422289,49.997978]]]},"properties":{"h":5.1}},{"type":"Feature","geometry":{"type":"Polygon","coordinates":[[[8.422037,49.997925],[8.422017,49.998],[8.421773,49.997973],[8.421785,49.997926],[8.421919,49.997941],[8.421927,49.997912],[8.422037,49.997925]]]},"properties":{"h":5.4}},{"type":"Feature","geometry":{"type":"Polygon","coordinates":[[[8.421898,49.997886],[8.421811,49.997879],[8.421819,49.997838],[8.421906,49.997844],[8.421898,49.997886]]]},"properties":{"h":2.3}},{"type":"Feature","geometry":{"type":"Polygon","coordinates":[[[8.42199,49.998098],[8.421719,49.998071],[8.421729,49.998029],[8.421854,49.998041],[8.42186,49.998015],[8.422007,49.99803],[8.42199,49.998098]]]},"properties":{"h":5.6}},{"type":"Feature","geometry":{"type":"Polygon","coordinates":[[[8.421337,49.998031],[8.421355,49.99798],[8.421431,49.997991],[8.421413,49.998042],[8.421337,49.998031]]]},"properties":{"h":3.5}},{"type":"Feature","geometry":{"type":"Polygon","coordinates":[[[8.420913,49.998049],[8.420819,49.998028],[8.420845,49.997981],[8.420938,49.998002],[8.420913,49.998049]]]},"properties":{"h":2.3}},{"type":"Feature","geometry":{"type":"Polygon","coordinates":[[[8.42141,49.997905],[8.421204,49.99788],[8.421224,49.99781],[8.42143,49.997835],[8.42141,49.997905]]]},"properties":{"h":4.9}},{"type":"Feature","geometry":{"type":"Polygon","coordinates":[[[8.421303,49.998005],[8.421169,49.997989],[8.421192,49.997913],[8.421326,49.997929],[8.421303,49.998005]]]},"properties":{"h":6.0}},{"type":"Feature","geometry":{"type":"Polygon","coordinates":[[[8.421422,49.997978],[8.421353,49.99797],[8.421365,49.997931],[8.421434,49.99794],[8.421422,49.997978]]]},"properties":{"h":2.3}},{"type":"Feature","geometry":{"type":"Polygon","coordinates":[[[8.421586,49.997794],[8.42142,49.997773],[8.42143,49.99774],[8.421596,49.997761],[8.421586,49.997794]]]},"properties":{"h":1.9}},{"type":"Feature","geometry":{"type":"Polygon","coordinates":[[[8.421359,49.997793],[8.421233,49.997778],[8.421253,49.997707],[8.421379,49.997722],[8.421359,49.997793]]]},"properties":{"h":4.7}},{"type":"Feature","geometry":{"type":"Polygon","coordinates":[[[8.42108,49.997797],[8.421059,49.997868],[8.420946,49.997854],[8.420967,49.997783],[8.42108,49.997797]]]},"properties":{"h":5.5}},{"type":"Feature","geometry":{"type":"Polygon","coordinates":[[[8.421097,49.997763],[8.420985,49.99775],[8.421005,49.997682],[8.421117,49.997695],[8.421097,49.997763]]]},"properties":{"h":7.0}},{"type":"Feature","geometry":{"type":"Polygon","coordinates":[[[8.42096,49.997683],[8.420832,49.997667],[8.420848,49.997614],[8.420976,49.99763],[8.42096,49.997683]]]},"properties":{"h":3.9}},{"type":"Feature","geometry":{"type":"Polygon","coordinates":[[[8.421121,49.997659],[8.421017,49.997646],[8.421036,49.997584],[8.42114,49.997596],[8.421121,49.997659]]]},"properties":{"h":3.2}},{"type":"Feature","geometry":{"type":"Polygon","coordinates":[[[8.421384,49.997689],[8.421263,49.997675],[8.421284,49.997603],[8.421404,49.997617],[8.421384,49.997689]]]},"properties":{"h":7.0}},{"type":"Feature","geometry":{"type":"Polygon","coordinates":[[[8.421877,49.997632],[8.421889,49.997601],[8.421954,49.997611],[8.421942,49.997642],[8.421877,49.997632]]]},"properties":{"h":1.9}},{"type":"Feature","geometry":{"type":"Polygon","coordinates":[[[8.422098,49.997712],[8.421977,49.997696],[8.422005,49.997607],[8.422126,49.997622],[8.422098,49.997712]]]},"properties":{"h":5.7}},{"type":"Feature","geometry":{"type":"Polygon","coordinates":[[[8.421845,49.997726],[8.421854,49.997676],[8.421946,49.997683],[8.421937,49.997733],[8.421845,49.997726]]]},"properties":{"h":3.2}},{"type":"Feature","geometry":{"type":"Polygon","coordinates":[[[8.422043,49.997897],[8.421932,49.997884],[8.421954,49.997804],[8.421922,49.9978],[8.421938,49.997744],[8.422081,49.99776],[8.422043,49.997897]]]},"properties":{"h":5.1}},{"type":"Feature","geometry":{"type":"Polygon","coordinates":[[[8.422339,49.997875],[8.422192,49.99786],[8.42221,49.997786],[8.422358,49.997801],[8.422339,49.997875]]]},"properties":{"h":6.5}},{"type":"Feature","geometry":{"type":"Polygon","coordinates":[[[8.42237,49.997713],[8.422239,49.997697],[8.422263,49.997615],[8.422394,49.997631],[8.422385,49.997664],[8.42237,49.997713]]]},"properties":{"h":7.0}},{"type":"Feature","geometry":{"type":"Polygon","coordinates":[[[8.42247,49.99764],[8.422486,49.997583],[8.422547,49.997591],[8.42253,49.997648],[8.42247,49.99764]]]},"properties":{"h":3.2}},{"type":"Feature","geometry":{"type":"Polygon","coordinates":[[[8.42247,49.99764],[8.422421,49.997634],[8.422451,49.997533],[8.422499,49.997539],[8.422486,49.997583],[8.42247,49.99764]]]},"properties":{"h":3.2}},{"type":"Feature","geometry":{"type":"Polygon","coordinates":[[[8.422538,49.997683],[8.422385,49.997664],[8.422394,49.997631],[8.422421,49.997634],[8.42247,49.99764],[8.42253,49.997648],[8.422763,49.997676],[8.422753,49.997709],[8.422653,49.997697],[8.422649,49.997712],[8.422534,49.997698],[8.422538,49.997683]]]},"properties":{"h":7.0}},{"type":"Feature","geometry":{"type":"Polygon","coordinates":[[[8.423111,49.99777],[8.422972,49.997768],[8.422978,49.997565],[8.423117,49.997567],[8.423111,49.99777]]]},"properties":{"h":7.0}},{"type":"Feature","geometry":{"type":"Polygon","coordinates":[[[8.423457,49.997897],[8.423295,49.997893],[8.423314,49.997574],[8.423476,49.997577],[8.423457,49.997897]]]},"properties":{"h":7.3,"cls":"house"}},{"type":"Feature","geometry":{"type":"Polygon","coordinates":[[[8.423107,49.997922],[8.422968,49.99792],[8.422972,49.997768],[8.423111,49.99777],[8.423107,49.997922]]]},"properties":{"h":7.0}},{"type":"Feature","geometry":{"type":"Polygon","coordinates":[[[8.422638,49.99783],[8.422441,49.997805],[8.422454,49.997765],[8.422651,49.997791],[8.422638,49.99783]]]},"properties":{"h":7.0}},{"type":"Feature","geometry":{"type":"Polygon","coordinates":[[[8.422898,49.997996],[8.422822,49.997995],[8.422823,49.997948],[8.4229,49.997949],[8.422898,49.997996]]]},"properties":{"h":3.2}},{"type":"Feature","geometry":{"type":"Polygon","coordinates":[[[8.42312,49.998075],[8.42296,49.998074],[8.422963,49.99798],[8.423122,49.997982],[8.42312,49.998075]]]},"properties":{"h":6.5}},{"type":"Feature","geometry":{"type":"Polygon","coordinates":[[[8.423473,49.998052],[8.423304,49.99805],[8.423306,49.997954],[8.423476,49.997956],[8.423473,49.998052]]]},"properties":{"h":5.6,"cls":"house"}},{"type":"Feature","geometry":{"type":"Polygon","coordinates":[[[8.423493,49.997962],[8.423494,49.997937],[8.423618,49.997939],[8.423616,49.997965],[8.423493,49.997962]]]},"properties":{"h":1.4}},{"type":"Feature","geometry":{"type":"Polygon","coordinates":[[[8.422905,49.99758],[8.422751,49.997562],[8.422775,49.99748],[8.422929,49.997499],[8.422905,49.99758]]]},"properties":{"h":7.0}},{"type":"Feature","geometry":{"type":"Polygon","coordinates":[[[8.422681,49.997549],[8.422543,49.997534],[8.422565,49.997454],[8.422703,49.997469],[8.422681,49.997549]]]},"properties":{"h":7.0}},{"type":"Feature","geometry":{"type":"Polygon","coordinates":[[[8.422449,49.997502],[8.4223,49.997483],[8.422328,49.997393],[8.422477,49.997412],[8.422449,49.997502]]]},"properties":{"h":3.5}},{"type":"Feature","geometry":{"type":"Polygon","coordinates":[[[8.421466,49.997559],[8.421475,49.997526],[8.421536,49.997533],[8.421527,49.997566],[8.421466,49.997559]]]},"properties":{"h":3.2}},{"type":"Feature","geometry":{"type":"Polygon","coordinates":[[[8.421446,49.997481],[8.421463,49.99742],[8.421763,49.997453],[8.421735,49.997554],[8.421592,49.997538],[8.421603,49.997498],[8.421446,49.997481]]]},"properties":{"h":7.0}},{"type":"Feature","geometry":{"type":"Polygon","coordinates":[[[8.421435,49.997521],[8.421311,49.997507],[8.42134,49.997405],[8.421463,49.99742],[8.421446,49.997481],[8.421435,49.997521]]]},"properties":{"h":7.0}},{"type":"Feature","geometry":{"type":"Polygon","coordinates":[[[8.421417,49.997586],[8.421294,49.997572],[8.421311,49.997507],[8.421435,49.997521],[8.421417,49.997586]]]},"properties":{"h":7.0}},{"type":"Feature","geometry":{"type":"Polygon","coordinates":[[[8.421155,49.997569],[8.421036,49.997554],[8.421058,49.99748],[8.421177,49.997495],[8.421155,49.997569]]]},"properties":{"h":5.9}},{"type":"Feature","geometry":{"type":"Polygon","coordinates":[[[8.42087,49.997589],[8.420879,49.997566],[8.42098,49.997581],[8.420972,49.997604],[8.42087,49.997589]]]},"properties":{"h":3.7}},{"type":"Feature","geometry":{"type":"Polygon","coordinates":[[[8.421,49.997521],[8.420894,49.997508],[8.420907,49.997466],[8.421012,49.997479],[8.421,49.997521]]]},"properties":{"h":3.2}},{"type":"Feature","geometry":{"type":"Polygon","coordinates":[[[8.420205,49.997598],[8.420083,49.997583],[8.420104,49.997515],[8.420226,49.997531],[8.420217,49.997559],[8.420205,49.997598]]]},"properties":{"h":7.0}},{"type":"Feature","geometry":{"type":"Polygon","coordinates":[[[8.420338,49.997508],[8.420266,49.997499],[8.420278,49.997461],[8.420349,49.99747],[8.420338,49.997508]]]},"properties":{"h":3.2}},{"type":"Feature","geometry":{"type":"Polygon","coordinates":[[[8.41953,49.997512],[8.419478,49.99749],[8.419532,49.997437],[8.419584,49.997459],[8.41953,49.997512]]]},"properties":{"h":2.8}},{"type":"Feature","geometry":{"type":"Polygon","coordinates":[[[8.419884,49.99752],[8.419838,49.997515],[8.419856,49.99745],[8.419981,49.997465],[8.419963,49.997529],[8.419884,49.99752]]]},"properties":{"h":4.8}},{"type":"Feature","geometry":{"type":"Polygon","coordinates":[[[8.41926,49.997565],[8.419157,49.99752],[8.419228,49.997453],[8.419331,49.997498],[8.41926,49.997565]]]},"properties":{"h":5.1}},{"type":"Feature","geometry":{"type":"Polygon","coordinates":[[[8.419424,49.997638],[8.419317,49.997593],[8.419387,49.997525],[8.419493,49.99757],[8.419424,49.997638]]]},"properties":{"h":5.9}},{"type":"Feature","geometry":{"type":"Polygon","coordinates":[[[8.417543,49.997637],[8.41791,49.997362],[8.417969,49.997318],[8.418069,49.997373],[8.417642,49.997692],[8.417543,49.997637]]]},"properties":{"h":10.3}},{"type":"Feature","geometry":{"type":"Polygon","coordinates":[[[8.416517,49.997881],[8.416416,49.997852],[8.416513,49.997781],[8.416576,49.997839],[8.416586,49.99784],[8.416631,49.997844],[8.416639,49.997852],[8.416662,49.997875],[8.416607,49.997925],[8.416549,49.997921],[8.416517,49.997881]]]},"properties":{"h":5.9}},{"type":"Feature","geometry":{"type":"Polygon","coordinates":[[[8.417505,49.997775],[8.417377,49.997877],[8.416918,49.997641],[8.416987,49.997586],[8.417105,49.997646],[8.417129,49.997627],[8.41724,49.997684],[8.417275,49.997656],[8.417505,49.997775]]]},"properties":{"h":7.0}},{"type":"Feature","geometry":{"type":"Polygon","coordinates":[[[8.417759,49.998154],[8.417636,49.998089],[8.417738,49.998008],[8.417862,49.998073],[8.417759,49.998154]]]},"properties":{"h":6.9}},{"type":"Feature","geometry":{"type":"Polygon","coordinates":[[[8.418053,49.998133],[8.417979,49.998092],[8.418048,49.998042],[8.418148,49.998098],[8.41811,49.998127],[8.418082,49.998112],[8.418053,49.998133]]]},"properties":{"h":7.0}},{"type":"Feature","geometry":{"type":"Polygon","coordinates":[[[8.418006,49.998006],[8.417845,49.997916],[8.418116,49.997715],[8.418176,49.997749],[8.418242,49.997785],[8.418277,49.997805],[8.418196,49.997866],[8.418056,49.997969],[8.418006,49.998006]]]},"properties":{"h":7.5}},{"type":"Feature","geometry":{"type":"Polygon","coordinates":[[[8.418056,49.997969],[8.418196,49.997866],[8.418235,49.997888],[8.418275,49.997859],[8.418334,49.997892],[8.418218,49.997978],[8.418243,49.997992],[8.418135,49.998072],[8.418038,49.998017],[8.418083,49.997984],[8.418056,49.997969]]]},"properties":{"h":7.0}},{"type":"Feature","geometry":{"type":"Polygon","coordinates":[[[8.418235,49.997986],[8.4183,49.997933],[8.418325,49.997946],[8.418259,49.997998],[8.418235,49.997986]]]},"properties":{"h":1.8}},{"type":"Feature","geometry":{"type":"Polygon","coordinates":[[[8.418939,49.998126],[8.418813,49.998063],[8.418927,49.997968],[8.419054,49.998031],[8.418939,49.998126]]]},"properties":{"h":4.7}},{"type":"Feature","geometry":{"type":"Polygon","coordinates":[[[8.418613,49.997922],[8.418531,49.997872],[8.418622,49.99781],[8.418705,49.997859],[8.418613,49.997922]]]},"properties":{"h":7.0}},{"type":"Feature","geometry":{"type":"Polygon","coordinates":[[[8.419128,49.997723],[8.419035,49.997812],[8.418926,49.997765],[8.419018,49.997676],[8.419128,49.997723]]]},"properties":{"h":7.1}},{"type":"Feature","geometry":{"type":"Polygon","coordinates":[[[8.418813,49.99774],[8.41885,49.997704],[8.418908,49.997728],[8.418818,49.997816],[8.418699,49.997766],[8.418752,49.997714],[8.418813,49.99774]]]},"properties":{"h":7.0}},{"type":"Feature","geometry":{"type":"Polygon","coordinates":[[[8.418515,49.997857],[8.418437,49.99781],[8.418565,49.997723],[8.418643,49.99777],[8.418515,49.997857]]]},"properties":{"h":7.0}},{"type":"Feature","geometry":{"type":"Polygon","coordinates":[[[8.418242,49.997785],[8.418176,49.997749],[8.418222,49.997717],[8.418286,49.997752],[8.418242,49.997785]]]},"properties":{"h":3.2}},{"type":"Feature","geometry":{"type":"Polygon","coordinates":[[[8.418371,49.997706],[8.4183,49.99776],[8.418286,49.997752],[8.418222,49.997717],[8.418172,49.99769],[8.418368,49.997542],[8.418408,49.997565],[8.41847,49.997518],[8.418574,49.997574],[8.418387,49.997715],[8.418371,49.997706]]]},"properties":{"h":7.0}},{"type":"Feature","geometry":{"type":"Polygon","coordinates":[[[8.418833,49.99758],[8.418703,49.9977],[8.418592,49.99765],[8.418638,49.997608],[8.418603,49.997592],[8.418686,49.997515],[8.418833,49.99758]]]},"properties":{"h":7.0}},{"type":"Feature","geometry":{"type":"Polygon","coordinates":[[[8.418986,49.997652],[8.418908,49.997728],[8.41885,49.997704],[8.418786,49.997677],[8.418864,49.997601],[8.418986,49.997652]]]},"properties":{"h":7.0}},{"type":"Feature","geometry":{"type":"Polygon","coordinates":[[[8.419279,49.997779],[8.419203,49.997856],[8.419104,49.997815],[8.419181,49.997739],[8.419279,49.997779]]]},"properties":{"h":5.4}},{"type":"Feature","geometry":{"type":"Polygon","coordinates":[[[8.419841,49.997812],[8.419721,49.997764],[8.419793,49.99769],[8.419913,49.997738],[8.419841,49.997812]]]},"properties":{"h":4.6}},{"type":"Feature","geometry":{"type":"Polygon","coordinates":[[[8.419692,49.997759],[8.419604,49.997723],[8.419738,49.997585],[8.419826,49.997621],[8.419692,49.997759]]]},"properties":{"h":7.0}},{"type":"Feature","geometry":{"type":"Polygon","coordinates":[[[8.419576,49.997712],[8.419454,49.997663],[8.419522,49.997592],[8.419645,49.997641],[8.419576,49.997712]]]},"properties":{"h":7.0}},{"type":"Feature","geometry":{"type":"Polygon","coordinates":[[[8.419847,49.997653],[8.419884,49.99752],[8.419963,49.997529],[8.419919,49.997685],[8.419855,49.997677],[8.419861,49.997655],[8.419847,49.997653]]]},"properties":{"h":7.0}},{"type":"Feature","geometry":{"type":"Polygon","coordinates":[[[8.42024,49.997701],[8.420058,49.99768],[8.420075,49.997617],[8.420292,49.997642],[8.420299,49.997617],[8.420473,49.997638],[8.420449,49.997725],[8.42024,49.997701]]]},"properties":{"h":7.5,"cls":"house"}},{"type":"Feature","geometry":{"type":"Polygon","coordinates":[[[8.420205,49.997598],[8.420217,49.997559],[8.420299,49.99757],[8.420287,49.997609],[8.420205,49.997598]]]},"properties":{"h":3.2}},{"type":"Feature","geometry":{"type":"Polygon","coordinates":[[[8.420109,49.997783],[8.420102,49.99779],[8.420029,49.997782],[8.420058,49.99768],[8.42024,49.997701],[8.420207,49.997821],[8.420109,49.997783]]]},"properties":{"h":7.0}},{"type":"Feature","geometry":{"type":"Polygon","coordinates":[[[8.420338,49.998003],[8.42022,49.997956],[8.420327,49.997844],[8.420445,49.997892],[8.420338,49.998003]]]},"properties":{"h":7.0}},{"type":"Feature","geometry":{"type":"Polygon","coordinates":[[[8.420193,49.997944],[8.420021,49.997878],[8.420102,49.99779],[8.420109,49.997783],[8.420207,49.997821],[8.42028,49.997849],[8.420193,49.997944]]]},"properties":{"h":7.0}},{"type":"Feature","geometry":{"type":"Polygon","coordinates":[[[8.420503,49.998065],[8.420373,49.998015],[8.42049,49.99789],[8.420591,49.997929],[8.420536,49.997988],[8.420565,49.997999],[8.420503,49.998065]]]},"properties":{"h":4.9}},{"type":"Feature","geometry":{"type":"Polygon","coordinates":[[[8.420741,49.998154],[8.420588,49.998098],[8.420668,49.998008],[8.420821,49.998064],[8.420741,49.998154]]]},"properties":{"h":6.8}},{"type":"Feature","geometry":{"type":"Polygon","coordinates":[[[8.419753,49.997964],[8.419671,49.998057],[8.419548,49.998012],[8.41963,49.997919],[8.419753,49.997964]]]},"properties":{"h":4.6}},{"type":"Feature","geometry":{"type":"Polygon","coordinates":[[[8.419489,49.997994],[8.419381,49.997951],[8.419471,49.997859],[8.419579,49.997902],[8.419489,49.997994]]]},"properties":{"h":7.0}},{"type":"Feature","geometry":{"type":"Polygon","coordinates":[[[8.419424,49.997845],[8.419349,49.997926],[8.419244,49.997886],[8.419319,49.997804],[8.419424,49.997845]]]},"properties":{"h":6.6}},{"type":"Feature","geometry":{"type":"Polygon","coordinates":[[[8.419276,49.99801],[8.419163,49.997954],[8.419194,49.997929],[8.419253,49.997958],[8.419277,49.997939],[8.419329,49.997965],[8.419276,49.99801]]]},"properties":{"h":3.2}},{"type":"Feature","geometry":{"type":"Polygon","coordinates":[[[8.419381,49.997951],[8.419489,49.997994],[8.419511,49.998003],[8.419464,49.998051],[8.419334,49.997999],[8.419381,49.997951]]]},"properties":{"h":7.0}},{"type":"Feature","geometry":{"type":"Polygon","coordinates":[[[8.419063,49.998099],[8.419095,49.998085],[8.419127,49.998116],[8.419095,49.99813],[8.419063,49.998099]]]},"properties":{"h":2.3}},{"type":"Feature","geometry":{"type":"Polygon","coordinates":[[[8.419184,49.998176],[8.419107,49.998136],[8.41917,49.998086],[8.419247,49.998126],[8.419184,49.998176]]]},"properties":{"h":3.0,"cls":"garage"}},{"type":"Feature","geometry":{"type":"Polygon","coordinates":[[[8.419396,49.998298],[8.419287,49.99824],[8.419435,49.998126],[8.419543,49.998184],[8.419396,49.998298]]]},"properties":{"h":7.0}},{"type":"Feature","geometry":{"type":"Polygon","coordinates":[[[8.419749,49.998396],[8.4196,49.998337],[8.419696,49.998237],[8.419845,49.998295],[8.419749,49.998396]]]},"properties":{"h":6.5}},{"type":"Feature","geometry":{"type":"Polygon","coordinates":[[[8.419888,49.998179],[8.41984,49.998232],[8.419792,49.998214],[8.41984,49.998161],[8.419888,49.998179]]]},"properties":{"h":1.6}},{"type":"Feature","geometry":{"type":"Polygon","coordinates":[[[8.41998,49.998502],[8.419862,49.998458],[8.419905,49.998413],[8.419949,49.998368],[8.419967,49.998375],[8.419977,49.998363],[8.420172,49.998443],[8.420163,49.998451],[8.420198,49.998466],[8.420145,49.998517],[8.420111,49.998503],[8.420073,49.998542],[8.419979,49.998506],[8.41998,49.998502]]]},"properties":{"h":6.4,"cls":"kindergarten"}},{"type":"Feature","geometry":{"type":"Polygon","coordinates":[[[8.420446,49.998598],[8.420342,49.998686],[8.420234,49.998634],[8.420339,49.998545],[8.420446,49.998598]]]},"properties":{"h":6.3}},{"type":"Feature","geometry":{"type":"Polygon","coordinates":[[[8.41902,49.998516],[8.418913,49.998452],[8.418994,49.998395],[8.418924,49.998354],[8.419018,49.998288],[8.419195,49.998393],[8.41902,49.998516]]]},"properties":{"h":4.7}},{"type":"Feature","geometry":{"type":"Polygon","coordinates":[[[8.419054,49.998183],[8.418984,49.998142],[8.419033,49.998107],[8.419104,49.998148],[8.419054,49.998183]]]},"properties":{"h":2.3}},{"type":"Feature","geometry":{"type":"Polygon","coordinates":[[[8.418876,49.998225],[8.418764,49.998309],[8.418628,49.998234],[8.418741,49.99815],[8.418876,49.998225]]]},"properties":{"h":6.4,"cls":"residential"}},{"type":"Feature","geometry":{"type":"Polygon","coordinates":[[[8.418687,49.998122],[8.418575,49.998206],[8.41844,49.998131],[8.418552,49.998047],[8.418687,49.998122]]]},"properties":{"h":9.0,"cls":"residential"}},{"type":"Feature","geometry":{"type":"Polygon","coordinates":[[[8.418199,49.998292],[8.418099,49.998232],[8.418219,49.998149],[8.418283,49.998188],[8.418249,49.998211],[8.418285,49.998232],[8.418199,49.998292]]]},"properties":{"h":7.0}},{"type":"Feature","geometry":{"type":"Polygon","coordinates":[[[8.418199,49.998292],[8.418285,49.998232],[8.418312,49.998213],[8.418346,49.998233],[8.418232,49.998312],[8.418199,49.998292]]]},"properties":{"h":3.2}},{"type":"Feature","geometry":{"type":"Polygon","coordinates":[[[8.418648,49.998428],[8.41843,49.99838],[8.418462,49.998314],[8.418616,49.99835],[8.418685,49.998302],[8.418763,49.998351],[8.418648,49.998428]]]},"properties":{"h":5.3}},{"type":"Feature","geometry":{"type":"Polygon","coordinates":[[[8.417936,49.998183],[8.417878,49.998148],[8.41793,49.998112],[8.417988,49.998147],[8.417936,49.998183]]]},"properties":{"h":3.4}},{"type":"Feature","geometry":{"type":"Polygon","coordinates":[[[8.417358,49.998656],[8.417184,49.998548],[8.417322,49.998457],[8.417362,49.998482],[8.417377,49.998472],[8.417454,49.99852],[8.417433,49.998534],[8.41749,49.99857],[8.417408,49.998623],[8.417358,49.998656]]]},"properties":{"h":7.0}},{"type":"Feature","geometry":{"type":"Polygon","coordinates":[[[8.417464,49.998724],[8.417357,49.998656],[8.417408,49.998623],[8.417516,49.998697],[8.41747,49.998727],[8.417464,49.998724]]]},"properties":{"h":3.2}},{"type":"Feature","geometry":{"type":"Polygon","coordinates":[[[8.417353,49.998783],[8.417464,49.998724],[8.41747,49.998727],[8.41751,49.998753],[8.417406,49.99882],[8.417397,49.998813],[8.417372,49.998828],[8.417342,49.99881],[8.417369,49.998793],[8.417353,49.998783]]]},"properties":{"h":3.2}},{"type":"Feature","geometry":{"type":"Polygon","coordinates":[[[8.41751,49.998753],[8.41747,49.998727],[8.417516,49.998697],[8.417549,49.998675],[8.417626,49.998625],[8.417887,49.998789],[8.41773,49.998891],[8.41751,49.998753]]]},"properties":{"h":7.0}},{"type":"Feature","geometry":{"type":"Polygon","coordinates":[[[8.420285,49.998751],[8.420324,49.998705],[8.420368,49.99872],[8.420328,49.998766],[8.420285,49.998751]]]},"properties":{"h":2.4}},{"type":"Feature","geometry":{"type":"Polygon","coordinates":[[[8.420497,49.998765],[8.420386,49.998714],[8.420492,49.99862],[8.420603,49.998672],[8.420497,49.998765]]]},"properties":{"h":6.1}},{"type":"Feature","geometry":{"type":"Polygon","coordinates":[[[8.420519,49.998785],[8.420611,49.998706],[8.420719,49.998758],[8.420627,49.998838],[8.420519,49.998785]]]},"properties":{"h":7.0}},{"type":"Feature","geometry":{"type":"Polygon","coordinates":[[[8.420442,49.99886],[8.420404,49.998838],[8.42045,49.998806],[8.420487,49.998828],[8.420442,49.99886]]]},"properties":{"h":1.9}},{"type":"Feature","geometry":{"type":"Polygon","coordinates":[[[8.419769,49.999329],[8.419747,49.999317],[8.419419,49.999563],[8.419441,49.999573],[8.419303,49.99968],[8.418778,49.999379],[8.419142,49.999154],[8.419109,49.999132],[8.419133,49.999117],[8.419156,49.999102],[8.419179,49.999089],[8.419197,49.999078],[8.419231,49.999101],[8.419334,49.999037],[8.419473,49.998951],[8.419919,49.999228],[8.419769,49.999329]],[[8.41919,49.999165],[8.419265,49.999214],[8.419057,49.999343],[8.419071,49.999351],[8.419315,49.999497],[8.419484,49.999375],[8.419623,49.999274],[8.419656,49.99925],[8.419337,49.99905],[8.419241,49.999111],[8.419258,49.999122],[8.419222,49.999145],[8.41919,49.999165]]]},"properties":{"h":9.6}},{"type":"Feature","geometry":{"type":"Polygon","coordinates":[[[8.419448,49.999389],[8.419357,49.999332],[8.419444,49.999274],[8.419535,49.999331],[8.419448,49.999389]]]},"properties":{"h":3.2}},{"type":"Feature","geometry":{"type":"Polygon","coordinates":[[[8.420558,49.99975],[8.420448,49.999681],[8.420578,49.999595],[8.420688,49.999663],[8.420558,49.99975]]]},"properties":{"h":6.5}},{"type":"Feature","geometry":{"type":"Polygon","coordinates":[[[8.411276,49.999472],[8.411213,49.999446],[8.411249,49.99941],[8.411312,49.999436],[8.411276,49.999472]]]},"properties":{"h":3.2}},{"type":"Feature","geometry":{"type":"Polygon","coordinates":[[[8.407756,49.999171],[8.407732,49.999145],[8.407718,49.999116],[8.407716,49.999085],[8.407724,49.999055],[8.407744,49.999028],[8.407773,49.999004],[8.407811,49.998985],[8.407854,49.998973],[8.407901,49.998968],[8.407948,49.99897],[8.407993,49.998979],[8.408033,49.998995],[8.408067,49.999016],[8.408091,49.999042],[8.408105,49.999071],[8.408107,49.999102],[8.408098,49.999132],[8.408079,49.999159],[8.408049,49.999183],[8.408012,49.999202],[8.407969,49.999214],[8.407922,49.99922],[8.407875,49.999218],[8.40783,49.999208],[8.407789,49.999192],[8.407756,49.999171]]]},"properties":{"h":13.5}},{"type":"Feature","geometry":{"type":"Polygon","coordinates":[[[8.407996,49.998827],[8.407972,49.998801],[8.407958,49.998772],[8.407956,49.998742],[8.407965,49.998712],[8.407984,49.998684],[8.408013,49.99866],[8.408051,49.998641],[8.408094,49.998629],[8.408141,49.998624],[8.408188,49.998626],[8.408233,49.998635],[8.408273,49.998651],[8.408307,49.998672],[8.408331,49.998699],[8.408345,49.998728],[8.408347,49.998758],[8.408339,49.998788],[8.408319,49.998816],[8.40829,49.99884],[8.408252,49.998858],[8.408209,49.99887],[8.408162,49.998876],[8.408115,49.998874],[8.40807,49.998865],[8.40803,49.998849],[8.407996,49.998827]]]},"properties":{"h":15.4}},{"type":"Feature","geometry":{"type":"Polygon","coordinates":[[[8.409301,49.999169],[8.409279,49.999147],[8.409267,49.999121],[8.409265,49.999095],[8.409273,49.999069],[8.40929,49.999045],[8.409315,49.999024],[8.409348,49.999008],[8.409385,49.998997],[8.409426,49.998993],[8.409467,49.998994],[8.409506,49.999002],[8.409541,49.999016],[8.40957,49.999035],[8.409591,49.999057],[8.409603,49.999083],[8.409605,49.999109],[8.409598,49.999135],[8.409581,49.999159],[8.409555,49.99918],[8.409523,49.999196],[8.409485,49.999207],[8.409445,49.999211],[8.409404,49.99921],[8.409365,49.999202],[8.40933,49.999188],[8.409301,49.999169]]]},"properties":{"h":16.9}},{"type":"Feature","geometry":{"type":"Polygon","coordinates":[[[8.4091,49.999457],[8.409079,49.999434],[8.409067,49.999409],[8.409065,49.999383],[8.409073,49.999356],[8.40909,49.999332],[8.409115,49.999311],[8.409148,49.999295],[8.409186,49.999285],[8.409226,49.99928],[8.409267,49.999282],[8.409307,49.99929],[8.409342,49.999303],[8.409371,49.999322],[8.409392,49.999345],[8.409404,49.99937],[8.409407,49.999397],[8.409399,49.999423],[8.409382,49.999447],[8.409356,49.999468],[8.409324,49.999484],[8.409286,49.999495],[8.409245,49.999499],[8.409204,49.999498],[8.409165,49.99949],[8.40913,49.999476],[8.4091,49.999457]]]},"properties":{"h":10.7}},{"type":"Feature","geometry":{"type":"Polygon","coordinates":[[[8.410115,49.999412],[8.410094,49.999389],[8.410081,49.999364],[8.410079,49.999337],[8.410087,49.999311],[8.410104,49.999287],[8.410129,49.999266],[8.410162,49.999249],[8.4102,49.999239],[8.410241,49.999234],[8.410282,49.999236],[8.410321,49.999244],[8.410357,49.999257],[8.410386,49.999276],[8.410407,49.999299],[8.410419,49.999325],[8.410422,49.999351],[8.410414,49.999377],[8.410397,49.999402],[8.410371,49.999423],[8.410338,49.999439],[8.410301,49.99945],[8.41026,49.999454],[8.410219,49.999453],[8.410179,49.999445],[8.410144,49.999431],[8.410115,49.999412]]]},"properties":{"h":7.0}},{"type":"Feature","geometry":{"type":"Polygon","coordinates":[[[8.409909,49.999705],[8.409888,49.999682],[8.409876,49.999657],[8.409874,49.999631],[8.409881,49.999605],[8.409898,49.999581],[8.409924,49.99956],[8.409956,49.999544],[8.409994,49.999533],[8.410034,49.999529],[8.410075,49.99953],[8.410114,49.999538],[8.410149,49.999552],[8.410178,49.999571],[8.410199,49.999593],[8.410211,49.999619],[8.410213,49.999645],[8.410206,49.999671],[8.410189,49.999695],[8.410163,49.999716],[8.410131,49.999732],[8.410093,49.999742],[8.410053,49.999747],[8.410012,49.999745],[8.409973,49.999737],[8.409938,49.999724],[8.409909,49.999705]]]},"properties":{"h":7.0}},{"type":"Feature","geometry":{"type":"Polygon","coordinates":[[[8.407402,49.999664],[8.407378,49.999638],[8.407364,49.999608],[8.407361,49.999578],[8.40737,49.999548],[8.40739,49.99952],[8.40742,49.999496],[8.407457,49.999477],[8.407501,49.999465],[8.407548,49.999459],[8.407595,49.999461],[8.407641,49.99947],[8.407682,49.999486],[8.407715,49.999508],[8.407739,49.999535],[8.407753,49.999564],[8.407756,49.999594],[8.407747,49.999625],[8.407727,49.999652],[8.407698,49.999676],[8.40766,49.999695],[8.407616,49.999708],[8.40757,49.999713],[8.407522,49.999711],[8.407477,49.999702],[8.407436,49.999686],[8.407402,49.999664]]]},"properties":{"h":15.4}},{"type":"Feature","geometry":{"type":"Polygon","coordinates":[[[8.40526,49.999463],[8.405133,49.999429],[8.405197,49.999333],[8.405208,49.999316],[8.405334,49.999351],[8.40526,49.999463]]]},"properties":{"h":8.0,"cls":"commercial"}},{"type":"Feature","geometry":{"type":"Polygon","coordinates":[[[8.405906,49.998882],[8.405781,49.998864],[8.405674,49.998819],[8.4056,49.998752],[8.405568,49.998672],[8.405584,49.998591],[8.405644,49.998518],[8.405741,49.998464],[8.405861,49.998437],[8.405989,49.998439],[8.406107,49.998471],[8.406199,49.998528],[8.406253,49.998603],[8.406261,49.998685],[8.406223,49.998763],[8.406143,49.998827],[8.406032,49.998869],[8.405906,49.998882]]]},"properties":{"h":7.0}},{"type":"Feature","geometry":{"type":"Polygon","coordinates":[[[8.404702,49.998719],[8.404683,49.998811],[8.404524,49.998798],[8.4045,49.998915],[8.404222,49.998891],[8.404241,49.998797],[8.404199,49.998794],[8.403974,49.998774],[8.403998,49.998659],[8.404223,49.998678],[8.404263,49.998682],[8.404702,49.998719]]]},"properties":{"h":8.0,"cls":"commercial"}},{"type":"Feature","geometry":{"type":"Polygon","coordinates":[[[8.404858,49.999353],[8.404921,49.999257],[8.405197,49.999333],[8.405133,49.999429],[8.404858,49.999353]]]},"properties":{"h":6.6,"cls":"commercial"}},{"type":"Feature","geometry":{"type":"Polygon","coordinates":[[[8.404893,49.999659],[8.404651,49.999589],[8.404687,49.999538],[8.404704,49.999543],[8.404775,49.999442],[8.40489,49.999475],[8.404902,49.999458],[8.404978,49.99948],[8.404901,49.99959],[8.404935,49.999599],[8.404893,49.999659]]]},"properties":{"h":5.1}},{"type":"Feature","geometry":{"type":"Polygon","coordinates":[[[8.404241,49.999775],[8.404176,49.999757],[8.404253,49.999643],[8.404318,49.999661],[8.404241,49.999775]]]},"properties":{"h":1.7}},{"type":"Feature","geometry":{"type":"Polygon","coordinates":[[[8.403562,49.997703],[8.403561,49.997622],[8.403676,49.997622],[8.403676,49.997703],[8.403562,49.997703]]]},"properties":{"h":7.0}},{"type":"Feature","geometry":{"type":"Polygon","coordinates":[[[8.404161,49.99811],[8.40413,49.998066],[8.404274,49.998076],[8.404233,49.998113],[8.404161,49.99811]]]},"properties":{"h":8.0,"cls":"commercial"}},{"type":"Feature","geometry":{"type":"Polygon","coordinates":[[[8.40413,49.998066],[8.404163,49.997879],[8.404306,49.99789],[8.404274,49.998076],[8.40413,49.998066]]]},"properties":{"h":8.0,"cls":"commercial"}},{"type":"Feature","geometry":{"type":"Polygon","coordinates":[[[8.404702,49.998719],[8.404263,49.998682],[8.404295,49.998525],[8.404341,49.998306],[8.404383,49.9981],[8.404923,49.998146],[8.404803,49.998728],[8.404702,49.998719]]]},"properties":{"h":6.5,"cls":"commercial"}},{"type":"Feature","geometry":{"type":"Polygon","coordinates":[[[8.406122,49.998434],[8.406012,49.998402],[8.405926,49.998347],[8.405875,49.998278],[8.405863,49.998201],[8.405893,49.998126],[8.405961,49.998062],[8.406059,49.998017],[8.406175,49.997996],[8.406296,49.998002],[8.406405,49.998034],[8.406491,49.998089],[8.406543,49.998158],[8.406554,49.998235],[8.406524,49.99831],[8.406456,49.998374],[8.406358,49.998419],[8.406242,49.99844],[8.406122,49.998434]]]},"properties":{"h":7.0}},{"type":"Feature","geometry":{"type":"Polygon","coordinates":[[[8.405564,49.99796],[8.405435,49.997947],[8.405462,49.997834],[8.405591,49.997847],[8.405564,49.99796]]]},"properties":{"h":4.7}},{"type":"Feature","geometry":{"type":"Polygon","coordinates":[[[8.376289,49.976258],[8.375865,49.976445],[8.375829,49.976411],[8.376254,49.976225],[8.376289,49.976258]]]},"properties":{"h":7.0,"cls":"roof"}},{"type":"Feature","geometry":{"type":"Polygon","coordinates":[[[8.378029,49.976098],[8.378004,49.976084],[8.37789,49.976022],[8.377869,49.97601],[8.377897,49.975989],[8.377921,49.976003],[8.377937,49.975991],[8.377975,49.976012],[8.378038,49.975965],[8.378117,49.976008],[8.378054,49.976056],[8.378072,49.976066],[8.378029,49.976098]]]},"properties":{"h":8.0,"cls":"commercial"}},{"type":"Feature","geometry":{"type":"Polygon","coordinates":[[[8.377223,49.97581],[8.377152,49.975838],[8.377124,49.975809],[8.377196,49.975781],[8.377223,49.97581]]]},"properties":{"h":3.2,"cls":"roof"}},{"type":"Feature","geometry":{"type":"Polygon","coordinates":[[[8.377522,49.975827],[8.377136,49.975982],[8.37704,49.975884],[8.377152,49.975838],[8.377223,49.97581],[8.377425,49.975728],[8.377522,49.975827]]]},"properties":{"h":10.6,"cls":"commercial"}},{"type":"Feature","geometry":{"type":"Polygon","coordinates":[[[8.377698,49.976166],[8.37789,49.976022],[8.378004,49.976084],[8.377811,49.976229],[8.377698,49.976166]]]},"properties":{"h":3.1,"cls":"roof"}},{"type":"Feature","geometry":{"type":"Polygon","coordinates":[[[8.378056,49.976699],[8.377662,49.976871],[8.377485,49.976704],[8.37788,49.976532],[8.378056,49.976699]]]},"properties":{"h":7.6,"cls":"retail"}},{"type":"Feature","geometry":{"type":"Polygon","coordinates":[[[8.377553,49.97691],[8.377382,49.976983],[8.377201,49.976808],[8.377372,49.976735],[8.377553,49.97691]]]},"properties":{"h":5.8,"cls":"commercial"}},{"type":"Feature","geometry":{"type":"Polygon","coordinates":[[[8.376505,49.976712],[8.376169,49.976859],[8.376018,49.976716],[8.376049,49.976703],[8.375938,49.976598],[8.376,49.976571],[8.375865,49.976445],[8.376289,49.976258],[8.376409,49.97637],[8.376329,49.976405],[8.376437,49.976424],[8.376427,49.976446],[8.376548,49.976467],[8.376543,49.976478],[8.376635,49.976495],[8.3766,49.976576],[8.376385,49.976537],[8.376378,49.976553],[8.376349,49.976566],[8.376505,49.976712]]]},"properties":{"h":5.9,"cls":"commercial"}},{"type":"Feature","geometry":{"type":"Polygon","coordinates":[[[8.376467,49.976995],[8.376295,49.977069],[8.376184,49.976964],[8.376356,49.976889],[8.376467,49.976995]]]},"properties":{"h":7.0}},{"type":"Feature","geometry":{"type":"Polygon","coordinates":[[[8.377575,49.977211],[8.376628,49.977628],[8.376428,49.97744],[8.376722,49.977311],[8.37702,49.977181],[8.37717,49.977116],[8.377377,49.977025],[8.377575,49.977211]]]},"properties":{"h":6.2}},{"type":"Feature","geometry":{"type":"Polygon","coordinates":[[[8.378056,49.977317],[8.377966,49.977357],[8.37773,49.977136],[8.377758,49.977123],[8.377723,49.977091],[8.37777,49.97707],[8.377793,49.977088],[8.378021,49.977011],[8.378197,49.977176],[8.377999,49.977264],[8.378056,49.977317]]]},"properties":{"h":5.1,"cls":"commercial"}},{"type":"Feature","geometry":{"type":"Polygon","coordinates":[[[8.377825,49.978865],[8.377275,49.979104],[8.376902,49.978749],[8.377452,49.97851],[8.377484,49.978541],[8.377825,49.978865]]]},"properties":{"h":7.4}},{"type":"Feature","geometry":{"type":"Polygon","coordinates":[[[8.377716,49.97844],[8.377484,49.978541],[8.377452,49.97851],[8.377316,49.978381],[8.377548,49.978281],[8.377716,49.97844]]]},"properties":{"h":7.0}},{"type":"Feature","geometry":{"type":"Polygon","coordinates":[[[8.378601,49.980821],[8.377952,49.981043],[8.376764,49.979611],[8.376916,49.979559],[8.376804,49.979424],[8.377903,49.979047],[8.378882,49.980227],[8.37859,49.980327],[8.378382,49.980077],[8.378186,49.980144],[8.378277,49.980254],[8.378397,49.980213],[8.37856,49.98041],[8.378941,49.980279],[8.379151,49.980532],[8.378536,49.980743],[8.378601,49.980821]]]},"properties":{"h":7.1}},{"type":"Feature","geometry":{"type":"Polygon","coordinates":[[[8.379885,49.980213],[8.379786,49.980251],[8.379751,49.980215],[8.37985,49.980176],[8.379885,49.980213]]]},"properties":{"h":5.0}},{"type":"Feature","geometry":{"type":"Polygon","coordinates":[[[8.378633,49.981209],[8.378579,49.981227],[8.378551,49.981193],[8.378605,49.981175],[8.378633,49.981209]]]},"properties":{"h":3.2}},{"type":"Feature","geometry":{"type":"Polygon","coordinates":[[[8.381062,49.979946],[8.381093,49.979931],[8.381072,49.979913],[8.381091,49.979903],[8.381126,49.979934],[8.381076,49.979958],[8.381062,49.979946]]]},"properties":{"h":2.0}},{"type":"Feature","geometry":{"type":"Polygon","coordinates":[[[8.380866,49.97997],[8.380822,49.979935],[8.380873,49.979909],[8.380917,49.979944],[8.380866,49.97997]]]},"properties":{"h":2.2}},{"type":"Feature","geometry":{"type":"Polygon","coordinates":[[[8.380774,49.979795],[8.380818,49.979842],[8.380859,49.979826],[8.380887,49.979855],[8.38078,49.979897],[8.380708,49.979821],[8.380774,49.979795]]]},"properties":{"h":3.3}},{"type":"Feature","geometry":{"type":"Polygon","coordinates":[[[8.381002,49.98007],[8.380936,49.980105],[8.380861,49.980048],[8.380927,49.980012],[8.381002,49.98007]]]},"properties":{"h":2.6}},{"type":"Feature","geometry":{"type":"Polygon","coordinates":[[[8.380164,49.980083],[8.380119,49.980101],[8.380065,49.980047],[8.38011,49.980029],[8.380164,49.980083]]]},"properties":{"h":4.0}},{"type":"Feature","geometry":{"type":"Polygon","coordinates":[[[8.380604,49.980014],[8.380286,49.98017],[8.380234,49.980126],[8.380553,49.97997],[8.380604,49.980014]]]},"properties":{"h":4.3}},{"type":"Feature","geometry":{"type":"Polygon","coordinates":[[[8.380647,49.97995],[8.380564,49.979879],[8.380601,49.979861],[8.380718,49.979961],[8.380641,49.979998],[8.380607,49.97997],[8.380647,49.97995]]]},"properties":{"h":2.6}},{"type":"Feature","geometry":{"type":"Polygon","coordinates":[[[8.381875,49.978761],[8.380139,49.979516],[8.379666,49.979066],[8.381403,49.978311],[8.381875,49.978761]]]},"properties":{"h":7.7}},{"type":"Feature","geometry":{"type":"Polygon","coordinates":[[[8.381359,49.979568],[8.381405,49.979548],[8.38145,49.979591],[8.381404,49.979611],[8.381359,49.979568]]]},"properties":{"h":1.8}},{"type":"Feature","geometry":{"type":"Polygon","coordinates":[[[8.381303,49.979774],[8.381195,49.979824],[8.381134,49.97977],[8.381242,49.97972],[8.381303,49.979774]]]},"properties":{"h":3.0}},{"type":"Feature","geometry":{"type":"Polygon","coordinates":[[[8.381459,49.979631],[8.381512,49.979616],[8.381548,49.979671],[8.381496,49.979686],[8.381459,49.979631]]]},"properties":{"h":1.5}},{"type":"Feature","geometry":{"type":"Polygon","coordinates":[[[8.381557,49.979541],[8.381525,49.979517],[8.381604,49.979474],[8.381636,49.979498],[8.381557,49.979541]]]},"properties":{"h":3.0}},{"type":"Feature","geometry":{"type":"Polygon","coordinates":[[[8.380974,49.978239],[8.379314,49.978951],[8.378029,49.977712],[8.379689,49.977],[8.380974,49.978239]]]},"properties":{"h":7.9,"cls":"commercial"}},{"type":"Feature","geometry":{"type":"Polygon","coordinates":[[[8.379059,49.976897],[8.378665,49.977068],[8.378568,49.976976],[8.378962,49.976805],[8.379059,49.976897]]]},"properties":{"h":6.8,"cls":"commercial"}},{"type":"Feature","geometry":{"type":"Polygon","coordinates":[[[8.378538,49.976804],[8.378191,49.976961],[8.378153,49.976926],[8.378092,49.976954],[8.377999,49.976869],[8.378058,49.976842],[8.378008,49.976796],[8.378357,49.976639],[8.378538,49.976804]]]},"properties":{"h":6.7,"cls":"commercial"}},{"type":"Feature","geometry":{"type":"Polygon","coordinates":[[[8.379443,49.975345],[8.379408,49.975372],[8.379329,49.97533],[8.379314,49.975342],[8.379289,49.975329],[8.379255,49.975311],[8.379305,49.975272],[8.379443,49.975345]]]},"properties":{"h":2.5,"cls":"commercial"}},{"type":"Feature","geometry":{"type":"Polygon","coordinates":[[[8.380074,49.976506],[8.379812,49.976704],[8.378874,49.976191],[8.378749,49.976286],[8.378326,49.976055],[8.378721,49.975756],[8.379109,49.975464],[8.379289,49.975329],[8.379314,49.975342],[8.379559,49.975479],[8.379684,49.975547],[8.379738,49.975507],[8.379791,49.975467],[8.380558,49.975893],[8.380374,49.976033],[8.379887,49.976403],[8.380074,49.976506]]]},"properties":{"h":8.6,"cls":"commercial"}},{"type":"Feature","geometry":{"type":"Polygon","coordinates":[[[8.381988,49.97552],[8.381719,49.975712],[8.381208,49.975418],[8.381065,49.975335],[8.381334,49.975143],[8.381988,49.97552]]]},"properties":{"h":7.1,"cls":"retail"}},{"type":"Feature","geometry":{"type":"Polygon","coordinates":[[[8.380834,49.974756],[8.380771,49.974711],[8.380829,49.974678],[8.380892,49.974723],[8.380834,49.974756]]]},"properties":{"h":2.0}},{"type":"Feature","geometry":{"type":"Polygon","coordinates":[[[8.38102,49.975023],[8.380869,49.975132],[8.380468,49.974902],[8.380488,49.974887],[8.380596,49.97481],[8.380619,49.974793],[8.38102,49.975023]]]},"properties":{"h":9.0,"cls":"industrial"}},{"type":"Feature","geometry":{"type":"Polygon","coordinates":[[[8.380798,49.97468],[8.380714,49.974714],[8.380678,49.974683],[8.380765,49.974647],[8.380798,49.97468]]]},"properties":{"h":3.2}},{"type":"Feature","geometry":{"type":"Polygon","coordinates":[[[8.380596,49.97481],[8.380488,49.974887],[8.380195,49.974723],[8.380303,49.974644],[8.380596,49.97481]]]},"properties":{"h":7.0}},{"type":"Feature","geometry":{"type":"Polygon","coordinates":[[[8.380746,49.975289],[8.379989,49.974884],[8.380074,49.974817],[8.380806,49.975237],[8.380746,49.975289]]]},"properties":{"h":3.0,"cls":"garage"}},{"type":"Feature","geometry":{"type":"Polygon","coordinates":[[[8.380812,49.974581],[8.380677,49.974636],[8.380584,49.974542],[8.380661,49.97451],[8.380603,49.974451],[8.380805,49.974369],[8.380867,49.974432],[8.380723,49.974491],[8.380812,49.974581]]]},"properties":{"h":6.1,"cls":"hotel"}},{"type":"Feature","geometry":{"type":"Polygon","coordinates":[[[8.379145,49.967913],[8.378935,49.967838],[8.37909,49.967658],[8.3793,49.967733],[8.379245,49.967797],[8.379294,49.967793],[8.379295,49.967805],[8.379296,49.967812],[8.379294,49.967818],[8.37929,49.967827],[8.379283,49.967837],[8.379277,49.967843],[8.379271,49.967848],[8.379265,49.967852],[8.379259,49.967857],[8.379251,49.96786],[8.379241,49.967865],[8.379224,49.967871],[8.379208,49.967841],[8.379145,49.967913]]]},"properties":{"h":7.0}},{"type":"Feature","geometry":{"type":"Polygon","coordinates":[[[8.379434,49.967732],[8.379387,49.967749],[8.37934,49.967695],[8.379387,49.967678],[8.379434,49.967732]]]},"properties":{"h":1.5}},{"type":"Feature","geometry":{"type":"Polygon","coordinates":[[[8.379719,49.967664],[8.37953,49.967632],[8.37955,49.967582],[8.379739,49.967614],[8.379719,49.967664]]]},"properties":{"h":9.0,"cls":"residential"}},{"type":"Feature","geometry":{"type":"Polygon","coordinates":[[[8.37993,49.967988],[8.379782,49.968142],[8.379558,49.968054],[8.379602,49.968008],[8.379524,49.967977],[8.379486,49.968017],[8.379381,49.967975],[8.379512,49.967838],[8.379628,49.967884],[8.379597,49.967916],[8.379653,49.967938],[8.379695,49.967895],[8.37993,49.967988]]]},"properties":{"h":9.4,"cls":"apartments"}},{"type":"Feature","geometry":{"type":"Polygon","coordinates":[[[8.381299,49.968602],[8.381211,49.968737],[8.381009,49.968683],[8.381098,49.968547],[8.381299,49.968602]]]},"properties":{"h":8.4,"cls":"residential"}},{"type":"Feature","geometry":{"type":"Polygon","coordinates":[[[8.380907,49.968597],[8.380877,49.968644],[8.380807,49.968625],[8.380837,49.968578],[8.380907,49.968597]]]},"properties":{"h":3.0,"cls":"garage"}},{"type":"Feature","geometry":{"type":"Polygon","coordinates":[[[8.380705,49.968538],[8.380666,49.968599],[8.380365,49.968519],[8.380408,49.968452],[8.380442,49.968461],[8.380562,49.968272],[8.380788,49.968331],[8.380724,49.968432],[8.380759,49.968441],[8.380731,49.968486],[8.38069,49.968475],[8.380658,49.968525],[8.380705,49.968538]]]},"properties":{"h":12.6,"cls":"apartments"}},{"type":"Feature","geometry":{"type":"Polygon","coordinates":[[[8.380534,49.968015],[8.380685,49.968001],[8.380794,49.968039],[8.380852,49.968141],[8.380692,49.968164],[8.380579,49.968123],[8.380534,49.968015]]]},"properties":{"h":6.7,"cls":"residential"}},{"type":"Feature","geometry":{"type":"Polygon","coordinates":[[[8.380133,49.968364],[8.379883,49.968254],[8.380094,49.968057],[8.380341,49.968166],[8.380296,49.968209],[8.380249,49.968188],[8.380133,49.968298],[8.38018,49.968319],[8.380133,49.968364]]]},"properties":{"h":12.0,"cls":"apartments"}},{"type":"Feature","geometry":{"type":"Polygon","coordinates":[[[8.379929,49.967792],[8.379787,49.967754],[8.379862,49.967628],[8.380004,49.967666],[8.379929,49.967792]]]},"properties":{"h":9.0,"cls":"residential"}},{"type":"Feature","geometry":{"type":"Polygon","coordinates":[[[8.380033,49.967639],[8.380095,49.967538],[8.380271,49.967583],[8.380209,49.967684],[8.380033,49.967639]]]},"properties":{"h":9.0,"cls":"residential"}},{"type":"Feature","geometry":{"type":"Polygon","coordinates":[[[8.380113,49.967866],[8.379971,49.967828],[8.380046,49.967702],[8.380188,49.96774],[8.380113,49.967866]]]},"properties":{"h":9.0,"cls":"residential"}},{"type":"Feature","geometry":{"type":"Polygon","coordinates":[[[8.380358,49.967952],[8.380225,49.967919],[8.380283,49.967825],[8.380422,49.96786],[8.380408,49.967883],[8.380532,49.967914],[8.380473,49.968011],[8.380342,49.967978],[8.380358,49.967952]]]},"properties":{"h":5.1,"cls":"residential"}},{"type":"Feature","geometry":{"type":"Polygon","coordinates":[[[8.380532,49.967826],[8.380428,49.967782],[8.380506,49.967706],[8.38061,49.96775],[8.380532,49.967826]]]},"properties":{"h":4.8,"cls":"house"}},{"type":"Feature","geometry":{"type":"Polygon","coordinates":[[[8.380623,49.96769],[8.380517,49.967647],[8.380583,49.96758],[8.380689,49.967624],[8.380623,49.96769]]]},"properties":{"h":4.1,"cls":"house"}},{"type":"Feature","geometry":{"type":"Polygon","coordinates":[[[8.380894,49.967771],[8.380788,49.967726],[8.380851,49.967665],[8.380819,49.967651],[8.380867,49.967604],[8.381035,49.967675],[8.38099,49.96772],[8.38098,49.967715],[8.380943,49.967752],[8.380922,49.967743],[8.380894,49.967771]]]},"properties":{"h":5.2,"cls":"residential"}},{"type":"Feature","geometry":{"type":"Polygon","coordinates":[[[8.381129,49.967679],[8.381032,49.96764],[8.381075,49.967596],[8.381172,49.967636],[8.381129,49.967679]]]},"properties":{"h":3.0,"cls":"garage"}},{"type":"Feature","geometry":{"type":"Polygon","coordinates":[[[8.381137,49.967768],[8.381058,49.967844],[8.381053,49.967842],[8.380985,49.967813],[8.380928,49.967788],[8.380963,49.967754],[8.38098,49.967761],[8.381023,49.96772],[8.381137,49.967768]]]},"properties":{"h":4.8,"cls":"residential"}},{"type":"Feature","geometry":{"type":"Polygon","coordinates":[[[8.381027,49.967867],[8.380957,49.967841],[8.380985,49.967813],[8.381053,49.967842],[8.381027,49.967867]]]},"properties":{"h":3.2,"cls":"roof"}},{"type":"Feature","geometry":{"type":"Polygon","coordinates":[[[8.380828,49.968039],[8.380853,49.968014],[8.3809,49.968034],[8.380875,49.968058],[8.380828,49.968039]]]},"properties":{"h":3.0,"cls":"garage"}},{"type":"Feature","geometry":{"type":"Polygon","coordinates":[[[8.380887,49.968026],[8.380829,49.968001],[8.38087,49.967962],[8.380928,49.967987],[8.380887,49.968026]]]},"properties":{"h":3.0,"cls":"garage"}},{"type":"Feature","geometry":{"type":"Polygon","coordinates":[[[8.380976,49.967961],[8.380876,49.967916],[8.380907,49.967888],[8.380878,49.967875],[8.380921,49.967836],[8.381049,49.967895],[8.380976,49.967961]]]},"properties":{"h":9.0,"cls":"residential"}},{"type":"Feature","geometry":{"type":"Polygon","coordinates":[[[8.380832,49.967987],[8.380641,49.967903],[8.380698,49.967849],[8.380663,49.967833],[8.380731,49.967769],[8.380847,49.96782],[8.380821,49.967844],[8.38086,49.967861],[8.380825,49.967894],[8.380897,49.967925],[8.380832,49.967987]]]},"properties":{"h":5.8,"cls":"residential"}},{"type":"Feature","geometry":{"type":"Polygon","coordinates":[[[8.381076,49.968488],[8.380983,49.968464],[8.381004,49.968432],[8.381096,49.968456],[8.381076,49.968488]]]},"properties":{"h":3.0,"cls":"garage"}},{"type":"Feature","geometry":{"type":"Polygon","coordinates":[[[8.381144,49.96819],[8.381062,49.968168],[8.381078,49.968143],[8.38116,49.968165],[8.381144,49.96819]]]},"properties":{"h":3.0,"cls":"garage"}},{"type":"Feature","geometry":{"type":"Polygon","coordinates":[[[8.381406,49.968321],[8.381251,49.968281],[8.381295,49.96821],[8.38145,49.96825],[8.381406,49.968321]]]},"properties":{"h":6.2}},{"type":"Feature","geometry":{"type":"Polygon","coordinates":[[[8.381447,49.968366],[8.381336,49.968537],[8.381131,49.968482],[8.381242,49.968311],[8.381447,49.968366]]]},"properties":{"h":7.5,"cls":"residential"}},{"type":"Feature","geometry":{"type":"Polygon","coordinates":[[[8.381695,49.968029],[8.381476,49.967965],[8.381535,49.967874],[8.381754,49.967938],[8.381695,49.968029]]]},"properties":{"h":9.0,"cls":"residential"}},{"type":"Feature","geometry":{"type":"Polygon","coordinates":[[[8.381592,49.968108],[8.381372,49.968044],[8.381431,49.967954],[8.38165,49.968017],[8.381592,49.968108]]]},"properties":{"h":9.0,"cls":"residential"}},{"type":"Feature","geometry":{"type":"Polygon","coordinates":[[[8.381519,49.967669],[8.38145,49.967767],[8.381382,49.967747],[8.381452,49.967649],[8.381519,49.967669]]]},"properties":{"h":3.0,"cls":"garage"}},{"type":"Feature","geometry":{"type":"Polygon","coordinates":[[[8.381843,49.967731],[8.381742,49.967876],[8.381443,49.96779],[8.381544,49.967645],[8.381843,49.967731]]]},"properties":{"h":6.2,"cls":"residential"}},{"type":"Feature","geometry":{"type":"Polygon","coordinates":[[[8.381613,49.967224],[8.381502,49.967314],[8.38131,49.967208],[8.381422,49.967119],[8.381613,49.967224]]]},"properties":{"h":6.1,"cls":"residential"}},{"type":"Feature","geometry":{"type":"Polygon","coordinates":[[[8.381128,49.967608],[8.38096,49.967543],[8.381088,49.967404],[8.381256,49.96747],[8.381128,49.967608]]]},"properties":{"h":9.0,"cls":"residential"}},{"type":"Feature","geometry":{"type":"Polygon","coordinates":[[[8.38086,49.967451],[8.380775,49.967539],[8.380632,49.967482],[8.380679,49.967434],[8.380649,49.967422],[8.380687,49.967382],[8.38086,49.967451]]]},"properties":{"h":4.1,"cls":"residential"}},{"type":"Feature","geometry":{"type":"Polygon","coordinates":[[[8.380982,49.967328],[8.380904,49.967409],[8.380756,49.96735],[8.380834,49.967269],[8.380982,49.967328]]]},"properties":{"h":4.2,"cls":"residential"}},{"type":"Feature","geometry":{"type":"Polygon","coordinates":[[[8.37989,49.967211],[8.379725,49.967179],[8.379809,49.967002],[8.379973,49.967034],[8.37989,49.967211]]]},"properties":{"h":5.2,"cls":"residential"}},{"type":"Feature","geometry":{"type":"Polygon","coordinates":[[[8.380617,49.967267],[8.380437,49.967331],[8.380359,49.967239],[8.380539,49.967175],[8.380617,49.967267]]]},"properties":{"h":4.5,"cls":"residential"}},{"type":"Feature","geometry":{"type":"Polygon","coordinates":[[[8.380812,49.967194],[8.380632,49.967258],[8.380553,49.967166],[8.380733,49.967103],[8.380812,49.967194]]]},"properties":{"h":4.4,"cls":"residential"}},{"type":"Feature","geometry":{"type":"Polygon","coordinates":[[[8.380571,49.967518],[8.380606,49.967482],[8.380683,49.967512],[8.380648,49.967549],[8.380571,49.967518]]]},"properties":{"h":3.0,"cls":"garage"}},{"type":"Feature","geometry":{"type":"Polygon","coordinates":[[[8.380158,49.967448],[8.380001,49.967384],[8.380052,49.967333],[8.380208,49.967398],[8.380158,49.967448]]]},"properties":{"h":9.0,"cls":"residential"}},{"type":"Feature","geometry":{"type":"Polygon","coordinates":[[[8.380157,49.967228],[8.380119,49.967244],[8.380076,49.967203],[8.380113,49.967186],[8.380157,49.967228]]]},"properties":{"h":3.0}},{"type":"Feature","geometry":{"type":"Polygon","coordinates":[[[8.380208,49.967398],[8.380052,49.967333],[8.380102,49.967283],[8.380259,49.967347],[8.380208,49.967398]]]},"properties":{"h":9.0,"cls":"residential"}},{"type":"Feature","geometry":{"type":"Polygon","coordinates":[[[8.379728,49.967554],[8.379539,49.967522],[8.379559,49.967472],[8.379748,49.967504],[8.379728,49.967554]]]},"properties":{"h":9.0,"cls":"residential"}},{"type":"Feature","geometry":{"type":"Polygon","coordinates":[[[8.379721,49.967609],[8.379532,49.967577],[8.379552,49.967526],[8.379741,49.967558],[8.379721,49.967609]]]},"properties":{"h":9.0,"cls":"residential"}},{"type":"Feature","geometry":{"type":"Polygon","coordinates":[[[8.379842,49.967439],[8.379677,49.967407],[8.379762,49.96723],[8.379926,49.967263],[8.379842,49.967439]]]},"properties":{"h":5.8,"cls":"residential"}},{"type":"Feature","geometry":{"type":"Polygon","coordinates":[[[8.379008,49.967205],[8.379063,49.967056],[8.379373,49.967103],[8.379317,49.967252],[8.379206,49.967235],[8.379226,49.967265],[8.379209,49.967269],[8.379198,49.967271],[8.379189,49.967271],[8.379174,49.967271],[8.379158,49.967269],[8.379148,49.967268],[8.379139,49.967265],[8.37913,49.967263],[8.379122,49.96726],[8.379115,49.967256],[8.379106,49.967252],[8.379092,49.967243],[8.379133,49.967225],[8.379008,49.967205]]]},"properties":{"h":12.0,"cls":"apartments"}},{"type":"Feature","geometry":{"type":"Polygon","coordinates":[[[8.378885,49.967523],[8.378939,49.967368],[8.37925,49.967414],[8.379235,49.96746],[8.37928,49.967503],[8.379212,49.967525],[8.379196,49.96757],[8.378885,49.967523]]]},"properties":{"h":9.0,"cls":"residential"}},{"type":"Feature","geometry":{"type":"Polygon","coordinates":[[[8.389724,49.967736],[8.389695,49.967756],[8.38867,49.967168],[8.388381,49.967002],[8.388567,49.966868],[8.388412,49.966779],[8.389293,49.966144],[8.389578,49.966308],[8.389645,49.96626],[8.389788,49.966342],[8.389697,49.966407],[8.390043,49.966606],[8.390128,49.966545],[8.390545,49.966784],[8.390633,49.966721],[8.390796,49.966814],[8.39075,49.966847],[8.391065,49.967028],[8.390532,49.967412],[8.390479,49.967382],[8.390332,49.967297],[8.389724,49.967736]]]},"properties":{"h":7.8,"cls":"retail"}},{"type":"Feature","geometry":{"type":"Polygon","coordinates":[[[8.386268,49.967225],[8.386185,49.967248],[8.386086,49.9671],[8.386273,49.967048],[8.386297,49.967083],[8.38623,49.967102],[8.386289,49.967189],[8.386268,49.967225]]]},"properties":{"h":3.0,"cls":"shed"}},{"type":"Feature","geometry":{"type":"Polygon","coordinates":[[[8.385898,49.967315],[8.385762,49.967289],[8.385814,49.96718],[8.385949,49.967207],[8.385898,49.967315]]]},"properties":{"h":7.0}},{"type":"Feature","geometry":{"type":"Polygon","coordinates":[[[8.385879,49.967418],[8.385893,49.967375],[8.385948,49.967383],[8.385934,49.967425],[8.385879,49.967418]]]},"properties":{"h":0.8}},{"type":"Feature","geometry":{"type":"Polygon","coordinates":[[[8.385779,49.967551],[8.385643,49.967519],[8.385726,49.967372],[8.385862,49.967404],[8.385779,49.967551]]]},"properties":{"h":7.0}},{"type":"Feature","geometry":{"type":"Polygon","coordinates":[[[8.385587,49.967465],[8.385501,49.967446],[8.385562,49.967333],[8.385648,49.967352],[8.385587,49.967465]]]},"properties":{"h":7.0}},{"type":"Feature","geometry":{"type":"Polygon","coordinates":[[[8.385501,49.967446],[8.385402,49.967426],[8.385464,49.967309],[8.385562,49.967333],[8.385501,49.967446]]]},"properties":{"h":7.0}},{"type":"Feature","geometry":{"type":"Polygon","coordinates":[[[8.385579,49.967204],[8.385531,49.967193],[8.385577,49.967106],[8.385661,49.967125],[8.385683,49.967084],[8.385789,49.967107],[8.385707,49.967259],[8.385662,49.967249],[8.385654,49.967264],[8.385558,49.967243],[8.385579,49.967204]]]},"properties":{"h":7.0}},{"type":"Feature","geometry":{"type":"Polygon","coordinates":[[[8.385155,49.967371],[8.384948,49.967323],[8.384995,49.967238],[8.385202,49.967287],[8.385155,49.967371]]]},"properties":{"h":3.3}},{"type":"Feature","geometry":{"type":"Polygon","coordinates":[[[8.385236,49.967236],[8.385006,49.967183],[8.385061,49.967086],[8.385291,49.96714],[8.385236,49.967236]]]},"properties":{"h":5.1}},{"type":"Feature","geometry":{"type":"Polygon","coordinates":[[[8.385056,49.967513],[8.384862,49.967468],[8.384904,49.967393],[8.385098,49.967438],[8.385056,49.967513]]]},"properties":{"h":5.9}},{"type":"Feature","geometry":{"type":"Polygon","coordinates":[[[8.384875,49.967636],[8.384715,49.967599],[8.384767,49.967507],[8.384927,49.967544],[8.384875,49.967636]]]},"properties":{"h":6.2}},{"type":"Feature","geometry":{"type":"Polygon","coordinates":[[[8.384593,49.967311],[8.384441,49.967279],[8.384481,49.967201],[8.384633,49.967232],[8.384593,49.967311]]]},"properties":{"h":6.7,"cls":"residential"}},{"type":"Feature","geometry":{"type":"Polygon","coordinates":[[[8.384306,49.967404],[8.384346,49.967331],[8.384457,49.967356],[8.384441,49.967387],[8.384538,49.967409],[8.384501,49.967477],[8.384373,49.967448],[8.384365,49.967463],[8.384327,49.967454],[8.384314,49.967477],[8.384213,49.967454],[8.384248,49.967391],[8.384306,49.967404]]]},"properties":{"h":5.2,"cls":"residential"}},{"type":"Feature","geometry":{"type":"Polygon","coordinates":[[[8.384248,49.967559],[8.384159,49.967538],[8.384189,49.967484],[8.384278,49.967505],[8.384248,49.967559]]]},"properties":{"h":3.6,"cls":"garage"}},{"type":"Feature","geometry":{"type":"Polygon","coordinates":[[[8.383907,49.967258],[8.383828,49.967239],[8.383882,49.967146],[8.383965,49.967166],[8.38395,49.967192],[8.384089,49.967225],[8.384114,49.967181],[8.384205,49.967202],[8.384152,49.967296],[8.38409,49.967281],[8.384064,49.967327],[8.383891,49.967286],[8.383907,49.967258]]]},"properties":{"h":6.1,"cls":"residential"}},{"type":"Feature","geometry":{"type":"Polygon","coordinates":[[[8.384314,49.967258],[8.384225,49.967241],[8.384243,49.967203],[8.384331,49.96722],[8.384314,49.967258]]]},"properties":{"h":2.8}},{"type":"Feature","geometry":{"type":"Polygon","coordinates":[[[8.383852,49.967083],[8.383777,49.967213],[8.383606,49.967171],[8.383683,49.967039],[8.383852,49.967083]]]},"properties":{"h":5.0,"cls":"residential"}},{"type":"Feature","geometry":{"type":"Polygon","coordinates":[[[8.383945,49.967513],[8.383872,49.967616],[8.383717,49.967571],[8.383791,49.967467],[8.383945,49.967513]]]},"properties":{"h":6.3,"cls":"residential"}},{"type":"Feature","geometry":{"type":"Polygon","coordinates":[[[8.383524,49.967516],[8.383322,49.967454],[8.383402,49.967345],[8.383552,49.967391],[8.383567,49.967371],[8.383619,49.967387],[8.383524,49.967516]]]},"properties":{"h":5.7,"cls":"residential"}},{"type":"Feature","geometry":{"type":"Polygon","coordinates":[[[8.383181,49.967374],[8.383007,49.967318],[8.383095,49.967203],[8.383247,49.967252],[8.383206,49.967306],[8.383228,49.967313],[8.383181,49.967374]]]},"properties":{"h":6.8,"cls":"residential"}},{"type":"Feature","geometry":{"type":"Polygon","coordinates":[[[8.383035,49.967524],[8.382872,49.967471],[8.382961,49.967358],[8.383124,49.967411],[8.383035,49.967524]]]},"properties":{"h":5.4,"cls":"residential"}},{"type":"Feature","geometry":{"type":"Polygon","coordinates":[[[8.382641,49.967383],[8.382504,49.967317],[8.38261,49.967227],[8.382747,49.967293],[8.382641,49.967383]]]},"properties":{"h":5.4,"cls":"residential"}},{"type":"Feature","geometry":{"type":"Polygon","coordinates":[[[8.382593,49.96721],[8.382515,49.967169],[8.38257,49.967126],[8.382647,49.967166],[8.382593,49.96721]]]},"properties":{"h":3.0,"cls":"garage"}},{"type":"Feature","geometry":{"type":"Polygon","coordinates":[[[8.382809,49.967224],[8.382658,49.967149],[8.382768,49.967059],[8.382918,49.967134],[8.382809,49.967224]]]},"properties":{"h":6.0,"cls":"residential"}},{"type":"Feature","geometry":{"type":"Polygon","coordinates":[[[8.382088,49.967249],[8.381962,49.96716],[8.382201,49.967019],[8.382185,49.967008],[8.382327,49.966925],[8.382429,49.966997],[8.382298,49.967074],[8.382317,49.967087],[8.382176,49.96717],[8.382197,49.967185],[8.382088,49.967249]]]},"properties":{"h":6.4,"cls":"residential"}},{"type":"Feature","geometry":{"type":"Polygon","coordinates":[[[8.382329,49.967462],[8.382452,49.967369],[8.382592,49.967446],[8.382469,49.967539],[8.382329,49.967462]]]},"properties":{"h":6.3,"cls":"residential"}},{"type":"Feature","geometry":{"type":"Polygon","coordinates":[[[8.382265,49.967456],[8.382193,49.967418],[8.38223,49.96739],[8.382302,49.967428],[8.382265,49.967456]]]},"properties":{"h":3.0,"cls":"garage"}},{"type":"Feature","geometry":{"type":"Polygon","coordinates":[[[8.382255,49.967453],[8.382203,49.967496],[8.382138,49.967463],[8.382191,49.96742],[8.382255,49.967453]]]},"properties":{"h":3.0,"cls":"garage"}},{"type":"Feature","geometry":{"type":"Polygon","coordinates":[[[8.382077,49.967272],[8.381934,49.967355],[8.38182,49.967274],[8.381964,49.967191],[8.382077,49.967272]]]},"properties":{"h":6.4,"cls":"residential"}},{"type":"Feature","geometry":{"type":"Polygon","coordinates":[[[8.381891,49.967389],[8.381759,49.967462],[8.381652,49.967382],[8.381784,49.967309],[8.381891,49.967389]]]},"properties":{"h":5.9,"cls":"residential"}},{"type":"Feature","geometry":{"type":"Polygon","coordinates":[[[8.382298,49.96769],[8.382156,49.967606],[8.382279,49.96752],[8.38242,49.967604],[8.382298,49.96769]]]},"properties":{"h":5.7,"cls":"residential"}},{"type":"Feature","geometry":{"type":"Polygon","coordinates":[[[8.382695,49.967829],[8.382529,49.967782],[8.382574,49.967718],[8.382592,49.967723],[8.382633,49.967665],[8.382798,49.967712],[8.382758,49.96777],[8.38274,49.967764],[8.382695,49.967829]]]},"properties":{"h":6.2,"cls":"residential"}},{"type":"Feature","geometry":{"type":"Polygon","coordinates":[[[8.382753,49.967948],[8.382656,49.96792],[8.382707,49.967847],[8.382804,49.967875],[8.382753,49.967948]]]},"properties":{"h":3.8,"cls":"garages"}},{"type":"Feature","geometry":{"type":"Polygon","coordinates":[[[8.382844,49.967943],[8.382804,49.967931],[8.382845,49.967866],[8.382888,49.967876],[8.382844,49.967943]]]},"properties":{"h":3.2,"cls":"carport"}},{"type":"Feature","geometry":{"type":"Polygon","coordinates":[[[8.382841,49.967952],[8.382884,49.967896],[8.383041,49.967947],[8.382959,49.968053],[8.382833,49.968013],[8.382872,49.967962],[8.382841,49.967952]]]},"properties":{"h":9.0,"cls":"residential"}},{"type":"Feature","geometry":{"type":"Polygon","coordinates":[[[8.382875,49.967672],[8.382689,49.967616],[8.382728,49.967563],[8.38277,49.967576],[8.382809,49.967521],[8.382953,49.967565],[8.382875,49.967672]]]},"properties":{"h":6.8,"cls":"residential"}},{"type":"Feature","geometry":{"type":"Polygon","coordinates":[[[8.383266,49.967742],[8.383187,49.967718],[8.383224,49.967667],[8.383303,49.967691],[8.383266,49.967742]]]},"properties":{"h":3.0,"cls":"garage"}},{"type":"Feature","geometry":{"type":"Polygon","coordinates":[[[8.383214,49.967657],[8.38328,49.967566],[8.383465,49.967623],[8.383398,49.967713],[8.383214,49.967657]]]},"properties":{"h":5.7,"cls":"residential"}},{"type":"Feature","geometry":{"type":"Polygon","coordinates":[[[8.383275,49.967939],[8.383087,49.967882],[8.383156,49.967788],[8.383344,49.967846],[8.383275,49.967939]]]},"properties":{"h":6.1,"cls":"residential"}},{"type":"Feature","geometry":{"type":"Polygon","coordinates":[[[8.383173,49.968097],[8.383043,49.968061],[8.383109,49.967964],[8.383239,49.968],[8.383173,49.968097]]]},"properties":{"h":5.5,"cls":"residential"}},{"type":"Feature","geometry":{"type":"Polygon","coordinates":[[[8.383445,49.968339],[8.383278,49.968286],[8.383395,49.968133],[8.38356,49.968185],[8.383501,49.968262],[8.383529,49.968271],[8.383495,49.968314],[8.38347,49.968306],[8.383445,49.968339]]]},"properties":{"h":7.2,"cls":"residential"}},{"type":"Feature","geometry":{"type":"Polygon","coordinates":[[[8.382108,49.968917],[8.382379,49.968473],[8.382528,49.968511],[8.382257,49.968955],[8.382108,49.968917]]]},"properties":{"h":7.5,"cls":"apartments"}},{"type":"Feature","geometry":{"type":"Polygon","coordinates":[[[8.383686,49.969338],[8.383493,49.969285],[8.383607,49.969114],[8.383981,49.969217],[8.383937,49.969283],[8.383813,49.969249],[8.383828,49.969226],[8.38377,49.969211],[8.383686,49.969338]]]},"properties":{"h":5.4,"cls":"retail"}},{"type":"Feature","geometry":{"type":"Polygon","coordinates":[[[8.383743,49.968622],[8.383802,49.968516],[8.384019,49.968565],[8.383961,49.968671],[8.383743,49.968622]]]},"properties":{"h":6.1,"cls":"residential"}},{"type":"Feature","geometry":{"type":"Polygon","coordinates":[[[8.384141,49.968159],[8.383955,49.968112],[8.384,49.968038],[8.384076,49.968057],[8.384093,49.968029],[8.384203,49.968057],[8.384141,49.968159]]]},"properties":{"h":5.4,"cls":"residential"}},{"type":"Feature","geometry":{"type":"Polygon","coordinates":[[[8.38404,49.968322],[8.383941,49.968299],[8.383922,49.968262],[8.383959,49.968222],[8.38403,49.968202],[8.384094,49.968215],[8.384115,49.968233],[8.384095,49.968311],[8.38404,49.968322]]]},"properties":{"h":5.3,"cls":"residential"}},{"type":"Feature","geometry":{"type":"Polygon","coordinates":[[[8.383971,49.968489],[8.383798,49.968447],[8.383862,49.96834],[8.384035,49.968382],[8.383971,49.968489]]]},"properties":{"h":7.0,"cls":"residential"}},{"type":"Feature","geometry":{"type":"Polygon","coordinates":[[[8.383754,49.968465],[8.383657,49.968442],[8.383686,49.968391],[8.383784,49.968414],[8.383754,49.968465]]]},"properties":{"h":3.0,"cls":"garage"}},{"type":"Feature","geometry":{"type":"Polygon","coordinates":[[[8.383713,49.968503],[8.383633,49.968484],[8.383656,49.968444],[8.383736,49.968463],[8.383713,49.968503]]]},"properties":{"h":3.0,"cls":"garage"}},{"type":"Feature","geometry":{"type":"Polygon","coordinates":[[[8.383599,49.968446],[8.383626,49.968387],[8.383663,49.968394],[8.383636,49.968453],[8.383599,49.968446]]]},"properties":{"h":1.9}},{"type":"Feature","geometry":{"type":"Polygon","coordinates":[[[8.383886,49.968189],[8.383811,49.96817],[8.383842,49.96812],[8.383916,49.968139],[8.383886,49.968189]]]},"properties":{"h":3.0,"cls":"garage"}},{"type":"Feature","geometry":{"type":"Polygon","coordinates":[[[8.383919,49.968139],[8.383843,49.968119],[8.383859,49.968094],[8.383935,49.968113],[8.383919,49.968139]]]},"properties":{"h":3.0,"cls":"garage"}},{"type":"Feature","geometry":{"type":"Polygon","coordinates":[[[8.383681,49.968016],[8.3836,49.968126],[8.383442,49.968078],[8.383523,49.967968],[8.383681,49.968016]]]},"properties":{"h":7.0,"cls":"residential"}},{"type":"Feature","geometry":{"type":"Polygon","coordinates":[[[8.383767,49.967859],[8.383697,49.967957],[8.383543,49.967911],[8.383613,49.967814],[8.383767,49.967859]]]},"properties":{"h":9.0,"cls":"residential"}},{"type":"Feature","geometry":{"type":"Polygon","coordinates":[[[8.38388,49.96767],[8.383789,49.96779],[8.383626,49.967738],[8.383717,49.967619],[8.38388,49.96767]]]},"properties":{"h":6.6,"cls":"residential"}},{"type":"Feature","geometry":{"type":"Polygon","coordinates":[[[8.384076,49.967855],[8.383998,49.967837],[8.384048,49.96775],[8.384125,49.967768],[8.384076,49.967855]]]},"properties":{"h":2.9,"cls":"garage"}},{"type":"Feature","geometry":{"type":"Polygon","coordinates":[[[8.384234,49.968006],[8.384035,49.967958],[8.384097,49.967851],[8.384296,49.967899],[8.384234,49.968006]]]},"properties":{"h":6.5,"cls":"residential"}},{"type":"Feature","geometry":{"type":"Polygon","coordinates":[[[8.384322,49.96784],[8.384161,49.967803],[8.384221,49.967697],[8.384382,49.967734],[8.384322,49.96784]]]},"properties":{"h":6.3,"cls":"residential"}},{"type":"Feature","geometry":{"type":"Polygon","coordinates":[[[8.384432,49.96765],[8.384279,49.967616],[8.384323,49.967534],[8.384476,49.967567],[8.384432,49.96765]]]},"properties":{"h":5.5,"cls":"residential"}},{"type":"Feature","geometry":{"type":"Polygon","coordinates":[[[8.38478,49.967753],[8.384618,49.967719],[8.384649,49.967658],[8.384811,49.967692],[8.38478,49.967753]]]},"properties":{"h":7.0}},{"type":"Feature","geometry":{"type":"Polygon","coordinates":[[[8.384618,49.967719],[8.38478,49.967753],[8.384733,49.967832],[8.384568,49.967792],[8.384618,49.967719]]]},"properties":{"h":7.0}},{"type":"Feature","geometry":{"type":"Polygon","coordinates":[[[8.38525,49.967914],[8.38516,49.967895],[8.38523,49.967767],[8.385314,49.967786],[8.38525,49.967914]]]},"properties":{"h":7.0}},{"type":"Feature","geometry":{"type":"Polygon","coordinates":[[[8.384864,49.967856],[8.38492,49.967757],[8.38505,49.967787],[8.384994,49.967886],[8.384864,49.967856]]]},"properties":{"h":6.1}},{"type":"Feature","geometry":{"type":"Polygon","coordinates":[[[8.385334,49.96793],[8.38525,49.967914],[8.385314,49.967786],[8.385403,49.967804],[8.385334,49.96793]]]},"properties":{"h":7.0}},{"type":"Feature","geometry":{"type":"Polygon","coordinates":[[[8.385537,49.967984],[8.385377,49.967946],[8.38546,49.967799],[8.38562,49.967836],[8.385537,49.967984]]]},"properties":{"h":7.0}},{"type":"Feature","geometry":{"type":"Polygon","coordinates":[[[8.385655,49.967747],[8.385513,49.967714],[8.385553,49.967642],[8.385695,49.967675],[8.385655,49.967747]]]},"properties":{"h":7.0}},{"type":"Feature","geometry":{"type":"Polygon","coordinates":[[[8.385733,49.967606],[8.385695,49.967675],[8.385553,49.967642],[8.385594,49.967573],[8.385733,49.967606]]]},"properties":{"h":7.0}},{"type":"Feature","geometry":{"type":"Polygon","coordinates":[[[8.38629,49.96932],[8.386216,49.969314],[8.386229,49.969253],[8.386302,49.969259],[8.38629,49.96932]]]},"properties":{"h":3.0}},{"type":"Feature","geometry":{"type":"Polygon","coordinates":[[[8.386846,49.969384],[8.386815,49.969439],[8.386774,49.96943],[8.386793,49.969394],[8.386741,49.969382],[8.386752,49.969363],[8.386846,49.969384]]]},"properties":{"h":2.4}},{"type":"Feature","geometry":{"type":"Polygon","coordinates":[[[8.387051,49.969477],[8.386892,49.969445],[8.386916,49.969396],[8.387074,49.969428],[8.387051,49.969477]]]},"properties":{"h":4.0}},{"type":"Feature","geometry":{"type":"Polygon","coordinates":[[[8.388626,49.968813],[8.3885,49.968699],[8.389001,49.96847],[8.38913,49.968587],[8.388626,49.968813]]]},"properties":{"h":7.0,"cls":"roof"}},{"type":"Feature","geometry":{"type":"Polygon","coordinates":[[[8.388028,49.969038],[8.387961,49.969062],[8.387883,49.96897],[8.38795,49.968946],[8.388028,49.969038]]]},"properties":{"h":2.9}},{"type":"Feature","geometry":{"type":"Polygon","coordinates":[[[8.388137,49.968992],[8.388066,49.969014],[8.387962,49.968875],[8.388033,49.968853],[8.388137,49.968992]]]},"properties":{"h":5.2}},{"type":"Feature","geometry":{"type":"Polygon","coordinates":[[[8.387787,49.968976],[8.387934,49.968855],[8.387947,49.968862],[8.387973,49.968841],[8.387988,49.968848],[8.387815,49.968991],[8.387787,49.968976]]]},"properties":{"h":1.3}},{"type":"Feature","geometry":{"type":"Polygon","coordinates":[[[8.387299,49.96947],[8.387277,49.969543],[8.387224,49.969537],[8.387246,49.969464],[8.387299,49.96947]]]},"properties":{"h":2.5}},{"type":"Feature","geometry":{"type":"Polygon","coordinates":[[[8.387205,49.969639],[8.387125,49.969625],[8.387156,49.969555],[8.387296,49.969581],[8.387282,49.969611],[8.387221,49.9696],[8.387206,49.969634],[8.387249,49.969641],[8.387225,49.969695],[8.38716,49.969683],[8.387149,49.969708],[8.387088,49.969697],[8.38711,49.969648],[8.387195,49.969663],[8.387205,49.969639]]]},"properties":{"h":2.3}},{"type":"Feature","geometry":{"type":"Polygon","coordinates":[[[8.387272,49.96965],[8.387295,49.969585],[8.387355,49.969594],[8.387333,49.969659],[8.387272,49.96965]]]},"properties":{"h":2.5}},{"type":"Feature","geometry":{"type":"Polygon","coordinates":[[[8.387439,49.969499],[8.387413,49.969583],[8.387336,49.969573],[8.387362,49.969489],[8.387439,49.969499]]]},"properties":{"h":2.9}},{"type":"Feature","geometry":{"type":"Polygon","coordinates":[[[8.387357,49.969752],[8.387416,49.969616],[8.387507,49.969632],[8.387448,49.969769],[8.387357,49.969752]]]},"properties":{"h":2.8}},{"type":"Feature","geometry":{"type":"Polygon","coordinates":[[[8.387225,49.969726],[8.387243,49.969681],[8.387302,49.96969],[8.387284,49.969736],[8.387225,49.969726]]]},"properties":{"h":2.0}},{"type":"Feature","geometry":{"type":"Polygon","coordinates":[[[8.387146,49.969876],[8.38716,49.96984],[8.387255,49.969855],[8.387241,49.969891],[8.387146,49.969876]]]},"properties":{"h":1.2}},{"type":"Feature","geometry":{"type":"Polygon","coordinates":[[[8.387607,49.970231],[8.387678,49.970206],[8.387714,49.97025],[8.387644,49.970274],[8.387607,49.970231]]]},"properties":{"h":1.9}},{"type":"Feature","geometry":{"type":"Polygon","coordinates":[[[8.387702,49.97038],[8.387796,49.970349],[8.387865,49.970436],[8.387771,49.970467],[8.387702,49.97038]]]},"properties":{"h":2.5}},{"type":"Feature","geometry":{"type":"Polygon","coordinates":[[[8.387534,49.969613],[8.38756,49.969552],[8.387722,49.96958],[8.387709,49.969612],[8.387629,49.969598],[8.387616,49.969627],[8.387534,49.969613]]]},"properties":{"h":2.7}},{"type":"Feature","geometry":{"type":"Polygon","coordinates":[[[8.388462,49.969766],[8.388374,49.969806],[8.388301,49.969738],[8.388363,49.96971],[8.388322,49.969673],[8.388258,49.969701],[8.387805,49.969282],[8.387892,49.969242],[8.388462,49.969766]]]},"properties":{"h":7.0,"cls":"roof"}},{"type":"Feature","geometry":{"type":"Polygon","coordinates":[[[8.388495,49.970799],[8.388451,49.970751],[8.388515,49.970727],[8.388559,49.970775],[8.388495,49.970799]]]},"properties":{"h":2.3}},{"type":"Feature","geometry":{"type":"Polygon","coordinates":[[[8.388355,49.970735],[8.388296,49.970675],[8.388497,49.970594],[8.388555,49.970654],[8.388355,49.970735]]]},"properties":{"h":3.6}},{"type":"Feature","geometry":{"type":"Polygon","coordinates":[[[8.388767,49.970559],[8.388687,49.970577],[8.388657,49.970523],[8.388737,49.970505],[8.388767,49.970559]]]},"properties":{"h":5.9}},{"type":"Feature","geometry":{"type":"Polygon","coordinates":[[[8.388904,49.970489],[8.388822,49.970511],[8.388798,49.970475],[8.388881,49.970453],[8.388904,49.970489]]]},"properties":{"h":6.1}},{"type":"Feature","geometry":{"type":"Polygon","coordinates":[[[8.389,49.970582],[8.388914,49.970591],[8.388894,49.970519],[8.38898,49.970509],[8.389,49.970582]]]},"properties":{"h":6.6}},{"type":"Feature","geometry":{"type":"Polygon","coordinates":[[[8.389006,49.97061],[8.388873,49.97069],[8.38883,49.97066],[8.388963,49.97058],[8.389006,49.97061]]]},"properties":{"h":5.5}},{"type":"Feature","geometry":{"type":"Polygon","coordinates":[[[8.388882,49.970831],[8.388798,49.970869],[8.388761,49.970835],[8.388844,49.970797],[8.388882,49.970831]]]},"properties":{"h":2.8}},{"type":"Feature","geometry":{"type":"Polygon","coordinates":[[[8.388771,49.970672],[8.388839,49.97072],[8.388694,49.970804],[8.388647,49.97077],[8.388622,49.970785],[8.388601,49.97077],[8.388771,49.970672]]]},"properties":{"h":3.5}},{"type":"Feature","geometry":{"type":"Polygon","coordinates":[[[8.388644,49.970734],[8.388593,49.970688],[8.388661,49.970657],[8.388712,49.970703],[8.388644,49.970734]]]},"properties":{"h":3.0}},{"type":"Feature","geometry":{"type":"Polygon","coordinates":[[[8.388568,49.970791],[8.388607,49.97078],[8.388637,49.970825],[8.388599,49.970836],[8.388568,49.970791]]]},"properties":{"h":2.0}},{"type":"Feature","geometry":{"type":"Polygon","coordinates":[[[8.388569,49.970961],[8.388545,49.970968],[8.388595,49.971038],[8.388545,49.971053],[8.38846,49.970935],[8.388534,49.970913],[8.388569,49.970961]]]},"properties":{"h":3.4}},{"type":"Feature","geometry":{"type":"Polygon","coordinates":[[[8.388557,49.971091],[8.388635,49.971065],[8.388671,49.97111],[8.388593,49.971136],[8.388557,49.971091]]]},"properties":{"h":3.4}},{"type":"Feature","geometry":{"type":"Polygon","coordinates":[[[8.388771,49.971325],[8.388745,49.971281],[8.388814,49.971265],[8.388839,49.971309],[8.388771,49.971325]]]},"properties":{"h":2.0}},{"type":"Feature","geometry":{"type":"Polygon","coordinates":[[[8.388657,49.971229],[8.388717,49.971208],[8.388767,49.971265],[8.388707,49.971286],[8.388657,49.971229]]]},"properties":{"h":2.1}},{"type":"Feature","geometry":{"type":"Polygon","coordinates":[[[8.388176,49.970961],[8.388061,49.970999],[8.388001,49.970924],[8.388117,49.970886],[8.388176,49.970961]]]},"properties":{"h":4.1}},{"type":"Feature","geometry":{"type":"Polygon","coordinates":[[[8.386718,49.970979],[8.38678,49.970952],[8.386808,49.970979],[8.386747,49.971006],[8.386718,49.970979]]]},"properties":{"h":5.0}},{"type":"Feature","geometry":{"type":"Polygon","coordinates":[[[8.387117,49.969892],[8.386973,49.969863],[8.387006,49.969797],[8.38715,49.969827],[8.387117,49.969892]]]},"properties":{"h":2.7}},{"type":"Feature","geometry":{"type":"Polygon","coordinates":[[[8.386964,49.969862],[8.386944,49.9699],[8.386887,49.969888],[8.386907,49.96985],[8.386964,49.969862]]]},"properties":{"h":1.3}},{"type":"Feature","geometry":{"type":"Polygon","coordinates":[[[8.386911,49.969849],[8.386933,49.969786],[8.386993,49.969795],[8.38697,49.969858],[8.386911,49.969849]]]},"properties":{"h":2.0}},{"type":"Feature","geometry":{"type":"Polygon","coordinates":[[[8.387191,49.969449],[8.38717,49.969506],[8.387104,49.969496],[8.387125,49.969439],[8.387191,49.969449]]]},"properties":{"h":2.7}},{"type":"Feature","geometry":{"type":"Polygon","coordinates":[[[8.387075,49.969541],[8.387056,49.96959],[8.387003,49.969581],[8.387022,49.969533],[8.387075,49.969541]]]},"properties":{"h":2.0}},{"type":"Feature","geometry":{"type":"Polygon","coordinates":[[[8.387044,49.969635],[8.387018,49.969683],[8.386963,49.96967],[8.386988,49.969623],[8.387044,49.969635]]]},"properties":{"h":1.9}},{"type":"Feature","geometry":{"type":"Polygon","coordinates":[[[8.386795,49.96948],[8.386768,49.969532],[8.386724,49.969522],[8.386751,49.969471],[8.386795,49.96948]]]},"properties":{"h":1.9}},{"type":"Feature","geometry":{"type":"Polygon","coordinates":[[[8.386744,49.969467],[8.386723,49.969524],[8.386644,49.969512],[8.386666,49.969455],[8.386744,49.969467]]]},"properties":{"h":3.2}},{"type":"Feature","geometry":{"type":"Polygon","coordinates":[[[8.386711,49.969635],[8.386733,49.969574],[8.386845,49.96959],[8.386819,49.969664],[8.386661,49.96964],[8.386665,49.969628],[8.386711,49.969635]]]},"properties":{"h":1.6}},{"type":"Feature","geometry":{"type":"Polygon","coordinates":[[[8.386732,49.969784],[8.386746,49.969748],[8.386912,49.969775],[8.386898,49.969812],[8.386732,49.969784]]]},"properties":{"h":2.3}},{"type":"Feature","geometry":{"type":"Polygon","coordinates":[[[8.386751,49.969863],[8.386755,49.969839],[8.386879,49.969849],[8.386875,49.969873],[8.386751,49.969863]]]},"properties":{"h":1.1}},{"type":"Feature","geometry":{"type":"Polygon","coordinates":[[[8.386522,49.969711],[8.386496,49.969753],[8.38642,49.969733],[8.386446,49.969691],[8.386522,49.969711]]]},"properties":{"h":2.4}},{"type":"Feature","geometry":{"type":"Polygon","coordinates":[[[8.386612,49.969734],[8.386588,49.969783],[8.386534,49.969772],[8.386558,49.969724],[8.386612,49.969734]]]},"properties":{"h":0.9}},{"type":"Feature","geometry":{"type":"Polygon","coordinates":[[[8.386633,49.969832],[8.386641,49.969767],[8.386697,49.96977],[8.386689,49.969835],[8.386633,49.969832]]]},"properties":{"h":1.9}},{"type":"Feature","geometry":{"type":"Polygon","coordinates":[[[8.386711,49.969631],[8.386636,49.969621],[8.386658,49.969552],[8.386733,49.969561],[8.386711,49.969631]]]},"properties":{"h":3.1}},{"type":"Feature","geometry":{"type":"Polygon","coordinates":[[[8.386178,49.969695],[8.386204,49.969635],[8.386269,49.969647],[8.386242,49.969707],[8.386178,49.969695]]]},"properties":{"h":3.1}},{"type":"Feature","geometry":{"type":"Polygon","coordinates":[[[8.386069,49.96964],[8.385929,49.969627],[8.385938,49.969588],[8.386077,49.969601],[8.386069,49.96964]]]},"properties":{"h":3.9}},{"type":"Feature","geometry":{"type":"Polygon","coordinates":[[[8.385744,49.969607],[8.385768,49.969549],[8.385841,49.969562],[8.385817,49.96962],[8.385744,49.969607]]]},"properties":{"h":2.0}},{"type":"Feature","geometry":{"type":"Polygon","coordinates":[[[8.385858,49.969581],[8.385904,49.969592],[8.385882,49.96963],[8.385836,49.969618],[8.385858,49.969581]]]},"properties":{"h":2.3}},{"type":"Feature","geometry":{"type":"Polygon","coordinates":[[[8.385744,49.969615],[8.385704,49.969613],[8.385713,49.969541],[8.385753,49.969543],[8.385744,49.969615]]]},"properties":{"h":1.1}},{"type":"Feature","geometry":{"type":"Polygon","coordinates":[[[8.385642,49.969577],[8.385663,49.969526],[8.385718,49.969535],[8.385696,49.969586],[8.385642,49.969577]]]},"properties":{"h":2.0}},{"type":"Feature","geometry":{"type":"Polygon","coordinates":[[[8.387046,49.971793],[8.387116,49.971766],[8.38718,49.971837],[8.387111,49.971863],[8.387046,49.971793]]]},"properties":{"h":1.0}},{"type":"Feature","geometry":{"type":"Polygon","coordinates":[[[8.388756,49.971357],[8.388833,49.97133],[8.388875,49.97138],[8.388798,49.971407],[8.388756,49.971357]]]},"properties":{"h":2.9}},{"type":"Feature","geometry":{"type":"Polygon","coordinates":[[[8.388043,49.974137],[8.388299,49.974046],[8.388437,49.974207],[8.38854,49.974171],[8.388399,49.974007],[8.388928,49.973819],[8.389762,49.974793],[8.389,49.975063],[8.388309,49.974256],[8.388183,49.9743],[8.388043,49.974137]]]},"properties":{"h":8.2,"cls":"commercial"}},{"type":"Feature","geometry":{"type":"Polygon","coordinates":[[[8.388335,49.975073],[8.38825,49.9751],[8.388134,49.97495],[8.388219,49.974923],[8.388335,49.975073]]]},"properties":{"h":2.0}},{"type":"Feature","geometry":{"type":"Polygon","coordinates":[[[8.387814,49.975118],[8.387806,49.975048],[8.387798,49.974981],[8.38794,49.974936],[8.387933,49.974937],[8.387995,49.974917],[8.388037,49.974971],[8.388009,49.97498],[8.388013,49.975012],[8.388049,49.975011],[8.388139,49.974982],[8.388139,49.974982],[8.388185,49.975042],[8.388187,49.975055],[8.388109,49.975058],[8.388112,49.97508],[8.388045,49.975102],[8.38805,49.975147],[8.388003,49.975085],[8.388009,49.975144],[8.387949,49.975147],[8.3879,49.975162],[8.387876,49.975131],[8.387826,49.975134],[8.387814,49.975118]]]},"properties":{"h":5.0}},{"type":"Feature","geometry":{"type":"Polygon","coordinates":[[[8.387225,49.974829],[8.387147,49.974855],[8.38702,49.974697],[8.387719,49.974465],[8.387821,49.974593],[8.387685,49.974638],[8.38766,49.974606],[8.387175,49.974767],[8.387225,49.974829]]]},"properties":{"h":5.3,"cls":"commercial"}},{"type":"Feature","geometry":{"type":"Polygon","coordinates":[[[8.387477,49.975132],[8.38728,49.9752],[8.387151,49.975048],[8.387201,49.975031],[8.387151,49.974972],[8.387299,49.974921],[8.387477,49.975132]]]},"properties":{"h":3.9,"cls":"commercial"}},{"type":"Feature","geometry":{"type":"Polygon","coordinates":[[[8.386321,49.975123],[8.38628,49.975066],[8.386153,49.975104],[8.386119,49.975057],[8.386331,49.974994],[8.386405,49.975098],[8.386321,49.975123]]]},"properties":{"h":2.2}},{"type":"Feature","geometry":{"type":"Polygon","coordinates":[[[8.385593,49.974408],[8.387236,49.973869],[8.387543,49.974234],[8.385786,49.974819],[8.385484,49.974444],[8.385593,49.974408]]]},"properties":{"h":8.0,"cls":"commercial"}},{"type":"Feature","geometry":{"type":"Polygon","coordinates":[[[8.387236,49.973869],[8.385593,49.974408],[8.384988,49.973644],[8.385132,49.973597],[8.385203,49.973687],[8.385516,49.973584],[8.385589,49.973677],[8.385889,49.973579],[8.385962,49.973671],[8.386259,49.973574],[8.386338,49.973673],[8.386633,49.973577],[8.386715,49.973679],[8.38701,49.973583],[8.387236,49.973869]]]},"properties":{"h":8.0,"cls":"commercial","site":"hq-bischofsheim"}},{"type":"Feature","geometry":{"type":"Polygon","coordinates":[[[8.38411,49.975099],[8.383862,49.974809],[8.385047,49.974387],[8.3853,49.974677],[8.38411,49.975099]]]},"properties":{"h":7.0}},{"type":"Feature","geometry":{"type":"Polygon","coordinates":[[[8.384899,49.974214],[8.385047,49.974387],[8.383862,49.974809],[8.383531,49.974927],[8.38321,49.974554],[8.384531,49.974083],[8.384704,49.974284],[8.384899,49.974214]]]},"properties":{"h":9.1,"cls":"commercial"}},{"type":"Feature","geometry":{"type":"Polygon","coordinates":[[[8.3849,49.974188],[8.384716,49.974251],[8.384456,49.973937],[8.384639,49.973874],[8.3849,49.974188]]]},"properties":{"h":8.0,"cls":"commercial"}},{"type":"Feature","geometry":{"type":"Polygon","coordinates":[[[8.384801,49.972425],[8.384862,49.972391],[8.384905,49.972423],[8.384844,49.972457],[8.384801,49.972425]]]},"properties":{"h":3.2}},{"type":"Feature","geometry":{"type":"Polygon","coordinates":[[[8.382585,49.974802],[8.382387,49.974856],[8.382349,49.974797],[8.382547,49.974744],[8.382585,49.974802]]]},"properties":{"h":1.6}},{"type":"Feature","geometry":{"type":"Polygon","coordinates":[[[8.381687,49.975203],[8.381717,49.975167],[8.381763,49.975183],[8.381733,49.975219],[8.381687,49.975203]]]},"properties":{"h":1.0}},{"type":"Feature","geometry":{"type":"Polygon","coordinates":[[[8.382393,49.975384],[8.382119,49.975504],[8.38188,49.975278],[8.382154,49.975158],[8.382393,49.975384]]]},"properties":{"h":5.1,"cls":"commercial"}},{"type":"Feature","geometry":{"type":"Polygon","coordinates":[[[8.38285,49.975803],[8.382493,49.975956],[8.382419,49.975884],[8.382476,49.975859],[8.382272,49.975661],[8.382421,49.975598],[8.382373,49.975551],[8.382524,49.975487],[8.38285,49.975803]]]},"properties":{"h":5.5,"cls":"commercial"}},{"type":"Feature","geometry":{"type":"Polygon","coordinates":[[[8.381939,49.976105],[8.382,49.976058],[8.382171,49.976149],[8.382111,49.976196],[8.381939,49.976105]]]},"properties":{"h":2.6}},{"type":"Feature","geometry":{"type":"Polygon","coordinates":[[[8.382605,49.977601],[8.380581,49.9765],[8.381343,49.975921],[8.383367,49.977023],[8.382605,49.977601]]]},"properties":{"h":8.6,"cls":"commercial"}},{"type":"Feature","geometry":{"type":"Polygon","coordinates":[[[8.382546,49.976359],[8.382767,49.976272],[8.382846,49.976355],[8.382625,49.976442],[8.382546,49.976359]]]},"properties":{"h":7.0}},{"type":"Feature","geometry":{"type":"Polygon","coordinates":[[[8.382849,49.976585],[8.382983,49.976539],[8.383019,49.976582],[8.382884,49.976628],[8.382849,49.976585]]]},"properties":{"h":2.7}},{"type":"Feature","geometry":{"type":"Polygon","coordinates":[[[8.3831,49.976742],[8.383156,49.976698],[8.383529,49.976893],[8.383474,49.976937],[8.3831,49.976742]]]},"properties":{"h":3.4}},{"type":"Feature","geometry":{"type":"Polygon","coordinates":[[[8.383791,49.976289],[8.383244,49.97648],[8.383125,49.976339],[8.382996,49.976384],[8.382927,49.976303],[8.383061,49.976256],[8.383043,49.976234],[8.38326,49.976158],[8.383281,49.976182],[8.383605,49.976069],[8.383791,49.976289]]]},"properties":{"h":5.2,"cls":"commercial"}},{"type":"Feature","geometry":{"type":"Polygon","coordinates":[[[8.383469,49.975936],[8.383169,49.976052],[8.383063,49.975938],[8.383363,49.975823],[8.383469,49.975936]]]},"properties":{"h":5.9}},{"type":"Feature","geometry":{"type":"Polygon","coordinates":[[[8.382877,49.975948],[8.382943,49.975919],[8.382988,49.975961],[8.382922,49.97599],[8.382877,49.975948]]]},"properties":{"h":2.5}},{"type":"Feature","geometry":{"type":"Polygon","coordinates":[[[8.383463,49.975238],[8.382931,49.975417],[8.382799,49.975253],[8.38333,49.975075],[8.383463,49.975238]]]},"properties":{"h":7.1,"cls":"commercial"}},{"type":"Feature","geometry":{"type":"Polygon","coordinates":[[[8.383316,49.975561],[8.383084,49.975639],[8.382937,49.975457],[8.383169,49.975379],[8.383316,49.975561]]]},"properties":{"h":4.6,"cls":"commercial"}},{"type":"Feature","geometry":{"type":"Polygon","coordinates":[[[8.383708,49.975491],[8.383547,49.975545],[8.38343,49.9754],[8.38359,49.975346],[8.383708,49.975491]]]},"properties":{"h":4.2}},{"type":"Feature","geometry":{"type":"Polygon","coordinates":[[[8.384092,49.975707],[8.384042,49.975724],[8.38397,49.975636],[8.38402,49.975619],[8.384092,49.975707]]]},"properties":{"h":8.0,"cls":"commercial"}},{"type":"Feature","geometry":{"type":"Polygon","coordinates":[[[8.384194,49.975927],[8.38393,49.976016],[8.383856,49.975926],[8.38403,49.975867],[8.38396,49.975781],[8.383928,49.975794],[8.383903,49.975759],[8.383773,49.975805],[8.38371,49.975727],[8.383821,49.975691],[8.383812,49.975676],[8.383943,49.975632],[8.384194,49.975927]]]},"properties":{"h":4.8,"cls":"commercial"}},{"type":"Feature","geometry":{"type":"Polygon","coordinates":[[[8.384251,49.975864],[8.384181,49.975888],[8.384109,49.975802],[8.384179,49.975777],[8.384251,49.975864]]]},"properties":{"h":3.8,"cls":"commercial"}},{"type":"Feature","geometry":{"type":"Polygon","coordinates":[[[8.384896,49.975971],[8.384724,49.976026],[8.384655,49.975939],[8.384827,49.975883],[8.384896,49.975971]]]},"properties":{"h":3.6,"cls":"commercial"}},{"type":"Feature","geometry":{"type":"Polygon","coordinates":[[[8.384742,49.975719],[8.384456,49.97583],[8.384169,49.975507],[8.384367,49.975435],[8.384407,49.975481],[8.384353,49.9755],[8.384486,49.975661],[8.384652,49.975602],[8.384742,49.975719]]]},"properties":{"h":4.9,"cls":"commercial"}},{"type":"Feature","geometry":{"type":"Polygon","coordinates":[[[8.384695,49.97621],[8.384437,49.976303],[8.384321,49.97617],[8.384578,49.976077],[8.384695,49.97621]]]},"properties":{"h":7.0}},{"type":"Feature","geometry":{"type":"Polygon","coordinates":[[[8.384941,49.976356],[8.384445,49.976539],[8.384369,49.976454],[8.384865,49.976271],[8.384941,49.976356]]]},"properties":{"h":4.3,"cls":"commercial"}},{"type":"Feature","geometry":{"type":"Polygon","coordinates":[[[8.385284,49.976364],[8.385155,49.976422],[8.385117,49.976388],[8.385246,49.976329],[8.385284,49.976364]]]},"properties":{"h":2.0}},{"type":"Feature","geometry":{"type":"Polygon","coordinates":[[[8.385435,49.976686],[8.385188,49.976776],[8.385052,49.976621],[8.385298,49.976531],[8.385435,49.976686]]]},"properties":{"h":8.0,"cls":"commercial"}},{"type":"Feature","geometry":{"type":"Polygon","coordinates":[[[8.38433,49.976984],[8.384673,49.976819],[8.384804,49.976931],[8.384461,49.977096],[8.38433,49.976984]]]},"properties":{"h":5.8}},{"type":"Feature","geometry":{"type":"Polygon","coordinates":[[[8.384363,49.976877],[8.384316,49.976889],[8.384296,49.976855],[8.384343,49.976844],[8.384363,49.976877]]]},"properties":{"h":0.1}},{"type":"Feature","geometry":{"type":"Polygon","coordinates":[[[8.384252,49.976868],[8.384149,49.976909],[8.384127,49.976886],[8.384231,49.976845],[8.384252,49.976868]]]},"properties":{"h":2.0}},{"type":"Feature","geometry":{"type":"Polygon","coordinates":[[[8.384219,49.976633],[8.384353,49.976767],[8.384063,49.976887],[8.383664,49.976489],[8.383848,49.976413],[8.383808,49.976373],[8.384094,49.976254],[8.384399,49.976558],[8.384219,49.976633]]]},"properties":{"h":6.4,"cls":"commercial"}},{"type":"Feature","geometry":{"type":"Polygon","coordinates":[[[8.384595,49.976065],[8.384282,49.976175],[8.384194,49.976072],[8.384507,49.975961],[8.384595,49.976065]]]},"properties":{"h":8.0,"cls":"commercial"}},{"type":"Feature","geometry":{"type":"Polygon","coordinates":[[[8.38364,49.976957],[8.383596,49.976997],[8.383481,49.976946],[8.383525,49.976905],[8.38364,49.976957]]]},"properties":{"h":2.2}},{"type":"Feature","geometry":{"type":"Polygon","coordinates":[[[8.38441,49.977916],[8.384287,49.977986],[8.384079,49.977835],[8.384201,49.977765],[8.38441,49.977916]]]},"properties":{"h":6.7,"cls":"apartments"}},{"type":"Feature","geometry":{"type":"Polygon","coordinates":[[[8.384063,49.977507],[8.38388,49.977412],[8.384035,49.977289],[8.384217,49.977385],[8.384063,49.977507]]]},"properties":{"h":7.0}},{"type":"Feature","geometry":{"type":"Polygon","coordinates":[[[8.384093,49.97727],[8.384013,49.97722],[8.384061,49.977187],[8.384142,49.977237],[8.384093,49.97727]]]},"properties":{"h":3.5}},{"type":"Feature","geometry":{"type":"Polygon","coordinates":[[[8.384748,49.977344],[8.384344,49.97756],[8.384238,49.977478],[8.384642,49.977261],[8.384748,49.977344]]]},"properties":{"h":7.6,"cls":"apartments"}},{"type":"Feature","geometry":{"type":"Polygon","coordinates":[[[8.384764,49.976987],[8.384796,49.976975],[8.384884,49.977069],[8.384852,49.977081],[8.384764,49.976987]]]},"properties":{"h":1.2}},{"type":"Feature","geometry":{"type":"Polygon","coordinates":[[[8.385332,49.977323],[8.3849,49.977551],[8.384744,49.977429],[8.385176,49.9772],[8.385332,49.977323]]]},"properties":{"h":6.8,"cls":"retail"}},{"type":"Feature","geometry":{"type":"Polygon","coordinates":[[[8.3841,49.978109],[8.384044,49.97807],[8.384115,49.978028],[8.384171,49.978066],[8.3841,49.978109]]]},"properties":{"h":2.3}},{"type":"Feature","geometry":{"type":"Polygon","coordinates":[[[8.38295,49.978761],[8.38287,49.978807],[8.382821,49.978772],[8.382902,49.978726],[8.38295,49.978761]]]},"properties":{"h":8.0,"cls":"commercial"}},{"type":"Feature","geometry":{"type":"Polygon","coordinates":[[[8.383295,49.977812],[8.38333,49.977875],[8.383456,49.978103],[8.383361,49.978124],[8.38333,49.978067],[8.383259,49.978083],[8.383197,49.977971],[8.383112,49.97799],[8.383059,49.977896],[8.383103,49.977886],[8.383088,49.977859],[8.383295,49.977812]]]},"properties":{"h":9.0,"cls":"industrial"}},{"type":"Feature","geometry":{"type":"Polygon","coordinates":[[[8.38375,49.977782],[8.38333,49.977875],[8.383295,49.977812],[8.383174,49.977586],[8.383594,49.977492],[8.38375,49.977782]]]},"properties":{"h":5.2,"cls":"commercial"}},{"type":"Feature","geometry":{"type":"Polygon","coordinates":[[[8.382765,49.977855],[8.382735,49.977865],[8.382718,49.977842],[8.382803,49.977815],[8.382866,49.977895],[8.38281,49.977913],[8.382765,49.977855]]]},"properties":{"h":4.6}},{"type":"Feature","geometry":{"type":"Polygon","coordinates":[[[8.382184,49.97861],[8.381947,49.978716],[8.381538,49.978337],[8.381775,49.978231],[8.382184,49.97861]]]},"properties":{"h":7.4,"cls":"commercial"}},{"type":"Feature","geometry":{"type":"Polygon","coordinates":[[[8.381805,49.979625],[8.381757,49.979643],[8.381706,49.979588],[8.381754,49.97957],[8.381805,49.979625]]]},"properties":{"h":2.0}},{"type":"Feature","geometry":{"type":"Polygon","coordinates":[[[8.383054,49.979635],[8.383007,49.979669],[8.382955,49.979639],[8.383002,49.979605],[8.383054,49.979635]]]},"properties":{"h":2.9}},{"type":"Feature","geometry":{"type":"Polygon","coordinates":[[[8.385238,49.981276],[8.384825,49.981513],[8.384628,49.98137],[8.385041,49.981134],[8.385238,49.981276]]]},"properties":{"h":5.8,"cls":"commercial"}},{"type":"Feature","geometry":{"type":"Polygon","coordinates":[[[8.386156,49.979617],[8.386091,49.979655],[8.385971,49.979571],[8.386111,49.979488],[8.386216,49.979561],[8.38614,49.979606],[8.386156,49.979617]]]},"properties":{"h":4.2}},{"type":"Feature","geometry":{"type":"Polygon","coordinates":[[[8.387085,49.979333],[8.386933,49.979433],[8.386784,49.97934],[8.387231,49.979045],[8.387381,49.979138],[8.387325,49.979175],[8.387085,49.979333]]]},"properties":{"h":5.8,"cls":"commercial"}},{"type":"Feature","geometry":{"type":"Polygon","coordinates":[[[8.387046,49.979511],[8.386658,49.979767],[8.386509,49.979674],[8.386664,49.979572],[8.386721,49.979607],[8.386954,49.979453],[8.387046,49.979511]]]},"properties":{"h":3.6,"cls":"commercial"}},{"type":"Feature","geometry":{"type":"Polygon","coordinates":[[[8.388197,49.979945],[8.388101,49.979883],[8.388202,49.979818],[8.388299,49.97988],[8.388197,49.979945]]]},"properties":{"h":8.0,"cls":"commercial"}},{"type":"Feature","geometry":{"type":"Polygon","coordinates":[[[8.387223,49.979978],[8.387156,49.979974],[8.387162,49.979937],[8.387229,49.979942],[8.387223,49.979978]]]},"properties":{"h":3.2}},{"type":"Feature","geometry":{"type":"Polygon","coordinates":[[[8.387452,49.979975],[8.387444,49.980081],[8.387336,49.980077],[8.387344,49.979972],[8.387452,49.979975]]]},"properties":{"h":7.0}},{"type":"Feature","geometry":{"type":"Polygon","coordinates":[[[8.38746,49.979986],[8.38753,49.979985],[8.387532,49.980038],[8.387462,49.980039],[8.38746,49.979986]]]},"properties":{"h":3.0}},{"type":"Feature","geometry":{"type":"Polygon","coordinates":[[[8.387544,49.97937],[8.388111,49.979725],[8.388045,49.979768],[8.387479,49.979414],[8.387544,49.97937]]]},"properties":{"h":3.5,"cls":"roof"}},{"type":"Feature","geometry":{"type":"Polygon","coordinates":[[[8.387535,49.979217],[8.387482,49.979185],[8.387538,49.979147],[8.387591,49.979179],[8.387535,49.979217]]]},"properties":{"h":1.5}},{"type":"Feature","geometry":{"type":"Polygon","coordinates":[[[8.387205,49.979408],[8.387085,49.979333],[8.387325,49.979175],[8.387445,49.979249],[8.387205,49.979408]]]},"properties":{"h":8.0,"cls":"commercial"}},{"type":"Feature","geometry":{"type":"Polygon","coordinates":[[[8.387868,49.978938],[8.387979,49.978863],[8.388022,49.978889],[8.38791,49.978964],[8.387868,49.978938]]]},"properties":{"h":1.0}},{"type":"Feature","geometry":{"type":"Polygon","coordinates":[[[8.388149,49.979593],[8.388309,49.979482],[8.388421,49.979549],[8.388261,49.97966],[8.388149,49.979593]]]},"properties":{"h":2.9}},{"type":"Feature","geometry":{"type":"Polygon","coordinates":[[[8.388781,49.979214],[8.388941,49.979107],[8.389015,49.979152],[8.388855,49.97926],[8.388781,49.979214]]]},"properties":{"h":1.0}},{"type":"Feature","geometry":{"type":"Polygon","coordinates":[[[8.38901,49.978012],[8.388574,49.978348],[8.388156,49.978124],[8.388298,49.978015],[8.388223,49.977974],[8.388398,49.97784],[8.388463,49.977874],[8.388582,49.977782],[8.38901,49.978012]]]},"properties":{"h":6.2,"cls":"sports_hall"}},{"type":"Feature","geometry":{"type":"Polygon","coordinates":[[[8.388205,49.977744],[8.388075,49.977781],[8.388047,49.977741],[8.388177,49.977703],[8.388205,49.977744]]]},"properties":{"h":2.5}},{"type":"Feature","geometry":{"type":"Polygon","coordinates":[[[8.387915,49.97778],[8.388002,49.977778],[8.388003,49.977811],[8.387916,49.977813],[8.387915,49.97778]]]},"properties":{"h":2.0}},{"type":"Feature","geometry":{"type":"Polygon","coordinates":[[[8.387906,49.977767],[8.387892,49.97783],[8.38779,49.977821],[8.387804,49.977757],[8.387906,49.977767]]]},"properties":{"h":2.6}},{"type":"Feature","geometry":{"type":"Polygon","coordinates":[[[8.387461,49.977943],[8.387292,49.977812],[8.387327,49.977793],[8.38735,49.977781],[8.387519,49.977912],[8.387495,49.977925],[8.387461,49.977943]]]},"properties":{"h":7.0,"cls":"roof"}},{"type":"Feature","geometry":{"type":"Polygon","coordinates":[[[8.387319,49.978073],[8.387128,49.977936],[8.387187,49.977902],[8.387378,49.978039],[8.387319,49.978073]]]},"properties":{"h":3.9,"cls":"roof"}},{"type":"Feature","geometry":{"type":"Polygon","coordinates":[[[8.386167,49.978049],[8.386307,49.978024],[8.386325,49.978067],[8.386185,49.978092],[8.386167,49.978049]]]},"properties":{"h":2.0}},{"type":"Feature","geometry":{"type":"Polygon","coordinates":[[[8.386233,49.978403],[8.386216,49.978331],[8.38625,49.978328],[8.386268,49.978399],[8.386233,49.978403]]]},"properties":{"h":3.0}},{"type":"Feature","geometry":{"type":"Polygon","coordinates":[[[8.38606,49.978462],[8.386097,49.97845],[8.386064,49.978408],[8.386121,49.978389],[8.386147,49.978422],[8.386224,49.978397],[8.386281,49.978467],[8.386109,49.978524],[8.38606,49.978462]]]},"properties":{"h":3.6}},{"type":"Feature","geometry":{"type":"Polygon","coordinates":[[[8.385988,49.978499],[8.385927,49.978518],[8.385869,49.978442],[8.38593,49.978423],[8.385988,49.978499]]]},"properties":{"h":3.7}},{"type":"Feature","geometry":{"type":"Polygon","coordinates":[[[8.385379,49.978623],[8.385345,49.978648],[8.38531,49.978628],[8.385344,49.978603],[8.385379,49.978623]]]},"properties":{"h":2.6}},{"type":"Feature","geometry":{"type":"Polygon","coordinates":[[[8.385323,49.978557],[8.385388,49.978522],[8.385419,49.978546],[8.385353,49.978581],[8.385323,49.978557]]]},"properties":{"h":3.7}},{"type":"Feature","geometry":{"type":"Polygon","coordinates":[[[8.386022,49.978288],[8.386195,49.978259],[8.386226,49.978334],[8.386053,49.978364],[8.386022,49.978288]]]},"properties":{"h":3.2}},{"type":"Feature","geometry":{"type":"Polygon","coordinates":[[[8.386155,49.978128],[8.385988,49.978153],[8.385969,49.978101],[8.386136,49.978076],[8.386155,49.978128]]]},"properties":{"h":2.5}},{"type":"Feature","geometry":{"type":"Polygon","coordinates":[[[8.385618,49.977224],[8.385444,49.977284],[8.385313,49.97713],[8.38526,49.977148],[8.385115,49.976976],[8.385342,49.976897],[8.385618,49.977224]]]},"properties":{"h":8.0,"cls":"commercial"}},{"type":"Feature","geometry":{"type":"Polygon","coordinates":[[[8.387397,49.977518],[8.386932,49.977782],[8.386827,49.977705],[8.387052,49.977578],[8.386993,49.977535],[8.386899,49.977588],[8.386813,49.977525],[8.38735,49.97722],[8.387441,49.977286],[8.387237,49.977401],[8.387397,49.977518]]]},"properties":{"h":4.8,"cls":"public"}},{"type":"Feature","geometry":{"type":"Polygon","coordinates":[[[8.385335,49.976894],[8.385158,49.976957],[8.385051,49.976832],[8.385565,49.976648],[8.385602,49.976691],[8.385264,49.976812],[8.385335,49.976894]]]},"properties":{"h":8.0,"cls":"commercial"}},{"type":"Feature","geometry":{"type":"Polygon","coordinates":[[[8.386304,49.975182],[8.386837,49.975813],[8.385578,49.976253],[8.385362,49.975997],[8.385056,49.975634],[8.385344,49.975533],[8.38523,49.975399],[8.38579,49.975203],[8.385893,49.975325],[8.386304,49.975182]]]},"properties":{"h":7.4,"cls":"commercial"}},{"type":"Feature","geometry":{"type":"Polygon","coordinates":[[[8.386808,49.975689],[8.386501,49.975301],[8.386617,49.975263],[8.386924,49.975651],[8.386808,49.975689]]]},"properties":{"h":7.2}},{"type":"Feature","geometry":{"type":"Polygon","coordinates":[[[8.387773,49.975284],[8.387714,49.975212],[8.387831,49.975173],[8.387889,49.975245],[8.387773,49.975284]]]},"properties":{"h":3.0}},{"type":"Feature","geometry":{"type":"Polygon","coordinates":[[[8.387471,49.97621],[8.38734,49.976074],[8.387983,49.975817],[8.388114,49.975953],[8.387471,49.97621]]]},"properties":{"h":5.6}},{"type":"Feature","geometry":{"type":"Polygon","coordinates":[[[8.387123,49.975863],[8.387234,49.975829],[8.38732,49.975943],[8.387244,49.975967],[8.387217,49.975931],[8.387193,49.975939],[8.387155,49.975888],[8.387144,49.975891],[8.387123,49.975863]]]},"properties":{"h":0.7}},{"type":"Feature","geometry":{"type":"Polygon","coordinates":[[[8.387334,49.976299],[8.387392,49.976272],[8.38742,49.976297],[8.387362,49.976324],[8.387334,49.976299]]]},"properties":{"h":3.1}},{"type":"Feature","geometry":{"type":"Polygon","coordinates":[[[8.388428,49.975676],[8.388433,49.975679],[8.388398,49.975701],[8.388404,49.975704],[8.388377,49.975721],[8.388317,49.975681],[8.388427,49.975612],[8.388477,49.975646],[8.388428,49.975676]]]},"properties":{"h":2.3}},{"type":"Feature","geometry":{"type":"Polygon","coordinates":[[[8.389057,49.976773],[8.389193,49.976871],[8.389151,49.976895],[8.389015,49.976796],[8.389057,49.976773]]]},"properties":{"h":3.2,"cls":"roof"}},{"type":"Feature","geometry":{"type":"Polygon","coordinates":[[[8.389752,49.976904],[8.38974,49.976871],[8.389786,49.97684],[8.389836,49.976849],[8.389894,49.976885],[8.389907,49.976916],[8.389861,49.976946],[8.38981,49.976941],[8.389752,49.976904]]]},"properties":{"h":4.0}},{"type":"Feature","geometry":{"type":"Polygon","coordinates":[[[8.391844,49.975076],[8.391929,49.975047],[8.392015,49.975151],[8.391853,49.975206],[8.391795,49.975137],[8.391873,49.975111],[8.391844,49.975076]]]},"properties":{"h":3.6}},{"type":"Feature","geometry":{"type":"Polygon","coordinates":[[[8.392655,49.975758],[8.392596,49.975815],[8.392483,49.975763],[8.392545,49.975707],[8.39256,49.975714],[8.392655,49.975758]]]},"properties":{"h":7.0}},{"type":"Feature","geometry":{"type":"Polygon","coordinates":[[[8.391827,49.976528],[8.391621,49.976473],[8.39167,49.976396],[8.391787,49.976428],[8.391771,49.976454],[8.39186,49.976478],[8.391827,49.976528]]]},"properties":{"h":4.8}},{"type":"Feature","geometry":{"type":"Polygon","coordinates":[[[8.392281,49.976696],[8.392253,49.976764],[8.392131,49.976743],[8.392159,49.976675],[8.392281,49.976696]]]},"properties":{"h":5.6}},{"type":"Feature","geometry":{"type":"Polygon","coordinates":[[[8.389093,49.977402],[8.388952,49.97751],[8.388876,49.97747],[8.389017,49.977361],[8.389093,49.977402]]]},"properties":{"h":7.0,"cls":"roof"}},{"type":"Feature","geometry":{"type":"Polygon","coordinates":[[[8.389467,49.979695],[8.389423,49.97967],[8.3895,49.979614],[8.389544,49.979638],[8.389467,49.979695]]]},"properties":{"h":1.8}},{"type":"Feature","geometry":{"type":"Polygon","coordinates":[[[8.390106,49.98039],[8.390071,49.980435],[8.390012,49.980417],[8.390047,49.980371],[8.390106,49.98039]]]},"properties":{"h":5.8}},{"type":"Feature","geometry":{"type":"Polygon","coordinates":[[[8.389472,49.980458],[8.389381,49.980433],[8.389417,49.980378],[8.389508,49.980403],[8.389472,49.980458]]]},"properties":{"h":3.5}},{"type":"Feature","geometry":{"type":"Polygon","coordinates":[[[8.389314,49.979915],[8.389013,49.980267],[8.388931,49.980238],[8.389232,49.979886],[8.389314,49.979915]]]},"properties":{"h":5.1,"cls":"roof"}},{"type":"Feature","geometry":{"type":"Polygon","coordinates":[[[8.389268,49.980519],[8.389227,49.980501],[8.389305,49.980424],[8.389346,49.980442],[8.389268,49.980519]]]},"properties":{"h":3.8}},{"type":"Feature","geometry":{"type":"Polygon","coordinates":[[[8.389288,49.980576],[8.389308,49.980542],[8.389436,49.980572],[8.389417,49.980606],[8.389288,49.980576]]]},"properties":{"h":2.3}},{"type":"Feature","geometry":{"type":"Polygon","coordinates":[[[8.392435,49.980097],[8.39236,49.980157],[8.39229,49.980121],[8.392364,49.980061],[8.392435,49.980097]]]},"properties":{"h":3.1}},{"type":"Feature","geometry":{"type":"Polygon","coordinates":[[[8.391526,49.980337],[8.3915,49.980398],[8.391378,49.980376],[8.391404,49.980315],[8.391526,49.980337]]]},"properties":{"h":2.9}},{"type":"Feature","geometry":{"type":"Polygon","coordinates":[[[8.39112,49.979921],[8.391157,49.979875],[8.391202,49.979891],[8.391164,49.979937],[8.39112,49.979921]]]},"properties":{"h":3.6}},{"type":"Feature","geometry":{"type":"Polygon","coordinates":[[[8.392846,49.97982],[8.392793,49.979936],[8.392747,49.979928],[8.392664,49.98011],[8.392561,49.980091],[8.392648,49.9799],[8.392597,49.97989],[8.392646,49.979782],[8.392846,49.97982]]]},"properties":{"h":7.0}},{"type":"Feature","geometry":{"type":"Polygon","coordinates":[[[8.396127,49.980924],[8.395884,49.98088],[8.395924,49.98079],[8.396166,49.980834],[8.396127,49.980924]]]},"properties":{"h":5.0,"cls":"residential"}},{"type":"Feature","geometry":{"type":"Polygon","coordinates":[[[8.396055,49.981056],[8.395855,49.981019],[8.395895,49.980928],[8.396096,49.980965],[8.396055,49.981056]]]},"properties":{"h":4.8,"cls":"residential"}},{"type":"Feature","geometry":{"type":"Polygon","coordinates":[[[8.395977,49.98125],[8.395839,49.981222],[8.395884,49.981131],[8.396022,49.981159],[8.395977,49.98125]]]},"properties":{"h":9.0,"cls":"residential"}},{"type":"Feature","geometry":{"type":"Polygon","coordinates":[[[8.395795,49.980364],[8.395865,49.980343],[8.395879,49.980363],[8.39581,49.980384],[8.395795,49.980364]]]},"properties":{"h":3.7}},{"type":"Feature","geometry":{"type":"Polygon","coordinates":[[[8.395245,49.980347],[8.395257,49.980324],[8.395335,49.980342],[8.395323,49.980364],[8.395245,49.980347]]]},"properties":{"h":2.8}},{"type":"Feature","geometry":{"type":"Polygon","coordinates":[[[8.394507,49.98054],[8.394458,49.98053],[8.394551,49.980353],[8.394642,49.980372],[8.39455,49.98055],[8.394507,49.98054]]]},"properties":{"h":2.8}},{"type":"Feature","geometry":{"type":"Polygon","coordinates":[[[8.39475,49.980365],[8.394648,49.980344],[8.394726,49.980184],[8.394827,49.980204],[8.39475,49.980365]]]},"properties":{"h":3.7}},{"type":"Feature","geometry":{"type":"Polygon","coordinates":[[[8.395499,49.980346],[8.394921,49.980236],[8.394971,49.980129],[8.395549,49.980238],[8.395499,49.980346]]]},"properties":{"h":4.5,"cls":"commercial"}},{"type":"Feature","geometry":{"type":"Polygon","coordinates":[[[8.39289,49.976137],[8.39273,49.976073],[8.392771,49.976031],[8.392893,49.97608],[8.392911,49.976062],[8.392938,49.976072],[8.392956,49.976053],[8.393021,49.97608],[8.39304,49.976061],[8.393102,49.976086],[8.393025,49.976165],[8.392908,49.976118],[8.39289,49.976137]]]},"properties":{"h":7.0}},{"type":"Feature","geometry":{"type":"Polygon","coordinates":[[[8.392716,49.97602],[8.392629,49.975983],[8.392681,49.975932],[8.392768,49.975969],[8.392716,49.97602]]]},"properties":{"h":2.8}},{"type":"Feature","geometry":{"type":"Polygon","coordinates":[[[8.39288,49.975898],[8.392749,49.975836],[8.392809,49.975783],[8.392941,49.975845],[8.39288,49.975898]]]},"properties":{"h":4.8}},{"type":"Feature","geometry":{"type":"Polygon","coordinates":[[[8.393455,49.975209],[8.393344,49.975131],[8.393394,49.975102],[8.393505,49.97518],[8.393455,49.975209]]]},"properties":{"h":4.5}},{"type":"Feature","geometry":{"type":"Polygon","coordinates":[[[8.393964,49.976048],[8.393875,49.976037],[8.393889,49.975994],[8.393978,49.976005],[8.393964,49.976048]]]},"properties":{"h":1.7}},{"type":"Feature","geometry":{"type":"Polygon","coordinates":[[[8.394024,49.975558],[8.393985,49.975533],[8.39403,49.975503],[8.39407,49.975527],[8.394024,49.975558]]]},"properties":{"h":2.7}},{"type":"Feature","geometry":{"type":"Polygon","coordinates":[[[8.39574,49.975541],[8.395696,49.975511],[8.395775,49.975462],[8.395819,49.975492],[8.39574,49.975541]]]},"properties":{"h":4.7}},{"type":"Feature","geometry":{"type":"Polygon","coordinates":[[[8.39549,49.975235],[8.395427,49.97526],[8.395406,49.975237],[8.395468,49.975212],[8.39549,49.975235]]]},"properties":{"h":4.3}},{"type":"Feature","geometry":{"type":"Polygon","coordinates":[[[8.394817,49.974744],[8.394674,49.974608],[8.394769,49.974567],[8.394912,49.974702],[8.394817,49.974744]]]},"properties":{"h":4.8}},{"type":"Feature","geometry":{"type":"Polygon","coordinates":[[[8.393765,49.972795],[8.393825,49.972771],[8.393933,49.972881],[8.39372,49.972968],[8.393671,49.972918],[8.39366,49.972923],[8.39351,49.97277],[8.393662,49.972708],[8.393711,49.972758],[8.393764,49.972736],[8.393781,49.972754],[8.393741,49.97277],[8.393765,49.972795]]]},"properties":{"h":0.8}},{"type":"Feature","geometry":{"type":"Polygon","coordinates":[[[8.393902,49.972813],[8.393987,49.972784],[8.394023,49.972826],[8.393938,49.972856],[8.393902,49.972813]]]},"properties":{"h":1.8}},{"type":"Feature","geometry":{"type":"Polygon","coordinates":[[[8.39403,49.972648],[8.393877,49.972697],[8.393763,49.972548],[8.393916,49.9725],[8.39403,49.972648]]]},"properties":{"h":5.4}},{"type":"Feature","geometry":{"type":"Polygon","coordinates":[[[8.3939,49.972462],[8.393887,49.972462],[8.39389,49.972497],[8.393806,49.9725],[8.3938,49.972426],[8.393897,49.972423],[8.3939,49.972462]]]},"properties":{"h":1.2}},{"type":"Feature","geometry":{"type":"Polygon","coordinates":[[[8.393983,49.972437],[8.393921,49.972462],[8.393859,49.972398],[8.393921,49.972373],[8.393983,49.972437]]]},"properties":{"h":1.0}},{"type":"Feature","geometry":{"type":"Polygon","coordinates":[[[8.39378,49.972365],[8.393269,49.972569],[8.392674,49.971953],[8.393136,49.971768],[8.393186,49.971749],[8.39378,49.972365]]]},"properties":{"h":8.9,"cls":"industrial"}},{"type":"Feature","geometry":{"type":"Polygon","coordinates":[[[8.393026,49.971682],[8.392525,49.971832],[8.392512,49.971814],[8.392436,49.97171],[8.392391,49.971647],[8.392892,49.971497],[8.393026,49.971682]]]},"properties":{"h":7.1,"cls":"industrial"}},{"type":"Feature","geometry":{"type":"Polygon","coordinates":[[[8.394016,49.974134],[8.39412,49.974098],[8.394131,49.974111],[8.394181,49.974094],[8.39424,49.974165],[8.394085,49.974218],[8.394016,49.974134]]]},"properties":{"h":2.0}},{"type":"Feature","geometry":{"type":"Polygon","coordinates":[[[8.39446,49.974461],[8.394391,49.974396],[8.394467,49.974364],[8.394535,49.974428],[8.39446,49.974461]]]},"properties":{"h":3.0}},{"type":"Feature","geometry":{"type":"Polygon","coordinates":[[[8.394095,49.974958],[8.394212,49.974887],[8.394302,49.974948],[8.394185,49.975019],[8.394095,49.974958]]]},"properties":{"h":3.0}},{"type":"Feature","geometry":{"type":"Polygon","coordinates":[[[8.393318,49.975055],[8.393266,49.975089],[8.393173,49.975032],[8.393225,49.974997],[8.393318,49.975055]]]},"properties":{"h":4.0}},{"type":"Feature","geometry":{"type":"Polygon","coordinates":[[[8.392238,49.974859],[8.392281,49.974838],[8.392382,49.974924],[8.392339,49.974945],[8.392238,49.974859]]]},"properties":{"h":2.3}},{"type":"Feature","geometry":{"type":"Polygon","coordinates":[[[8.392083,49.975057],[8.392144,49.975032],[8.39221,49.9751],[8.392149,49.975125],[8.392083,49.975057]]]},"properties":{"h":4.4}},{"type":"Feature","geometry":{"type":"Polygon","coordinates":[[[8.391925,49.97455],[8.392065,49.974491],[8.392132,49.974555],[8.391992,49.974615],[8.391925,49.97455]]]},"properties":{"h":3.2}},{"type":"Feature","geometry":{"type":"Polygon","coordinates":[[[8.391793,49.973924],[8.39154,49.974012],[8.391488,49.97395],[8.391741,49.973862],[8.391793,49.973924]]]},"properties":{"h":2.7}},{"type":"Feature","geometry":{"type":"Polygon","coordinates":[[[8.390226,49.974526],[8.39002,49.974598],[8.389523,49.974006],[8.389729,49.973934],[8.390226,49.974526]]]},"properties":{"h":5.8,"cls":"commercial"}},{"type":"Feature","geometry":{"type":"Polygon","coordinates":[[[8.391283,49.974138],[8.390414,49.974455],[8.389964,49.973935],[8.390259,49.973828],[8.390325,49.973907],[8.39101,49.973814],[8.391283,49.974138]]]},"properties":{"h":8.3,"cls":"commercial"}},{"type":"Feature","geometry":{"type":"Polygon","coordinates":[[[8.390877,49.972687],[8.390631,49.97277],[8.390324,49.972397],[8.390534,49.972326],[8.39057,49.972314],[8.390877,49.972687]]]},"properties":{"h":7.0}},{"type":"Feature","geometry":{"type":"Polygon","coordinates":[[[8.390275,49.972395],[8.390159,49.972437],[8.390026,49.972286],[8.390143,49.972244],[8.390275,49.972395]]]},"properties":{"h":7.0}},{"type":"Feature","geometry":{"type":"Polygon","coordinates":[[[8.389899,49.972865],[8.389902,49.972813],[8.390024,49.972815],[8.390022,49.972868],[8.389899,49.972865]]]},"properties":{"h":2.5}},{"type":"Feature","geometry":{"type":"Polygon","coordinates":[[[8.389169,49.972766],[8.388928,49.972511],[8.389034,49.97247],[8.389242,49.97269],[8.389275,49.972724],[8.389271,49.972726],[8.389169,49.972766]]]},"properties":{"h":4.8}},{"type":"Feature","geometry":{"type":"Polygon","coordinates":[[[8.389716,49.972738],[8.389639,49.972734],[8.389331,49.972413],[8.389539,49.972322],[8.389905,49.972699],[8.389797,49.972732],[8.389716,49.972738]]]},"properties":{"h":5.6}},{"type":"Feature","geometry":{"type":"Polygon","coordinates":[[[8.389606,49.971855],[8.389494,49.971881],[8.389471,49.971839],[8.389583,49.971814],[8.389606,49.971855]]]},"properties":{"h":2.3}},{"type":"Feature","geometry":{"type":"Polygon","coordinates":[[[8.389391,49.971903],[8.389351,49.97186],[8.389421,49.971832],[8.389462,49.971875],[8.389391,49.971903]]]},"properties":{"h":5.0}},{"type":"Feature","geometry":{"type":"Polygon","coordinates":[[[8.389267,49.971817],[8.389182,49.971847],[8.389147,49.971806],[8.389232,49.971776],[8.389267,49.971817]]]},"properties":{"h":2.9}},{"type":"Feature","geometry":{"type":"Polygon","coordinates":[[[8.38918,49.97174],[8.389101,49.971764],[8.389062,49.971711],[8.389141,49.971687],[8.38918,49.97174]]]},"properties":{"h":2.0}},{"type":"Feature","geometry":{"type":"Polygon","coordinates":[[[8.389091,49.971693],[8.389036,49.971694],[8.389034,49.971648],[8.389088,49.971646],[8.389091,49.971693]]]},"properties":{"h":1.6}},{"type":"Feature","geometry":{"type":"Polygon","coordinates":[[[8.389035,49.971594],[8.388975,49.971616],[8.388931,49.971567],[8.388991,49.971545],[8.389035,49.971594]]]},"properties":{"h":1.2}},{"type":"Feature","geometry":{"type":"Polygon","coordinates":[[[8.38964,49.971791],[8.3897,49.971772],[8.389692,49.971762],[8.38977,49.971736],[8.389817,49.971795],[8.389679,49.97184],[8.38964,49.971791]]]},"properties":{"h":4.8}},{"type":"Feature","geometry":{"type":"Polygon","coordinates":[[[8.39022,49.971676],[8.390135,49.971698],[8.390102,49.971648],[8.390188,49.971625],[8.39022,49.971676]]]},"properties":{"h":2.8}},{"type":"Feature","geometry":{"type":"Polygon","coordinates":[[[8.39039,49.971605],[8.390315,49.971623],[8.390285,49.971571],[8.390361,49.971553],[8.39039,49.971605]]]},"properties":{"h":1.5}},{"type":"Feature","geometry":{"type":"Polygon","coordinates":[[[8.39004,49.97172],[8.390001,49.971668],[8.390082,49.971643],[8.390121,49.971695],[8.39004,49.97172]]]},"properties":{"h":3.2}},{"type":"Feature","geometry":{"type":"Polygon","coordinates":[[[8.39004,49.971731],[8.389963,49.971754],[8.38993,49.971709],[8.390007,49.971685],[8.39004,49.971731]]]},"properties":{"h":3.5}},{"type":"Feature","geometry":{"type":"Polygon","coordinates":[[[8.390445,49.971881],[8.390393,49.971812],[8.390465,49.97179],[8.390517,49.971858],[8.390445,49.971881]]]},"properties":{"h":2.0}},{"type":"Feature","geometry":{"type":"Polygon","coordinates":[[[8.390458,49.972154],[8.390441,49.972133],[8.390397,49.972077],[8.390324,49.972101],[8.390268,49.972031],[8.390294,49.972022],[8.390273,49.971996],[8.390312,49.971983],[8.390306,49.971975],[8.390379,49.971951],[8.390443,49.97193],[8.390496,49.971997],[8.390482,49.972001],[8.390568,49.97211],[8.390573,49.972117],[8.390458,49.972154]]]},"properties":{"h":7.0}},{"type":"Feature","geometry":{"type":"Polygon","coordinates":[[[8.39057,49.972314],[8.390534,49.972326],[8.39041,49.97217],[8.390458,49.972154],[8.390573,49.972117],[8.390632,49.972097],[8.390755,49.972253],[8.39057,49.972314]]]},"properties":{"h":7.0}},{"type":"Feature","geometry":{"type":"Polygon","coordinates":[[[8.390563,49.971518],[8.390479,49.971539],[8.390459,49.971504],[8.390543,49.971484],[8.390563,49.971518]]]},"properties":{"h":3.0}},{"type":"Feature","geometry":{"type":"Polygon","coordinates":[[[8.390444,49.971613],[8.390408,49.971558],[8.390476,49.971539],[8.390512,49.971595],[8.390444,49.971613]]]},"properties":{"h":1.0}},{"type":"Feature","geometry":{"type":"Polygon","coordinates":[[[8.390715,49.971534],[8.390637,49.971554],[8.390589,49.971474],[8.390636,49.971463],[8.390651,49.971488],[8.390682,49.97148],[8.390715,49.971534]]]},"properties":{"h":3.9}},{"type":"Feature","geometry":{"type":"Polygon","coordinates":[[[8.391836,49.972181],[8.391478,49.972299],[8.391026,49.97173],[8.391384,49.971612],[8.391836,49.972181]]]},"properties":{"h":5.7,"cls":"industrial"}},{"type":"Feature","geometry":{"type":"Polygon","coordinates":[[[8.390939,49.97246],[8.390702,49.972168],[8.390905,49.972099],[8.391142,49.972392],[8.390939,49.97246]]]},"properties":{"h":7.0}},{"type":"Feature","geometry":{"type":"Polygon","coordinates":[[[8.391225,49.972572],[8.391189,49.972583],[8.391135,49.972505],[8.39099,49.972548],[8.390949,49.97249],[8.391143,49.972434],[8.391184,49.972491],[8.391168,49.972496],[8.3912,49.972541],[8.391203,49.972541],[8.391225,49.972572]]]},"properties":{"h":3.6}},{"type":"Feature","geometry":{"type":"Polygon","coordinates":[[[8.391451,49.972711],[8.391172,49.972798],[8.391051,49.972636],[8.391254,49.972573],[8.391195,49.972494],[8.391271,49.97247],[8.391451,49.972711]]]},"properties":{"h":5.1}},{"type":"Feature","geometry":{"type":"Polygon","coordinates":[[[8.392167,49.972398],[8.392134,49.972354],[8.392407,49.97227],[8.392585,49.972509],[8.392639,49.972492],[8.392672,49.972537],[8.392543,49.972577],[8.392575,49.972621],[8.39268,49.972589],[8.392808,49.97276],[8.392507,49.972853],[8.392327,49.972612],[8.392208,49.972659],[8.392107,49.972531],[8.392074,49.972434],[8.392167,49.972398]]]},"properties":{"h":5.4}},{"type":"Feature","geometry":{"type":"Polygon","coordinates":[[[8.392328,49.972248],[8.392291,49.972199],[8.392317,49.972191],[8.392354,49.97224],[8.392328,49.972248]]]},"properties":{"h":3.2}},{"type":"Feature","geometry":{"type":"Polygon","coordinates":[[[8.392436,49.97171],[8.392512,49.971814],[8.392255,49.971891],[8.392179,49.971787],[8.392436,49.97171]]]},"properties":{"h":9.0,"cls":"industrial"}},{"type":"Feature","geometry":{"type":"Polygon","coordinates":[[[8.392541,49.971218],[8.392443,49.971241],[8.392422,49.971203],[8.392456,49.971195],[8.392442,49.971172],[8.392506,49.971157],[8.392541,49.971218]]]},"properties":{"h":6.7}},{"type":"Feature","geometry":{"type":"Polygon","coordinates":[[[8.39229,49.970982],[8.392386,49.970955],[8.392416,49.970998],[8.39232,49.971026],[8.39229,49.970982]]]},"properties":{"h":5.5}},{"type":"Feature","geometry":{"type":"Polygon","coordinates":[[[8.39237,49.970905],[8.392263,49.970939],[8.392227,49.970893],[8.392334,49.970859],[8.39237,49.970905]]]},"properties":{"h":4.8}},{"type":"Feature","geometry":{"type":"Polygon","coordinates":[[[8.392269,49.971257],[8.392256,49.97123],[8.392235,49.971235],[8.392215,49.971194],[8.39237,49.971162],[8.392403,49.971229],[8.392269,49.971257]]]},"properties":{"h":3.7}},{"type":"Feature","geometry":{"type":"Polygon","coordinates":[[[8.3922,49.971246],[8.392131,49.971262],[8.392103,49.971215],[8.392172,49.971198],[8.3922,49.971246]]]},"properties":{"h":2.8}},{"type":"Feature","geometry":{"type":"Polygon","coordinates":[[[8.391996,49.971265],[8.391965,49.971188],[8.392057,49.971172],[8.392089,49.971249],[8.391996,49.971265]]]},"properties":{"h":2.7}},{"type":"Feature","geometry":{"type":"Polygon","coordinates":[[[8.391978,49.971266],[8.391881,49.971288],[8.391843,49.971219],[8.39194,49.971197],[8.391978,49.971266]]]},"properties":{"h":1.9}},{"type":"Feature","geometry":{"type":"Polygon","coordinates":[[[8.391756,49.971239],[8.391841,49.971225],[8.391861,49.971274],[8.391776,49.971289],[8.391756,49.971239]]]},"properties":{"h":1.6}},{"type":"Feature","geometry":{"type":"Polygon","coordinates":[[[8.391742,49.971128],[8.391834,49.971107],[8.391863,49.971161],[8.391771,49.971182],[8.391742,49.971128]]]},"properties":{"h":3.3}},{"type":"Feature","geometry":{"type":"Polygon","coordinates":[[[8.391846,49.971118],[8.391936,49.971095],[8.391965,49.971139],[8.391875,49.971163],[8.391846,49.971118]]]},"properties":{"h":2.4}},{"type":"Feature","geometry":{"type":"Polygon","coordinates":[[[8.391748,49.971106],[8.391728,49.971062],[8.391791,49.97105],[8.391811,49.971094],[8.391748,49.971106]]]},"properties":{"h":5.0}},{"type":"Feature","geometry":{"type":"Polygon","coordinates":[[[8.391756,49.970963],[8.391844,49.97094],[8.391882,49.971],[8.391795,49.971023],[8.391756,49.970963]]]},"properties":{"h":2.7}},{"type":"Feature","geometry":{"type":"Polygon","coordinates":[[[8.391832,49.97092],[8.391754,49.97094],[8.391735,49.97091],[8.391814,49.97089],[8.391832,49.97092]]]},"properties":{"h":2.1}},{"type":"Feature","geometry":{"type":"Polygon","coordinates":[[[8.391941,49.970976],[8.391918,49.970936],[8.39201,49.970914],[8.392033,49.970954],[8.391941,49.970976]]]},"properties":{"h":3.1}},{"type":"Feature","geometry":{"type":"Polygon","coordinates":[[[8.39208,49.971112],[8.392036,49.97105],[8.39202,49.971054],[8.391982,49.971001],[8.392085,49.970971],[8.392167,49.971086],[8.39208,49.971112]]]},"properties":{"h":3.2}},{"type":"Feature","geometry":{"type":"Polygon","coordinates":[[[8.392208,49.970745],[8.392128,49.970764],[8.3921,49.970715],[8.392179,49.970696],[8.392208,49.970745]]]},"properties":{"h":3.7}},{"type":"Feature","geometry":{"type":"Polygon","coordinates":[[[8.391931,49.970753],[8.391903,49.970715],[8.391943,49.970703],[8.391923,49.970677],[8.391996,49.970655],[8.392043,49.970719],[8.391931,49.970753]]]},"properties":{"h":2.9}},{"type":"Feature","geometry":{"type":"Polygon","coordinates":[[[8.391955,49.970771],[8.392032,49.970749],[8.392061,49.970793],[8.391985,49.970814],[8.391955,49.970771]]]},"properties":{"h":3.1}},{"type":"Feature","geometry":{"type":"Polygon","coordinates":[[[8.391794,49.970786],[8.391852,49.970771],[8.391867,49.970795],[8.391913,49.970783],[8.391939,49.970824],[8.391835,49.970851],[8.391794,49.970786]]]},"properties":{"h":2.5}},{"type":"Feature","geometry":{"type":"Polygon","coordinates":[[[8.391779,49.970735],[8.39189,49.970707],[8.391911,49.970741],[8.3918,49.970769],[8.391779,49.970735]]]},"properties":{"h":2.1}},{"type":"Feature","geometry":{"type":"Polygon","coordinates":[[[8.391803,49.970555],[8.391895,49.970544],[8.391911,49.970601],[8.391819,49.970611],[8.391803,49.970555]]]},"properties":{"h":3.2}},{"type":"Feature","geometry":{"type":"Polygon","coordinates":[[[8.391808,49.970487],[8.391777,49.970445],[8.391875,49.970416],[8.391905,49.970458],[8.391808,49.970487]]]},"properties":{"h":3.8}},{"type":"Feature","geometry":{"type":"Polygon","coordinates":[[[8.39194,49.970554],[8.391918,49.970513],[8.391889,49.970519],[8.391876,49.970493],[8.391915,49.970485],[8.391924,49.970502],[8.392042,49.970477],[8.392067,49.970526],[8.39194,49.970554]]]},"properties":{"h":3.9}},{"type":"Feature","geometry":{"type":"Polygon","coordinates":[[[8.392197,49.970623],[8.392126,49.970648],[8.392083,49.970599],[8.392155,49.970573],[8.392197,49.970623]]]},"properties":{"h":3.5}},{"type":"Feature","geometry":{"type":"Polygon","coordinates":[[[8.392767,49.970139],[8.392579,49.970208],[8.392485,49.970102],[8.392533,49.970085],[8.392475,49.970019],[8.392567,49.969985],[8.392672,49.970104],[8.39272,49.970086],[8.392767,49.970139]]]},"properties":{"h":4.5}},{"type":"Feature","geometry":{"type":"Polygon","coordinates":[[[8.391435,49.970444],[8.391257,49.970497],[8.391218,49.970442],[8.391399,49.970388],[8.391337,49.970302],[8.391486,49.970258],[8.391529,49.970318],[8.391664,49.970279],[8.39172,49.970357],[8.391698,49.970363],[8.391816,49.970529],[8.391723,49.970557],[8.391597,49.970381],[8.391426,49.970431],[8.391435,49.970444]]]},"properties":{"h":4.9}},{"type":"Feature","geometry":{"type":"Polygon","coordinates":[[[8.39089,49.970152],[8.390803,49.970166],[8.390792,49.970135],[8.390879,49.970122],[8.39089,49.970152]]]},"properties":{"h":3.3}},{"type":"Feature","geometry":{"type":"Polygon","coordinates":[[[8.391124,49.970175],[8.391049,49.970192],[8.39102,49.970137],[8.391094,49.97012],[8.391124,49.970175]]]},"properties":{"h":5.5}},{"type":"Feature","geometry":{"type":"Polygon","coordinates":[[[8.390782,49.970243],[8.39086,49.970225],[8.390898,49.970293],[8.39082,49.970311],[8.390782,49.970243]]]},"properties":{"h":3.5}},{"type":"Feature","geometry":{"type":"Polygon","coordinates":[[[8.390868,49.970456],[8.390837,49.970388],[8.390923,49.970372],[8.390955,49.97044],[8.390868,49.970456]]]},"properties":{"h":2.1}},{"type":"Feature","geometry":{"type":"Polygon","coordinates":[[[8.391013,49.97053],[8.39094,49.970539],[8.390921,49.970478],[8.390995,49.970469],[8.391013,49.97053]]]},"properties":{"h":2.4}},{"type":"Feature","geometry":{"type":"Polygon","coordinates":[[[8.390775,49.970535],[8.390861,49.970522],[8.390881,49.970577],[8.390835,49.970584],[8.390825,49.970555],[8.390784,49.970561],[8.390775,49.970535]]]},"properties":{"h":3.5}},{"type":"Feature","geometry":{"type":"Polygon","coordinates":[[[8.390921,49.970748],[8.390951,49.970739],[8.390937,49.97072],[8.391005,49.970699],[8.391046,49.970755],[8.390948,49.970785],[8.390921,49.970748]]]},"properties":{"h":2.0}},{"type":"Feature","geometry":{"type":"Polygon","coordinates":[[[8.391198,49.97074],[8.391116,49.970764],[8.391076,49.970707],[8.391158,49.970683],[8.391198,49.97074]]]},"properties":{"h":2.0}},{"type":"Feature","geometry":{"type":"Polygon","coordinates":[[[8.391059,49.970576],[8.390995,49.970596],[8.390959,49.970546],[8.391038,49.970522],[8.39103,49.970512],[8.39112,49.970485],[8.391158,49.970536],[8.391053,49.970568],[8.391059,49.970576]]]},"properties":{"h":3.5}},{"type":"Feature","geometry":{"type":"Polygon","coordinates":[[[8.391453,49.970722],[8.391527,49.970698],[8.391563,49.970742],[8.391489,49.970767],[8.391453,49.970722]]]},"properties":{"h":3.2}},{"type":"Feature","geometry":{"type":"Polygon","coordinates":[[[8.39157,49.970695],[8.391539,49.970644],[8.391623,49.970623],[8.391654,49.970674],[8.39157,49.970695]]]},"properties":{"h":2.9}},{"type":"Feature","geometry":{"type":"Polygon","coordinates":[[[8.391615,49.970911],[8.391558,49.970833],[8.391615,49.970816],[8.391632,49.970839],[8.391724,49.970812],[8.391763,49.970866],[8.391615,49.970911]]]},"properties":{"h":3.0}},{"type":"Feature","geometry":{"type":"Polygon","coordinates":[[[8.391316,49.971036],[8.391398,49.971016],[8.391429,49.97107],[8.391347,49.971089],[8.391316,49.971036]]]},"properties":{"h":2.4}},{"type":"Feature","geometry":{"type":"Polygon","coordinates":[[[8.391606,49.970995],[8.391584,49.97096],[8.391697,49.970931],[8.391719,49.970965],[8.391606,49.970995]]]},"properties":{"h":2.4}},{"type":"Feature","geometry":{"type":"Polygon","coordinates":[[[8.391765,49.971023],[8.391702,49.971041],[8.391666,49.970989],[8.391728,49.970971],[8.391765,49.971023]]]},"properties":{"h":2.9}},{"type":"Feature","geometry":{"type":"Polygon","coordinates":[[[8.391507,49.971286],[8.391575,49.971273],[8.391602,49.971328],[8.391533,49.971342],[8.391507,49.971286]]]},"properties":{"h":2.1}},{"type":"Feature","geometry":{"type":"Polygon","coordinates":[[[8.391409,49.971229],[8.391291,49.971263],[8.391255,49.971211],[8.391373,49.971177],[8.391409,49.971229]]]},"properties":{"h":2.9}},{"type":"Feature","geometry":{"type":"Polygon","coordinates":[[[8.391265,49.971346],[8.39125,49.971302],[8.391342,49.97129],[8.391356,49.971334],[8.391265,49.971346]]]},"properties":{"h":2.5}},{"type":"Feature","geometry":{"type":"Polygon","coordinates":[[[8.390978,49.971159],[8.391042,49.971136],[8.391113,49.97122],[8.391021,49.971252],[8.390989,49.971214],[8.391016,49.971204],[8.390978,49.971159]]]},"properties":{"h":3.1}},{"type":"Feature","geometry":{"type":"Polygon","coordinates":[[[8.391331,49.971173],[8.391201,49.971215],[8.391115,49.971103],[8.391175,49.971084],[8.391223,49.971146],[8.391292,49.971124],[8.391331,49.971173]]]},"properties":{"h":2.2}},{"type":"Feature","geometry":{"type":"Polygon","coordinates":[[[8.3913,49.971117],[8.391219,49.971136],[8.391192,49.971089],[8.391272,49.97107],[8.3913,49.971117]]]},"properties":{"h":3.0}},{"type":"Feature","geometry":{"type":"Polygon","coordinates":[[[8.391136,49.971032],[8.391098,49.970977],[8.391199,49.970949],[8.391237,49.971004],[8.391136,49.971032]]]},"properties":{"h":3.2}},{"type":"Feature","geometry":{"type":"Polygon","coordinates":[[[8.391064,49.970926],[8.391038,49.970886],[8.391124,49.970863],[8.39115,49.970903],[8.391064,49.970926]]]},"properties":{"h":3.2}},{"type":"Feature","geometry":{"type":"Polygon","coordinates":[[[8.391077,49.971056],[8.391039,49.971011],[8.391097,49.970991],[8.391135,49.971035],[8.391077,49.971056]]]},"properties":{"h":2.4}},{"type":"Feature","geometry":{"type":"Polygon","coordinates":[[[8.390915,49.971065],[8.390883,49.971014],[8.390945,49.970998],[8.390978,49.971049],[8.390915,49.971065]]]},"properties":{"h":2.1}},{"type":"Feature","geometry":{"type":"Polygon","coordinates":[[[8.390827,49.970968],[8.390802,49.97094],[8.390873,49.970913],[8.390899,49.970942],[8.390827,49.970968]]]},"properties":{"h":3.1}},{"type":"Feature","geometry":{"type":"Polygon","coordinates":[[[8.390825,49.971176],[8.390726,49.971021],[8.390818,49.970997],[8.390917,49.971152],[8.390825,49.971176]]]},"properties":{"h":3.7}},{"type":"Feature","geometry":{"type":"Polygon","coordinates":[[[8.390945,49.971155],[8.39091,49.971098],[8.390997,49.971076],[8.391032,49.971132],[8.390945,49.971155]]]},"properties":{"h":2.0}},{"type":"Feature","geometry":{"type":"Polygon","coordinates":[[[8.39073,49.970994],[8.3907,49.970949],[8.390745,49.970937],[8.390775,49.970981],[8.39073,49.970994]]]},"properties":{"h":1.1}},{"type":"Feature","geometry":{"type":"Polygon","coordinates":[[[8.390622,49.970877],[8.390588,49.970833],[8.390661,49.970809],[8.390695,49.970853],[8.390622,49.970877]]]},"properties":{"h":2.8}},{"type":"Feature","geometry":{"type":"Polygon","coordinates":[[[8.390853,49.9705],[8.390754,49.970523],[8.390729,49.97048],[8.390828,49.970457],[8.390853,49.9705]]]},"properties":{"h":2.7}},{"type":"Feature","geometry":{"type":"Polygon","coordinates":[[[8.390655,49.970553],[8.390631,49.970503],[8.39071,49.970487],[8.390735,49.970537],[8.390655,49.970553]]]},"properties":{"h":3.0}},{"type":"Feature","geometry":{"type":"Polygon","coordinates":[[[8.390478,49.970537],[8.390581,49.970517],[8.390618,49.970598],[8.390563,49.970609],[8.39055,49.970582],[8.390503,49.970591],[8.390478,49.970537]]]},"properties":{"h":2.9}},{"type":"Feature","geometry":{"type":"Polygon","coordinates":[[[8.39047,49.970504],[8.390436,49.970463],[8.390507,49.970438],[8.390541,49.97048],[8.39047,49.970504]]]},"properties":{"h":3.9}},{"type":"Feature","geometry":{"type":"Polygon","coordinates":[[[8.390403,49.970589],[8.390366,49.970546],[8.390446,49.970517],[8.390483,49.97056],[8.390403,49.970589]]]},"properties":{"h":4.6}},{"type":"Feature","geometry":{"type":"Polygon","coordinates":[[[8.389981,49.970445],[8.389899,49.970447],[8.389896,49.970393],[8.389978,49.97039],[8.389981,49.970445]]]},"properties":{"h":3.0}},{"type":"Feature","geometry":{"type":"Polygon","coordinates":[[[8.389278,49.970703],[8.389197,49.970712],[8.389183,49.97066],[8.389264,49.970651],[8.389278,49.970703]]]},"properties":{"h":3.1}},{"type":"Feature","geometry":{"type":"Polygon","coordinates":[[[8.389045,49.970756],[8.388945,49.970769],[8.388925,49.970706],[8.389025,49.970693],[8.389045,49.970756]]]},"properties":{"h":2.4}},{"type":"Feature","geometry":{"type":"Polygon","coordinates":[[[8.389176,49.97074],[8.389106,49.970748],[8.389098,49.970719],[8.389077,49.970722],[8.389064,49.970671],[8.389155,49.970661],[8.389176,49.97074]]]},"properties":{"h":3.3}},{"type":"Feature","geometry":{"type":"Polygon","coordinates":[[[8.389076,49.970631],[8.389071,49.970599],[8.389032,49.970602],[8.389023,49.970552],[8.38911,49.970545],[8.389125,49.970627],[8.389076,49.970631]]]},"properties":{"h":7.0}},{"type":"Feature","geometry":{"type":"Polygon","coordinates":[[[8.389242,49.970489],[8.389192,49.970495],[8.389179,49.970448],[8.389228,49.970442],[8.389242,49.970489]]]},"properties":{"h":7.2}},{"type":"Feature","geometry":{"type":"Polygon","coordinates":[[[8.389193,49.970611],[8.389182,49.97054],[8.38925,49.970535],[8.389261,49.970607],[8.389193,49.970611]]]},"properties":{"h":7.0}},{"type":"Feature","geometry":{"type":"Polygon","coordinates":[[[8.389687,49.970449],[8.389613,49.97045],[8.389612,49.970404],[8.389686,49.970403],[8.389687,49.970449]]]},"properties":{"h":2.2}},{"type":"Feature","geometry":{"type":"Polygon","coordinates":[[[8.389689,49.970553],[8.389608,49.970555],[8.389604,49.970497],[8.389684,49.970495],[8.389689,49.970553]]]},"properties":{"h":2.0}},{"type":"Feature","geometry":{"type":"Polygon","coordinates":[[[8.389496,49.970562],[8.389488,49.970507],[8.389584,49.970501],[8.389591,49.970556],[8.389496,49.970562]]]},"properties":{"h":3.3}},{"type":"Feature","geometry":{"type":"Polygon","coordinates":[[[8.389408,49.970634],[8.389505,49.970631],[8.389509,49.970693],[8.389466,49.970694],[8.389465,49.970682],[8.389412,49.970684],[8.389408,49.970634]]]},"properties":{"h":3.3}},{"type":"Feature","geometry":{"type":"Polygon","coordinates":[[[8.389511,49.970672],[8.389508,49.970629],[8.389581,49.970628],[8.389583,49.970671],[8.389511,49.970672]]]},"properties":{"h":3.0}},{"type":"Feature","geometry":{"type":"Polygon","coordinates":[[[8.389719,49.970518],[8.389747,49.970516],[8.389742,49.970487],[8.389821,49.970482],[8.389831,49.970537],[8.389723,49.970545],[8.389719,49.970518]]]},"properties":{"h":2.3}},{"type":"Feature","geometry":{"type":"Polygon","coordinates":[[[8.390292,49.969889],[8.390269,49.969849],[8.390321,49.969837],[8.390344,49.969877],[8.390292,49.969889]]]},"properties":{"h":2.9}},{"type":"Feature","geometry":{"type":"Polygon","coordinates":[[[8.390303,49.969897],[8.390369,49.969879],[8.390394,49.969919],[8.390329,49.969936],[8.390303,49.969897]]]},"properties":{"h":3.2}},{"type":"Feature","geometry":{"type":"Polygon","coordinates":[[[8.389995,49.970143],[8.389933,49.970169],[8.389907,49.970144],[8.38997,49.970118],[8.389995,49.970143]]]},"properties":{"h":5.5}},{"type":"Feature","geometry":{"type":"Polygon","coordinates":[[[8.390101,49.970416],[8.39001,49.970418],[8.390008,49.970377],[8.390099,49.970375],[8.390101,49.970416]]]},"properties":{"h":2.7}},{"type":"Feature","geometry":{"type":"Polygon","coordinates":[[[8.390268,49.970238],[8.39034,49.970217],[8.390364,49.970252],[8.390292,49.970272],[8.390268,49.970238]]]},"properties":{"h":3.9}},{"type":"Feature","geometry":{"type":"Polygon","coordinates":[[[8.390119,49.9701],[8.390103,49.970072],[8.390176,49.970055],[8.390191,49.970083],[8.390119,49.9701]]]},"properties":{"h":5.7}},{"type":"Feature","geometry":{"type":"Polygon","coordinates":[[[8.390209,49.969995],[8.390168,49.969921],[8.390246,49.969903],[8.390287,49.969977],[8.390209,49.969995]]]},"properties":{"h":4.2}},{"type":"Feature","geometry":{"type":"Polygon","coordinates":[[[8.390369,49.970377],[8.390436,49.970353],[8.390473,49.970396],[8.390406,49.97042],[8.390369,49.970377]]]},"properties":{"h":4.6}},{"type":"Feature","geometry":{"type":"Polygon","coordinates":[[[8.390511,49.970171],[8.390584,49.970161],[8.3906,49.97021],[8.390526,49.97022],[8.390511,49.970171]]]},"properties":{"h":5.1}},{"type":"Feature","geometry":{"type":"Polygon","coordinates":[[[8.390701,49.970302],[8.390661,49.970314],[8.390642,49.970286],[8.390604,49.970297],[8.390573,49.970252],[8.390652,49.97023],[8.390701,49.970302]]]},"properties":{"h":2.7}},{"type":"Feature","geometry":{"type":"Polygon","coordinates":[[[8.390767,49.970124],[8.390697,49.970146],[8.390662,49.970098],[8.390732,49.970076],[8.390767,49.970124]]]},"properties":{"h":2.4}},{"type":"Feature","geometry":{"type":"Polygon","coordinates":[[[8.390706,49.970207],[8.390687,49.970172],[8.390701,49.970169],[8.39069,49.970149],[8.39078,49.970129],[8.39081,49.970184],[8.390706,49.970207]]]},"properties":{"h":2.8}},{"type":"Feature","geometry":{"type":"Polygon","coordinates":[[[8.390537,49.970024],[8.390625,49.97],[8.390667,49.970066],[8.390579,49.970089],[8.390537,49.970024]]]},"properties":{"h":4.4}},{"type":"Feature","geometry":{"type":"Polygon","coordinates":[[[8.390558,49.969849],[8.390499,49.969867],[8.390484,49.969847],[8.390429,49.969865],[8.390397,49.969822],[8.390511,49.969786],[8.390558,49.969849]]]},"properties":{"h":3.8}},{"type":"Feature","geometry":{"type":"Polygon","coordinates":[[[8.39037,49.969802],[8.390333,49.969756],[8.390469,49.969711],[8.390506,49.969757],[8.39037,49.969802]]]},"properties":{"h":2.1}},{"type":"Feature","geometry":{"type":"Polygon","coordinates":[[[8.390528,49.969792],[8.390606,49.969776],[8.390629,49.969822],[8.390551,49.969839],[8.390528,49.969792]]]},"properties":{"h":3.4}},{"type":"Feature","geometry":{"type":"Polygon","coordinates":[[[8.390615,49.969708],[8.390496,49.96974],[8.390468,49.969696],[8.390586,49.969664],[8.390615,49.969708]]]},"properties":{"h":2.7}},{"type":"Feature","geometry":{"type":"Polygon","coordinates":[[[8.390724,49.968809],[8.390687,49.968816],[8.390661,49.968759],[8.390698,49.968752],[8.390724,49.968809]]]},"properties":{"h":3.2}},{"type":"Feature","geometry":{"type":"Polygon","coordinates":[[[8.38874,49.969906],[8.388655,49.969944],[8.388462,49.969766],[8.387892,49.969242],[8.388233,49.969089],[8.388161,49.969023],[8.388626,49.968813],[8.38913,49.968587],[8.38919,49.96856],[8.389455,49.968803],[8.389521,49.968774],[8.389729,49.968966],[8.389876,49.9691],[8.39009,49.969298],[8.390029,49.969326],[8.389938,49.969366],[8.389894,49.969386],[8.389804,49.969427],[8.389764,49.969445],[8.389463,49.96958],[8.389422,49.969598],[8.389121,49.969734],[8.38908,49.969752],[8.388782,49.969887],[8.38874,49.969906]]]},"properties":{"h":9.0,"cls":"commercial"}},{"type":"Feature","geometry":{"type":"Polygon","coordinates":[[[8.391937,49.968403],[8.391129,49.968766],[8.390881,49.968544],[8.391526,49.968259],[8.391554,49.967976],[8.39139,49.967874],[8.391689,49.967682],[8.391997,49.967865],[8.391937,49.968403]]]},"properties":{"h":5.4}},{"type":"Feature","geometry":{"type":"Polygon","coordinates":[[[8.392688,49.970239],[8.39266,49.970206],[8.392711,49.970188],[8.392739,49.970221],[8.392688,49.970239]]]},"properties":{"h":4.6}},{"type":"Feature","geometry":{"type":"Polygon","coordinates":[[[8.395196,49.97011],[8.395148,49.970151],[8.395064,49.970109],[8.395112,49.970069],[8.395196,49.97011]]]},"properties":{"h":2.6}},{"type":"Feature","geometry":{"type":"Polygon","coordinates":[[[8.394604,49.97009],[8.394485,49.970016],[8.394606,49.969935],[8.394692,49.969988],[8.394642,49.970021],[8.394676,49.970042],[8.394604,49.97009]]]},"properties":{"h":3.8}},{"type":"Feature","geometry":{"type":"Polygon","coordinates":[[[8.395834,49.97049],[8.395767,49.970545],[8.395604,49.970463],[8.395671,49.970408],[8.395834,49.97049]]]},"properties":{"h":4.9}},{"type":"Feature","geometry":{"type":"Polygon","coordinates":[[[8.395873,49.970945],[8.395786,49.971016],[8.395536,49.970886],[8.395625,49.970815],[8.395697,49.970853],[8.39573,49.970827],[8.395865,49.970897],[8.395831,49.970924],[8.395873,49.970945]]]},"properties":{"h":5.9}},{"type":"Feature","geometry":{"type":"Polygon","coordinates":[[[8.395895,49.970869],[8.395787,49.970839],[8.395815,49.970797],[8.395793,49.97079],[8.395865,49.970682],[8.396008,49.970722],[8.395985,49.970756],[8.39594,49.970744],[8.395904,49.970798],[8.395937,49.970807],[8.395895,49.970869]]]},"properties":{"h":6.0}}]}