{"type":"FeatureCollection","features":[{"type":"Feature","geometry":{"type":"LineString","coordinates":[[8.404768,50.010616],[8.404743,50.010666],[8.404788,50.010875],[8.404789,50.011122],[8.404731,50.011449],[8.40478,50.012]]},"properties":{"cls":"track"}},{"type":"Feature","geometry":{"type":"LineString","coordinates":[[8.404768,50.010616],[8.404657,50.010579]]},"properties":{"cls":"track"}},{"type":"Feature","geometry":{"type":"LineString","coordinates":[[8.40723,50.010393],[8.407174,50.01042],[8.40699,50.010462],[8.406514,50.010537],[8.406146,50.010597],[8.405807,50.010633],[8.405501,50.01066],[8.405261,50.010669],[8.405088,50.010666],[8.404917,50.010647],[8.404768,50.010616]]},"properties":{"cls":"track"}},{"type":"Feature","geometry":{"type":"LineString","coordinates":[[8.405192,50.005288],[8.405003,50.005444],[8.404746,50.005657],[8.404667,50.005741],[8.404653,50.005777],[8.404834,50.006101],[8.404884,50.006195],[8.404882,50.006508],[8.404873,50.00685],[8.404822,50.007148],[8.404734,50.007312],[8.404697,50.007409],[8.404659,50.007486],[8.404686,50.007624],[8.40477,50.007788],[8.404959,50.008075],[8.405053,50.008709],[8.405066,50.009341],[8.405071,50.009586],[8.405074,50.0099],[8.405066,50.010007],[8.404993,50.010134],[8.404856,50.010276],[8.40476,50.01038],[8.404725,50.010434],[8.404677,50.010509],[8.404657,50.010579]]},"properties":{"cls":"track"}},{"type":"Feature","geometry":{"type":"LineString","coordinates":[[8.404657,50.010579],[8.404314,50.010477],[8.40425,50.010445],[8.404217,50.010415],[8.404193,50.010333],[8.404271,50.010142],[8.404274,50.010026],[8.404213,50.009854],[8.404277,50.009008],[8.404226,50.008921],[8.404119,50.008863],[8.403983,50.008824],[8.403733,50.008802],[8.4035,50.008804]]},"properties":{"cls":"track"}},{"type":"Feature","geometry":{"type":"LineString","coordinates":[[8.404337,50.010631],[8.404364,50.0106],[8.404366,50.010568],[8.40435,50.01054],[8.404319,50.010521],[8.404314,50.010477]]},"properties":{"cls":"path"}},{"type":"Feature","geometry":{"type":"LineString","coordinates":[[8.4035,50.001406],[8.403648,50.001447]]},"properties":{"cls":"service"}},{"type":"Feature","geometry":{"type":"LineString","coordinates":[[8.4035,50.001154],[8.403537,50.001148],[8.404347,50.001375],[8.404428,50.001348],[8.404535,50.001189],[8.40453,50.001163],[8.403807,50.000966],[8.403772,50.000833],[8.404103,50.000332]]},"properties":{"cls":"service"}},{"type":"Feature","geometry":{"type":"LineString","coordinates":[[8.403998,50.002436],[8.403665,50.002735],[8.4035,50.002922]]},"properties":{"cls":"track"}},{"type":"Feature","geometry":{"type":"LineString","coordinates":[[8.4035,50.005132],[8.403557,50.005132],[8.403727,50.005133]]},"properties":{"cls":"service"}},{"type":"Feature","geometry":{"type":"LineString","coordinates":[[8.4035,50.006042],[8.403656,50.006124],[8.403959,50.006481],[8.404267,50.007191],[8.404208,50.007253],[8.404117,50.00727],[8.4035,50.00708]]},"properties":{"cls":"service"}},{"type":"Feature","geometry":{"type":"LineString","coordinates":[[8.4035,50.005016],[8.403534,50.004994],[8.40367,50.00501],[8.403914,50.005045],[8.40473,50.005189],[8.405192,50.005288]]},"properties":{"cls":"track"}},{"type":"Feature","geometry":{"type":"LineString","coordinates":[[8.4035,50.004743],[8.403962,50.004805],[8.404678,50.004935],[8.405453,50.005126],[8.406033,50.005322],[8.406467,50.005415],[8.407117,50.005528]]},"properties":{"cls":"track","name":"Bachweg"}},{"type":"Feature","geometry":{"type":"LineString","coordinates":[[8.408889,50.003986],[8.40866,50.003818],[8.408284,50.003639],[8.406385,50.003042],[8.404685,50.002584],[8.403998,50.002436],[8.4035,50.002314]]},"properties":{"cls":"path"}},{"type":"Feature","geometry":{"type":"LineString","coordinates":[[8.404889,49.99805],[8.404929,49.998069],[8.404989,49.99814],[8.405017,49.998234],[8.404941,49.998565],[8.404966,49.998641]]},"properties":{"cls":"service"}},{"type":"Feature","geometry":{"type":"LineString","coordinates":[[8.404616,49.999567],[8.404749,49.999363]]},"properties":{"cls":"service"}},{"type":"Feature","geometry":{"type":"LineString","coordinates":[[8.40426,49.999566],[8.404099,49.999769],[8.404157,49.999887],[8.404561,50.000002],[8.404674,50.000053],[8.405354,50.000252]]},"properties":{"cls":"service"}},{"type":"Feature","geometry":{"type":"LineString","coordinates":[[8.404401,49.99926],[8.404749,49.999363],[8.405264,49.999514]]},"properties":{"cls":"service"}},{"type":"Feature","geometry":{"type":"LineString","coordinates":[[8.405726,49.997827],[8.404966,49.998641],[8.404638,49.999005],[8.404401,49.99926],[8.404153,49.999528],[8.403841,49.999863],[8.4035,50.000358]]},"properties":{"cls":"unclassified","name":"Am Wickerbach"}},{"type":"Feature","geometry":{"type":"LineString","coordinates":[[8.403772,50.000833],[8.4035,50.000755]]},"properties":{"cls":"service"}},{"type":"Feature","geometry":{"type":"LineString","coordinates":[[8.404231,49.998296],[8.404218,49.998293],[8.403796,49.998268],[8.403774,49.998263]]},"properties":{"cls":"footway"}},{"type":"Feature","geometry":{"type":"LineString","coordinates":[[8.403623,49.9975],[8.403587,49.997572],[8.403589,49.9976],[8.403863,49.997614],[8.403774,49.998263],[8.403748,49.998455],[8.403933,49.998563],[8.403942,49.998783],[8.404019,49.998835],[8.404015,49.998946],[8.404053,49.998959]]},"properties":{"cls":"path"}},{"type":"Feature","geometry":{"type":"LineString","coordinates":[[8.404186,49.998515],[8.404255,49.998521]]},"properties":{"cls":"steps"}},{"type":"Feature","geometry":{"type":"LineString","coordinates":[[8.404164,49.998967],[8.404179,49.998891],[8.404199,49.998794]]},"properties":{"cls":"footway"}},{"type":"Feature","geometry":{"type":"LineString","coordinates":[[8.404053,49.998959],[8.404164,49.998967],[8.404638,49.999005]]},"properties":{"cls":"service"}},{"type":"Feature","geometry":{"type":"LineString","coordinates":[[8.404295,49.998525],[8.404255,49.998521]]},"properties":{"cls":"footway"}},{"type":"Feature","geometry":{"type":"LineString","coordinates":[[8.404263,49.998151],[8.404328,49.998157]]},"properties":{"cls":"steps"}},{"type":"Feature","geometry":{"type":"LineString","coordinates":[[8.404231,49.998296],[8.404298,49.998301]]},"properties":{"cls":"steps"}},{"type":"Feature","geometry":{"type":"LineString","coordinates":[[8.404341,49.998306],[8.404298,49.998301]]},"properties":{"cls":"footway"}},{"type":"Feature","geometry":{"type":"LineString","coordinates":[[8.404223,49.998678],[8.404255,49.998521],[8.404298,49.998301],[8.404328,49.998157],[8.404339,49.9981]]},"properties":{"cls":"footway"}},{"type":"Feature","geometry":{"type":"LineString","coordinates":[[8.403933,49.998563],[8.404174,49.998579],[8.404186,49.998515],[8.404231,49.998296],[8.404263,49.998151],[8.404099,49.998138],[8.404128,49.997977]]},"properties":{"cls":"footway"}},{"type":"Feature","geometry":{"type":"LineString","coordinates":[[8.405842,49.9975],[8.405726,49.997827]]},"properties":{"cls":"track"}},{"type":"Feature","geometry":{"type":"LineString","coordinates":[[8.410315,50.002081],[8.410164,50.002537],[8.41014,50.002619],[8.410179,50.002852],[8.410264,50.003039],[8.410306,50.003107],[8.410308,50.003205],[8.41017,50.00314],[8.409911,50.002944],[8.409787,50.002871],[8.409411,50.002763],[8.408092,50.002383],[8.406819,50.002017],[8.404676,50.001401],[8.404609,50.001348],[8.405354,50.000252],[8.405571,49.999943],[8.406836,49.998104],[8.406918,49.998061],[8.407024,49.998054],[8.408013,49.998277],[8.409024,49.998553],[8.41101,49.999319],[8.411039,49.99939],[8.4098,50.001171]]},"properties":{"cls":"service"}},{"type":"Feature","geometry":{"type":"LineString","coordinates":[[8.411519,50.001672],[8.410877,50.001483],[8.410495,50.001371],[8.4098,50.001171],[8.409163,50.000989],[8.407805,50.000599],[8.407645,50.000552],[8.405571,49.999943],[8.40426,49.999566],[8.404231,49.999556],[8.404153,49.999528]]},"properties":{"cls":"service"}},{"type":"Feature","geometry":{"type":"LineString","coordinates":[[8.407645,50.000552],[8.409024,49.998553]]},"properties":{"cls":"service"}},{"type":"Feature","geometry":{"type":"LineString","coordinates":[[8.412667,49.9975],[8.412921,49.997585],[8.413233,49.997741],[8.413845,49.998165],[8.413894,49.998194]]},"properties":{"cls":"path"}},{"type":"Feature","geometry":{"type":"LineString","coordinates":[[8.409727,50.001406],[8.4098,50.001171]]},"properties":{"cls":"service"}},{"type":"Feature","geometry":{"type":"LineString","coordinates":[[8.409344,50.001461],[8.410442,50.001582]]},"properties":{"cls":"service"}},{"type":"Feature","geometry":{"type":"LineString","coordinates":[[8.410464,50.001493],[8.410495,50.001371]]},"properties":{"cls":"service"}},{"type":"Feature","geometry":{"type":"LineString","coordinates":[[8.410877,50.001483],[8.410718,50.002048],[8.410335,50.001997]]},"properties":{"cls":"service"}},{"type":"Feature","geometry":{"type":"LineString","coordinates":[[8.41014,50.002619],[8.410063,50.002761],[8.410063,50.002869],[8.410132,50.002945],[8.410264,50.003039]]},"properties":{"cls":"service"}},{"type":"Feature","geometry":{"type":"LineString","coordinates":[[8.410063,50.002761],[8.409816,50.002753],[8.409422,50.002658]]},"properties":{"cls":"service"}},{"type":"Feature","geometry":{"type":"LineString","coordinates":[[8.412961,50.002167],[8.413421,50.001841],[8.413439,50.001806],[8.413414,50.001768],[8.412325,50.001107]]},"properties":{"cls":"service"}},{"type":"Feature","geometry":{"type":"LineString","coordinates":[[8.413355,50.002411],[8.413039,50.002805],[8.412911,50.002949],[8.412839,50.003011],[8.412736,50.003047],[8.412637,50.003049],[8.412393,50.002977],[8.41172,50.002771]]},"properties":{"cls":"service"}},{"type":"Feature","geometry":{"type":"LineString","coordinates":[[8.41454,50.003118],[8.414016,50.002809],[8.413874,50.002726],[8.413477,50.002486],[8.413355,50.002411],[8.413248,50.002345],[8.412961,50.002167],[8.412041,50.001597],[8.411948,50.001575],[8.411767,50.001582]]},"properties":{"cls":"residential","name":"Hafenstraße"}},{"type":"Feature","geometry":{"type":"LineString","coordinates":[[8.410308,50.003205],[8.410746,50.003578],[8.410944,50.003711],[8.411164,50.00386],[8.411515,50.004062],[8.411875,50.004239],[8.411906,50.004251],[8.412589,50.004521],[8.412948,50.004638],[8.413092,50.00471],[8.413128,50.004732],[8.413158,50.004771]]},"properties":{"cls":"unclassified","name":"Liebigstraße"}},{"type":"Feature","geometry":{"type":"LineString","coordinates":[[8.412687,50.003483],[8.41259,50.00349],[8.412502,50.003555],[8.412295,50.003817],[8.41227,50.003839],[8.412216,50.003868],[8.412044,50.004063],[8.411906,50.004251]]},"properties":{"cls":"service"}},{"type":"Feature","geometry":{"type":"LineString","coordinates":[[8.412948,50.004638],[8.412675,50.005065]]},"properties":{"cls":"path"}},{"type":"Feature","geometry":{"type":"LineString","coordinates":[[8.412612,50.005158],[8.412675,50.005065]]},"properties":{"cls":"footway"}},{"type":"Feature","geometry":{"type":"LineString","coordinates":[[8.412612,50.005158],[8.412547,50.005263]]},"properties":{"cls":"footway"}},{"type":"Feature","geometry":{"type":"LineString","coordinates":[[8.413051,50.006115],[8.412953,50.006098],[8.41285,50.006093],[8.412531,50.006108],[8.412309,50.006108],[8.412101,50.006109]]},"properties":{"cls":"residential","name":"Bachweg"}},{"type":"Feature","geometry":{"type":"LineString","coordinates":[[8.412101,50.006109],[8.412885,50.005197],[8.413139,50.004914],[8.413169,50.004844],[8.413158,50.004771]]},"properties":{"cls":"unclassified","name":"Hochgewann"}},{"type":"Feature","geometry":{"type":"LineString","coordinates":[[8.413249,50.005668],[8.41299,50.006035],[8.412953,50.006098]]},"properties":{"cls":"service"}},{"type":"Feature","geometry":{"type":"LineString","coordinates":[[8.413051,50.006115],[8.413011,50.006234],[8.412407,50.006912],[8.412125,50.007241],[8.412058,50.007319]]},"properties":{"cls":"residential","name":"Schieferstein"}},{"type":"Feature","geometry":{"type":"LineString","coordinates":[[8.411918,50.006089],[8.412171,50.005864],[8.412324,50.005651],[8.412503,50.005369],[8.412547,50.005263]]},"properties":{"cls":"footway"}},{"type":"Feature","geometry":{"type":"LineString","coordinates":[[8.411693,50.006031],[8.412137,50.005575],[8.412286,50.005421],[8.412295,50.005359],[8.412237,50.005314],[8.412146,50.005271],[8.411961,50.005294],[8.411805,50.005251],[8.411703,50.005229]]},"properties":{"cls":"service"}},{"type":"Feature","geometry":{"type":"LineString","coordinates":[[8.412101,50.006109],[8.411918,50.006089]]},"properties":{"cls":"service"}},{"type":"Feature","geometry":{"type":"LineString","coordinates":[[8.411918,50.006089],[8.411693,50.006031]]},"properties":{"cls":"service"}},{"type":"Feature","geometry":{"type":"LineString","coordinates":[[8.411918,50.006089],[8.41131,50.00686]]},"properties":{"cls":"footway"}},{"type":"Feature","geometry":{"type":"LineString","coordinates":[[8.411051,50.007297],[8.411393,50.006889],[8.411623,50.006615],[8.411913,50.00631],[8.412101,50.006109]]},"properties":{"cls":"unclassified","name":"Hochgewann"}},{"type":"Feature","geometry":{"type":"LineString","coordinates":[[8.411281,50.006648],[8.411156,50.006805]]},"properties":{"cls":"service"}},{"type":"Feature","geometry":{"type":"LineString","coordinates":[[8.411393,50.006889],[8.41131,50.00686],[8.411227,50.00683],[8.411156,50.006805],[8.411087,50.006883],[8.410843,50.007156],[8.410799,50.007174],[8.410722,50.007167],[8.41034,50.007036],[8.41033,50.006995],[8.410362,50.006945],[8.410792,50.006475],[8.410842,50.006468],[8.410896,50.006476],[8.41128,50.006614],[8.411281,50.006648]]},"properties":{"cls":"service"}},{"type":"Feature","geometry":{"type":"LineString","coordinates":[[8.411703,50.005229],[8.411071,50.005844]]},"properties":{"cls":"service"}},{"type":"Feature","geometry":{"type":"LineString","coordinates":[[8.407117,50.005528],[8.407862,50.004739],[8.408132,50.004784],[8.408765,50.003949],[8.408889,50.003986],[8.409917,50.00429],[8.411034,50.004669],[8.411397,50.004819],[8.411562,50.004881],[8.411736,50.004939],[8.411894,50.004987],[8.412061,50.005045],[8.412224,50.005115],[8.412547,50.005263]]},"properties":{"cls":"path"}},{"type":"Feature","geometry":{"type":"LineString","coordinates":[[8.411693,50.006031],[8.411461,50.005959],[8.41128,50.005906],[8.411071,50.005844],[8.409962,50.006924],[8.407398,50.005819],[8.408932,50.00431],[8.409195,50.004255],[8.410297,50.004689],[8.410517,50.004727],[8.411703,50.005229]]},"properties":{"cls":"service"}},{"type":"Feature","geometry":{"type":"LineString","coordinates":[[8.40956,50.001988],[8.409455,50.002337],[8.409422,50.002658],[8.409411,50.002763]]},"properties":{"cls":"service"}},{"type":"Feature","geometry":{"type":"LineString","coordinates":[[8.408537,50.0017],[8.410357,50.001918]]},"properties":{"cls":"service"}},{"type":"Feature","geometry":{"type":"LineString","coordinates":[[8.408443,50.001844],[8.40956,50.001988],[8.410315,50.002081],[8.410335,50.001997],[8.410357,50.001918],[8.410379,50.001831],[8.4104,50.001746],[8.410422,50.001661],[8.410442,50.001582],[8.410464,50.001493],[8.409897,50.001438],[8.409727,50.001406],[8.409344,50.001461],[8.408748,50.001388],[8.408692,50.001469],[8.408646,50.00154],[8.408596,50.001619],[8.408537,50.0017],[8.408493,50.00177]]},"properties":{"cls":"service"}},{"type":"Feature","geometry":{"type":"LineString","coordinates":[[8.408493,50.00177],[8.410335,50.001997]]},"properties":{"cls":"service"}},{"type":"Feature","geometry":{"type":"LineString","coordinates":[[8.408596,50.001619],[8.410379,50.001831]]},"properties":{"cls":"service"}},{"type":"Feature","geometry":{"type":"LineString","coordinates":[[8.408692,50.001469],[8.410422,50.001661]]},"properties":{"cls":"service"}},{"type":"Feature","geometry":{"type":"LineString","coordinates":[[8.408646,50.00154],[8.4104,50.001746]]},"properties":{"cls":"service"}},{"type":"Feature","geometry":{"type":"LineString","coordinates":[[8.409163,50.000989],[8.409059,50.000998],[8.409008,50.001006],[8.408968,50.001019],[8.408941,50.001055],[8.408813,50.001224],[8.408742,50.001336],[8.408736,50.001361],[8.408748,50.001388]]},"properties":{"cls":"service"}},{"type":"Feature","geometry":{"type":"LineString","coordinates":[[8.408337,50.002022],[8.409455,50.002337],[8.410164,50.002537]]},"properties":{"cls":"service"}},{"type":"Feature","geometry":{"type":"LineString","coordinates":[[8.408493,50.00177],[8.408443,50.001844]]},"properties":{"cls":"service"}},{"type":"Feature","geometry":{"type":"LineString","coordinates":[[8.408092,50.002383],[8.408337,50.002022],[8.408443,50.001844]]},"properties":{"cls":"service"}},{"type":"Feature","geometry":{"type":"LineString","coordinates":[[8.406819,50.002017],[8.407805,50.000599]]},"properties":{"cls":"service"}},{"type":"Feature","geometry":{"type":"LineString","coordinates":[[8.410502,50.007334],[8.410066,50.007149],[8.406812,50.005769],[8.406007,50.00543],[8.40517,50.005176],[8.404634,50.005054],[8.404161,50.004977],[8.403754,50.004921],[8.4035,50.004903]]},"properties":{"cls":"secondary","name":"Hochheimer Straße"}},{"type":"Feature","geometry":{"type":"LineString","coordinates":[[8.406812,50.005769],[8.406658,50.005901],[8.406594,50.006003],[8.406494,50.006156],[8.406437,50.006244],[8.406387,50.006432],[8.406396,50.00684],[8.406716,50.008348],[8.40698,50.009385],[8.40709,50.009786],[8.407149,50.01001],[8.407222,50.010291],[8.40723,50.010393]]},"properties":{"cls":"track"}},{"type":"Feature","geometry":{"type":"LineString","coordinates":[[8.407977,50.006384],[8.407994,50.006789],[8.408041,50.007167],[8.408139,50.007787],[8.408258,50.008239],[8.408394,50.008661],[8.408598,50.009191],[8.408773,50.009517],[8.408831,50.009691],[8.409016,50.010128],[8.409131,50.010398],[8.409254,50.01076]]},"properties":{"cls":"track"}},{"type":"Feature","geometry":{"type":"LineString","coordinates":[[8.40723,50.010393],[8.407308,50.010392],[8.409016,50.010128]]},"properties":{"cls":"track"}},{"type":"Feature","geometry":{"type":"LineString","coordinates":[[8.409788,50.012],[8.409629,50.0118],[8.40952,50.011611],[8.409415,50.011429],[8.409362,50.011264],[8.409311,50.011052],[8.409254,50.01076]]},"properties":{"cls":"track"}},{"type":"Feature","geometry":{"type":"LineString","coordinates":[[8.407792,50.012],[8.407528,50.011662],[8.407425,50.011469],[8.407333,50.011161],[8.40721,50.010695],[8.407174,50.01042]]},"properties":{"cls":"track"}},{"type":"Feature","geometry":{"type":"LineString","coordinates":[[8.413948,50.012],[8.414465,50.011339]]},"properties":{"cls":"track","name":"Warthweg"}},{"type":"Feature","geometry":{"type":"LineString","coordinates":[[8.411792,50.012],[8.412322,50.011872],[8.413787,50.011514],[8.414465,50.011339],[8.414701,50.011046],[8.415129,50.01056]]},"properties":{"cls":"track","name":"Kreuzweg"}},{"type":"Feature","geometry":{"type":"LineString","coordinates":[[8.415379,50.010218],[8.415333,50.010211],[8.415253,50.010221],[8.415089,50.010271],[8.414952,50.010295],[8.414801,50.010306],[8.414593,50.010288],[8.414366,50.010256],[8.41422,50.010215],[8.41404,50.010119],[8.413759,50.009959],[8.413604,50.009855],[8.413477,50.009744],[8.413419,50.00965],[8.41341,50.009547],[8.413431,50.009408],[8.413498,50.009288],[8.413599,50.009143],[8.413658,50.009039],[8.413662,50.008984],[8.41364,50.008931],[8.413574,50.008849],[8.411112,50.007724],[8.410917,50.007692],[8.410746,50.00764],[8.410627,50.007577],[8.410533,50.007484],[8.408553,50.006654],[8.407977,50.006384],[8.407183,50.006044],[8.406983,50.005984],[8.406771,50.005945],[8.406658,50.005901],[8.406606,50.00586],[8.406526,50.005807],[8.406338,50.005713],[8.405979,50.005546],[8.405192,50.005288]]},"properties":{"cls":"track"}},{"type":"Feature","geometry":{"type":"LineString","coordinates":[[8.410873,50.007491],[8.411051,50.007297]]},"properties":{"cls":"unclassified","name":"Hochgewann"}},{"type":"Feature","geometry":{"type":"LineString","coordinates":[[8.410746,50.00764],[8.410873,50.007491]]},"properties":{"cls":"track"}},{"type":"Feature","geometry":{"type":"LineString","coordinates":[[8.410502,50.007334],[8.410676,50.007343],[8.410882,50.007331],[8.411051,50.007297]]},"properties":{"cls":"unclassified"}},{"type":"Feature","geometry":{"type":"LineString","coordinates":[[8.410873,50.007491],[8.410502,50.007334]]},"properties":{"cls":"secondary","name":"Hochheimer Straße"}},{"type":"Feature","geometry":{"type":"LineString","coordinates":[[8.411725,50.007635],[8.411613,50.007627],[8.411515,50.007602],[8.411428,50.007548],[8.411381,50.007486],[8.411373,50.007418],[8.411395,50.007358],[8.411428,50.007306],[8.411509,50.007255],[8.411574,50.007234],[8.411672,50.007214],[8.411781,50.007225],[8.412058,50.007319],[8.411975,50.007505],[8.411918,50.007567],[8.411837,50.007607]]},"properties":{"cls":"service"}},{"type":"Feature","geometry":{"type":"LineString","coordinates":[[8.411837,50.007607],[8.411725,50.007635]]},"properties":{"cls":"service"}},{"type":"Feature","geometry":{"type":"LineString","coordinates":[[8.411918,50.007567],[8.412199,50.007655]]},"properties":{"cls":"service"}},{"type":"Feature","geometry":{"type":"LineString","coordinates":[[8.412921,50.007711],[8.412662,50.008085],[8.412159,50.007866],[8.411766,50.007678],[8.411725,50.007635]]},"properties":{"cls":"service"}},{"type":"Feature","geometry":{"type":"LineString","coordinates":[[8.413183,50.007791],[8.413098,50.007905]]},"properties":{"cls":"service"}},{"type":"Feature","geometry":{"type":"LineString","coordinates":[[8.413883,50.008839],[8.413044,50.008468],[8.412325,50.008145],[8.410873,50.007491]]},"properties":{"cls":"secondary","name":"Hochheimer Straße"}},{"type":"Feature","geometry":{"type":"LineString","coordinates":[[8.412722,50.00763],[8.412589,50.007811]]},"properties":{"cls":"service"}},{"type":"Feature","geometry":{"type":"LineString","coordinates":[[8.413365,50.007794],[8.413257,50.007814],[8.413183,50.007791],[8.412921,50.007711],[8.412722,50.00763],[8.412058,50.007319]]},"properties":{"cls":"service"}},{"type":"Feature","geometry":{"type":"LineString","coordinates":[[8.411847,50.007079],[8.412125,50.007241],[8.412678,50.007436],[8.412966,50.007108],[8.412407,50.006912]]},"properties":{"cls":"service"}},{"type":"Feature","geometry":{"type":"LineString","coordinates":[[8.41344,50.007689],[8.41285,50.007511]]},"properties":{"cls":"service"}},{"type":"Feature","geometry":{"type":"LineString","coordinates":[[8.413694,50.007463],[8.413241,50.007342],[8.413227,50.007322],[8.413443,50.006993]]},"properties":{"cls":"service"}},{"type":"Feature","geometry":{"type":"LineString","coordinates":[[8.414334,50.006343],[8.414255,50.006592],[8.414173,50.006756],[8.413694,50.007463]]},"properties":{"cls":"residential","name":"Schieferstein"}},{"type":"Feature","geometry":{"type":"LineString","coordinates":[[8.41382,50.007558],[8.413602,50.007867]]},"properties":{"cls":"service"}},{"type":"Feature","geometry":{"type":"LineString","coordinates":[[8.413927,50.007964],[8.413602,50.007867],[8.413365,50.007794],[8.41344,50.007689],[8.413535,50.007555],[8.412937,50.007376]]},"properties":{"cls":"service"}},{"type":"Feature","geometry":{"type":"LineString","coordinates":[[8.412662,50.008085],[8.412746,50.008124],[8.412785,50.008139],[8.413047,50.008229],[8.41325,50.008291],[8.413494,50.008367],[8.413519,50.008372],[8.413592,50.008377],[8.413881,50.008389]]},"properties":{"cls":"service"}},{"type":"Feature","geometry":{"type":"LineString","coordinates":[[8.414047,50.00891],[8.414044,50.008958],[8.414027,50.009006],[8.413996,50.00905],[8.413953,50.00909]]},"properties":{"cls":"primary"}},{"type":"Feature","geometry":{"type":"LineString","coordinates":[[8.414047,50.00891],[8.413883,50.008839]]},"properties":{"cls":"primary"}},{"type":"Feature","geometry":{"type":"LineString","coordinates":[[8.413708,50.009267],[8.413843,50.009098],[8.413878,50.009034],[8.413893,50.008987],[8.413896,50.008945],[8.413892,50.008916],[8.413883,50.008839]]},"properties":{"cls":"primary"}},{"type":"Feature","geometry":{"type":"LineString","coordinates":[[8.413953,50.00909],[8.413849,50.009151],[8.413777,50.009208],[8.413708,50.009267]]},"properties":{"cls":"primary"}},{"type":"Feature","geometry":{"type":"LineString","coordinates":[[8.414554,50.009109],[8.414299,50.009078],[8.414207,50.009071],[8.414099,50.009072],[8.414011,50.009081],[8.413953,50.00909]]},"properties":{"cls":"primary"}},{"type":"Feature","geometry":{"type":"LineString","coordinates":[[8.414554,50.009109],[8.414047,50.00891]]},"properties":{"cls":"primary"}},{"type":"Feature","geometry":{"type":"LineString","coordinates":[[8.415452,50.00796],[8.415159,50.007871],[8.414227,50.007587],[8.414005,50.007597],[8.413917,50.007582],[8.41382,50.007558],[8.413721,50.007516],[8.413694,50.007463]]},"properties":{"cls":"unclassified"}},{"type":"Feature","geometry":{"type":"LineString","coordinates":[[8.414052,50.007385],[8.414189,50.007427]]},"properties":{"cls":"service"}},{"type":"Feature","geometry":{"type":"LineString","coordinates":[[8.414143,50.007252],[8.414289,50.007298]]},"properties":{"cls":"service"}},{"type":"Feature","geometry":{"type":"LineString","coordinates":[[8.414173,50.006756],[8.414434,50.006828],[8.414417,50.006853],[8.414323,50.00699],[8.414143,50.007252],[8.414052,50.007385],[8.413917,50.007582]]},"properties":{"cls":"service"}},{"type":"Feature","geometry":{"type":"LineString","coordinates":[[8.414323,50.00699],[8.414481,50.007036]]},"properties":{"cls":"service"}},{"type":"Feature","geometry":{"type":"LineString","coordinates":[[8.415159,50.007871],[8.415127,50.007908],[8.415123,50.007937],[8.415149,50.007958],[8.415551,50.008076]]},"properties":{"cls":"service"}},{"type":"Feature","geometry":{"type":"LineString","coordinates":[[8.415452,50.00796],[8.415994,50.008123]]},"properties":{"cls":"service"}},{"type":"Feature","geometry":{"type":"LineString","coordinates":[[8.416276,50.007062],[8.416184,50.007185],[8.416004,50.007424]]},"properties":{"cls":"service"}},{"type":"Feature","geometry":{"type":"LineString","coordinates":[[8.416045,50.007143],[8.416073,50.007151],[8.416184,50.007185],[8.416392,50.007249],[8.416602,50.007312],[8.417008,50.007436]]},"properties":{"cls":"service"}},{"type":"Feature","geometry":{"type":"LineString","coordinates":[[8.416395,50.007589],[8.416721,50.007686]]},"properties":{"cls":"service"}},{"type":"Feature","geometry":{"type":"LineString","coordinates":[[8.416481,50.00713],[8.416392,50.007249],[8.416217,50.00749]]},"properties":{"cls":"service"}},{"type":"Feature","geometry":{"type":"LineString","coordinates":[[8.415994,50.008123],[8.416042,50.008058],[8.416091,50.007993],[8.416122,50.007952],[8.416193,50.007858],[8.416294,50.007723],[8.416395,50.007589],[8.416602,50.007312],[8.416745,50.007122]]},"properties":{"cls":"service"}},{"type":"Feature","geometry":{"type":"LineString","coordinates":[[8.416193,50.007858],[8.416421,50.007925]]},"properties":{"cls":"service"}},{"type":"Feature","geometry":{"type":"LineString","coordinates":[[8.416294,50.007723],[8.416585,50.007809]]},"properties":{"cls":"service"}},{"type":"Feature","geometry":{"type":"LineString","coordinates":[[8.41725,50.007365],[8.416344,50.008078],[8.41622,50.00819],[8.415994,50.008123]]},"properties":{"cls":"path"}},{"type":"Feature","geometry":{"type":"LineString","coordinates":[[8.416091,50.007993],[8.416278,50.008047]]},"properties":{"cls":"service"}},{"type":"Feature","geometry":{"type":"LineString","coordinates":[[8.415705,50.008849],[8.415718,50.008803],[8.415904,50.008581],[8.416054,50.008628],[8.416037,50.008658]]},"properties":{"cls":"service"}},{"type":"Feature","geometry":{"type":"LineString","coordinates":[[8.418708,50.009416],[8.418622,50.009437],[8.418427,50.009483],[8.418227,50.009526],[8.417903,50.009581],[8.417543,50.009622],[8.417095,50.009644],[8.4165,50.009617],[8.415966,50.009551],[8.415684,50.009488],[8.415421,50.009414],[8.414984,50.009268],[8.414554,50.009109]]},"properties":{"cls":"primary"}},{"type":"Feature","geometry":{"type":"LineString","coordinates":[[8.416037,50.008658],[8.415705,50.008849],[8.415623,50.008924],[8.415485,50.00912],[8.415339,50.009077],[8.415557,50.008756],[8.415486,50.008735],[8.415679,50.008494],[8.415838,50.008335],[8.415994,50.008123]]},"properties":{"cls":"service"}},{"type":"Feature","geometry":{"type":"LineString","coordinates":[[8.413708,50.009267],[8.413658,50.009324],[8.413623,50.009376],[8.4136,50.009424],[8.41358,50.009478],[8.413568,50.009534],[8.413572,50.009599],[8.413595,50.009664],[8.413632,50.009717],[8.413675,50.009765],[8.413732,50.009809],[8.413816,50.009863],[8.414199,50.010055],[8.414309,50.010101],[8.414419,50.010143],[8.414498,50.010169],[8.414573,50.010188],[8.414651,50.010201],[8.41472,50.010205],[8.414791,50.010205],[8.414859,50.010202],[8.414923,50.010192],[8.414986,50.010178],[8.41505,50.010158],[8.415114,50.010134],[8.415168,50.010109],[8.415228,50.010076],[8.415372,50.009971],[8.415495,50.009863],[8.415575,50.009788],[8.415721,50.009626],[8.415921,50.009418],[8.415972,50.009365],[8.416472,50.008793],[8.416946,50.00822],[8.417016,50.008136]]},"properties":{"cls":"primary"}},{"type":"Feature","geometry":{"type":"LineString","coordinates":[[8.415379,50.010218],[8.415364,50.010292],[8.415129,50.01056]]},"properties":{"cls":"track"}},{"type":"Feature","geometry":{"type":"LineString","coordinates":[[8.416101,50.010854],[8.415565,50.011007],[8.415413,50.011077],[8.415308,50.011179]]},"properties":{"cls":"residential","name":"Windthorststraße"}},{"type":"Feature","geometry":{"type":"LineString","coordinates":[[8.417052,50.010573],[8.416101,50.010854]]},"properties":{"cls":"residential","name":"Windthorststraße"}},{"type":"Feature","geometry":{"type":"LineString","coordinates":[[8.417084,50.011823],[8.416101,50.010854]]},"properties":{"cls":"residential","name":"Gallusstraße"}},{"type":"Feature","geometry":{"type":"LineString","coordinates":[[8.416113,50.012],[8.415883,50.011763],[8.415636,50.011509],[8.415308,50.011179]]},"properties":{"cls":"residential","name":"Heinrich-Brüning-Straße"}},{"type":"Feature","geometry":{"type":"LineString","coordinates":[[8.415454,50.012],[8.415883,50.011763]]},"properties":{"cls":"service"}},{"type":"Feature","geometry":{"type":"LineString","coordinates":[[8.415097,50.011811],[8.415636,50.011509]]},"properties":{"cls":"service"}},{"type":"Feature","geometry":{"type":"LineString","coordinates":[[8.415308,50.011179],[8.414937,50.011566],[8.414766,50.011763],[8.414701,50.011891],[8.414715,50.012]]},"properties":{"cls":"residential","name":"Windthorststraße"}},{"type":"Feature","geometry":{"type":"LineString","coordinates":[[8.414465,50.011339],[8.414762,50.011279],[8.414937,50.011566],[8.415097,50.011811],[8.415207,50.012]]},"properties":{"cls":"footway"}},{"type":"Feature","geometry":{"type":"LineString","coordinates":[[8.419564,50.012],[8.419242,50.011663]]},"properties":{"cls":"residential","name":"Kettelerstraße"}},{"type":"Feature","geometry":{"type":"LineString","coordinates":[[8.419758,50.011418],[8.419819,50.011573],[8.419242,50.011663]]},"properties":{"cls":"residential","name":"Kettelerstraße"}},{"type":"Feature","geometry":{"type":"LineString","coordinates":[[8.420076,50.011652],[8.419924,50.011709],[8.419785,50.011724],[8.419704,50.011752],[8.41964,50.011784]]},"properties":{"cls":"unknown"}},{"type":"Feature","geometry":{"type":"LineString","coordinates":[[8.41982,50.010691],[8.420156,50.010954],[8.420343,50.011155],[8.420405,50.011255],[8.420456,50.011335],[8.420486,50.011383],[8.420579,50.011593]]},"properties":{"cls":"unclassified","name":"Bürgermeister-Lauck-Straße"}},{"type":"Feature","geometry":{"type":"LineString","coordinates":[[8.419539,50.011067],[8.419564,50.011145],[8.419617,50.011294],[8.419666,50.011414],[8.419753,50.011401],[8.419909,50.01138],[8.420456,50.011335]]},"properties":{"cls":"path"}},{"type":"Feature","geometry":{"type":"LineString","coordinates":[[8.420148,50.01055],[8.41982,50.010022],[8.419684,50.009788]]},"properties":{"cls":"residential","name":"Kreuzweg"}},{"type":"Feature","geometry":{"type":"LineString","coordinates":[[8.41982,50.010691],[8.420148,50.01055]]},"properties":{"cls":"residential","name":"Kreuzweg"}},{"type":"Feature","geometry":{"type":"LineString","coordinates":[[8.41898,50.009732],[8.419123,50.010024],[8.419208,50.010159],[8.419419,50.010399],[8.41972,50.010625],[8.41982,50.010691]]},"properties":{"cls":"unclassified","name":"Bürgermeister-Lauck-Straße"}},{"type":"Feature","geometry":{"type":"LineString","coordinates":[[8.419907,50.011052],[8.419539,50.011067],[8.419412,50.011072],[8.419305,50.011087],[8.41927,50.010992],[8.419227,50.010862],[8.419179,50.010715]]},"properties":{"cls":"path"}},{"type":"Feature","geometry":{"type":"LineString","coordinates":[[8.419758,50.011418],[8.419753,50.011401]]},"properties":{"cls":"path"}},{"type":"Feature","geometry":{"type":"LineString","coordinates":[[8.419501,50.01129],[8.419508,50.011309],[8.419617,50.011294]]},"properties":{"cls":"path"}},{"type":"Feature","geometry":{"type":"LineString","coordinates":[[8.419564,50.011145],[8.419459,50.01116],[8.419464,50.011172]]},"properties":{"cls":"path"}},{"type":"Feature","geometry":{"type":"LineString","coordinates":[[8.418983,50.011387],[8.419026,50.011362],[8.419501,50.01129],[8.419464,50.011172]]},"properties":{"cls":"service","name":"Kettelerstraße"}},{"type":"Feature","geometry":{"type":"LineString","coordinates":[[8.419242,50.011663],[8.418983,50.011387],[8.418747,50.011145]]},"properties":{"cls":"residential","name":"Kettelerstraße"}},{"type":"Feature","geometry":{"type":"LineString","coordinates":[[8.419152,50.010884],[8.419191,50.010993],[8.418734,50.011058],[8.418681,50.011076]]},"properties":{"cls":"service","name":"Kettelerstraße"}},{"type":"Feature","geometry":{"type":"LineString","coordinates":[[8.419227,50.010862],[8.419148,50.010874],[8.419152,50.010884]]},"properties":{"cls":"path"}},{"type":"Feature","geometry":{"type":"LineString","coordinates":[[8.41927,50.010992],[8.419193,50.011001],[8.419191,50.010993]]},"properties":{"cls":"path"}},{"type":"Feature","geometry":{"type":"LineString","coordinates":[[8.418936,50.010713],[8.419032,50.010703],[8.419043,50.010723],[8.419179,50.010715],[8.419562,50.010699],[8.419611,50.010684],[8.41972,50.010625]]},"properties":{"cls":"cycleway"}},{"type":"Feature","geometry":{"type":"LineString","coordinates":[[8.419282,50.00999],[8.419123,50.010024]]},"properties":{"cls":"path"}},{"type":"Feature","geometry":{"type":"LineString","coordinates":[[8.419123,50.010024],[8.418928,50.010055]]},"properties":{"cls":"track"}},{"type":"Feature","geometry":{"type":"LineString","coordinates":[[8.419032,50.010703],[8.418941,50.010438]]},"properties":{"cls":"path"}},{"type":"Feature","geometry":{"type":"LineString","coordinates":[[8.418928,50.010055],[8.418869,50.010064]]},"properties":{"cls":"track"}},{"type":"Feature","geometry":{"type":"LineString","coordinates":[[8.418155,50.010523],[8.418224,50.01051],[8.418627,50.010454],[8.418941,50.010438],[8.419133,50.010428]]},"properties":{"cls":"path"}},{"type":"Feature","geometry":{"type":"LineString","coordinates":[[8.418888,50.010573],[8.418936,50.010713],[8.418466,50.010779],[8.418413,50.010796]]},"properties":{"cls":"service","name":"Kettelerstraße"}},{"type":"Feature","geometry":{"type":"LineString","coordinates":[[8.418424,50.012],[8.417919,50.011481]]},"properties":{"cls":"residential","name":"Lassallestraße"}},{"type":"Feature","geometry":{"type":"LineString","coordinates":[[8.417255,50.012],[8.417084,50.011823]]},"properties":{"cls":"residential","name":"Gallusstraße"}},{"type":"Feature","geometry":{"type":"LineString","coordinates":[[8.417919,50.011481],[8.417084,50.011823]]},"properties":{"cls":"residential","name":"Freiherr-vom-Stein-Straße"}},{"type":"Feature","geometry":{"type":"LineString","coordinates":[[8.417919,50.011481],[8.417052,50.010573]]},"properties":{"cls":"residential","name":"Lassallestraße"}},{"type":"Feature","geometry":{"type":"LineString","coordinates":[[8.41796,50.010311],[8.417052,50.010573]]},"properties":{"cls":"residential","name":"Windthorststraße"}},{"type":"Feature","geometry":{"type":"LineString","coordinates":[[8.418747,50.011145],[8.417919,50.011481]]},"properties":{"cls":"residential","name":"Freiherr-vom-Stein-Straße"}},{"type":"Feature","geometry":{"type":"LineString","coordinates":[[8.418747,50.011145],[8.418681,50.011076],[8.418413,50.010796],[8.418155,50.010523],[8.41796,50.010311]]},"properties":{"cls":"residential","name":"Kettelerstraße"}},{"type":"Feature","geometry":{"type":"LineString","coordinates":[[8.418869,50.010064],[8.418811,50.01008],[8.41796,50.010311]]},"properties":{"cls":"residential","name":"Windthorststraße"}},{"type":"Feature","geometry":{"type":"LineString","coordinates":[[8.418708,50.009416],[8.418667,50.009338],[8.418556,50.009118],[8.418454,50.008975],[8.41818,50.008777],[8.417982,50.008632],[8.417872,50.008506],[8.417749,50.008336]]},"properties":{"cls":"service"}},{"type":"Feature","geometry":{"type":"LineString","coordinates":[[8.417095,50.009644],[8.417534,50.009589],[8.417724,50.00955],[8.41796,50.009502],[8.418177,50.009394],[8.418314,50.009254],[8.418338,50.009123],[8.418309,50.008972],[8.41818,50.008777]]},"properties":{"cls":"service"}},{"type":"Feature","geometry":{"type":"LineString","coordinates":[[8.418928,50.010055],[8.418852,50.009912],[8.41875,50.00972],[8.418729,50.009693],[8.4187,50.009672],[8.418663,50.009653],[8.418619,50.009639],[8.418559,50.00963],[8.41849,50.009629],[8.417734,50.00973],[8.417512,50.009749],[8.417227,50.009757],[8.416996,50.009756],[8.41674,50.009751],[8.416441,50.009731],[8.416142,50.009694],[8.416046,50.009691],[8.415971,50.009698],[8.415926,50.009717],[8.415885,50.009746],[8.415849,50.009778],[8.415632,50.010002],[8.415379,50.010218]]},"properties":{"cls":"track"}},{"type":"Feature","geometry":{"type":"LineString","coordinates":[[8.41805,50.007273],[8.417872,50.007434],[8.417603,50.007662],[8.417016,50.008136]]},"properties":{"cls":"primary"}},{"type":"Feature","geometry":{"type":"MultiLineString","coordinates":[[[8.418024,50.007737],[8.417893,50.007753],[8.417808,50.007713],[8.417453,50.007539]],[[8.417453,50.007539],[8.417431,50.007528],[8.417353,50.007513],[8.41726,50.007521],[8.417212,50.007535],[8.417167,50.007567],[8.416639,50.008026],[8.416611,50.008066],[8.416617,50.008119],[8.41665,50.008145],[8.416696,50.008159],[8.416736,50.008161],[8.416809,50.008143],[8.417148,50.007782],[8.417268,50.007753],[8.417422,50.00757],[8.417453,50.007539]],[[8.417453,50.007539],[8.417669,50.007329],[8.417892,50.007113],[8.418173,50.00689],[8.41838,50.006735],[8.418779,50.00645],[8.418829,50.00638]]]},"properties":{"cls":"path"}},{"type":"Feature","geometry":{"type":"LineString","coordinates":[[8.418024,50.007737],[8.417382,50.007403]]},"properties":{"cls":"path"}},{"type":"Feature","geometry":{"type":"LineString","coordinates":[[8.41805,50.007273],[8.417914,50.007456],[8.417879,50.007494],[8.417796,50.007595],[8.417754,50.007654],[8.417717,50.00772],[8.417678,50.007789],[8.417651,50.007871],[8.417638,50.007955],[8.417635,50.008035],[8.417651,50.008128],[8.417689,50.00823],[8.417749,50.008336],[8.41783,50.008429],[8.417919,50.008518],[8.418036,50.008603],[8.418185,50.008697],[8.418378,50.008806],[8.418515,50.008893],[8.418585,50.008947],[8.418639,50.008993]]},"properties":{"cls":"primary"}},{"type":"Feature","geometry":{"type":"LineString","coordinates":[[8.418639,50.008993],[8.418783,50.009244],[8.418857,50.009378]]},"properties":{"cls":"primary"}},{"type":"Feature","geometry":{"type":"LineString","coordinates":[[8.418605,50.0098],[8.418811,50.01008]]},"properties":{"cls":"service"}},{"type":"Feature","geometry":{"type":"LineString","coordinates":[[8.418857,50.009378],[8.418957,50.009597]]},"properties":{"cls":"unclassified","name":"Bürgermeister-Lauck-Straße"}},{"type":"Feature","geometry":{"type":"LineString","coordinates":[[8.41898,50.009732],[8.418841,50.009584],[8.418832,50.009574],[8.418772,50.009504],[8.418708,50.009416]]},"properties":{"cls":"unclassified","name":"Bürgermeister-Lauck-Straße"}},{"type":"Feature","geometry":{"type":"LineString","coordinates":[[8.418857,50.009378],[8.418708,50.009416]]},"properties":{"cls":"primary"}},{"type":"Feature","geometry":{"type":"LineString","coordinates":[[8.418857,50.009378],[8.418964,50.009351],[8.419365,50.009248]]},"properties":{"cls":"primary"}},{"type":"Feature","geometry":{"type":"LineString","coordinates":[[8.418957,50.009597],[8.41898,50.009732]]},"properties":{"cls":"unclassified","name":"Bürgermeister-Lauck-Straße"}},{"type":"Feature","geometry":{"type":"LineString","coordinates":[[8.419365,50.009248],[8.419128,50.009403],[8.419028,50.009485],[8.418957,50.009597]]},"properties":{"cls":"unclassified","name":"Bürgermeister-Lauck-Straße"}},{"type":"Feature","geometry":{"type":"LineString","coordinates":[[8.418639,50.008993],[8.41884,50.009151],[8.418899,50.00919],[8.41896,50.009213],[8.419043,50.009235],[8.419147,50.009251],[8.419365,50.009248]]},"properties":{"cls":"primary"}},{"type":"Feature","geometry":{"type":"LineString","coordinates":[[8.418024,50.007737],[8.418614,50.008054],[8.419879,50.008763],[8.420131,50.008886],[8.42043,50.009059],[8.420492,50.009105],[8.420494,50.00917],[8.420364,50.009374],[8.420345,50.009443]]},"properties":{"cls":"path"}},{"type":"Feature","geometry":{"type":"LineString","coordinates":[[8.419282,50.00999],[8.419684,50.009788]]},"properties":{"cls":"residential","name":"Kurmainzer Straße"}},{"type":"Feature","geometry":{"type":"LineString","coordinates":[[8.420289,50.009083],[8.420041,50.009149],[8.420002,50.009153],[8.419964,50.009152],[8.419829,50.009138]]},"properties":{"cls":"footway"}},{"type":"Feature","geometry":{"type":"LineString","coordinates":[[8.420266,50.007316],[8.420159,50.007403]]},"properties":{"cls":"footway"}},{"type":"Feature","geometry":{"type":"LineString","coordinates":[[8.417016,50.008136],[8.417228,50.007889],[8.417505,50.007612],[8.417748,50.00737],[8.417897,50.007213],[8.418084,50.00705],[8.418279,50.006891],[8.418483,50.006737],[8.418694,50.006586],[8.418914,50.006441],[8.419173,50.006279],[8.419435,50.006123],[8.419752,50.005951],[8.420119,50.005765],[8.420846,50.005417],[8.421412,50.005157],[8.422139,50.004844],[8.422579,50.004662],[8.423237,50.004401]]},"properties":{"cls":"primary"}},{"type":"Feature","geometry":{"type":"LineString","coordinates":[[8.415889,50.005545],[8.416279,50.00564],[8.416502,50.005694],[8.416614,50.005722],[8.41705,50.005828],[8.417094,50.005839],[8.417135,50.005848],[8.417479,50.005926],[8.417626,50.005959],[8.417869,50.006014],[8.418166,50.006082],[8.41862,50.006184],[8.418855,50.006237],[8.419151,50.006317],[8.419997,50.006661],[8.420156,50.00673],[8.420699,50.006982],[8.420909,50.007108],[8.420946,50.007131],[8.42115,50.00726],[8.421389,50.007418],[8.421585,50.007551],[8.421863,50.007814],[8.422186,50.008154]]},"properties":{"cls":"unclassified","name":"Hauptstraße"}},{"type":"Feature","geometry":{"type":"LineString","coordinates":[[8.41862,50.006184],[8.41853,50.006274],[8.418198,50.006656],[8.4182,50.006679],[8.418223,50.00669],[8.418262,50.00669],[8.418302,50.006672],[8.418533,50.006548],[8.418689,50.006463],[8.418829,50.00638]]},"properties":{"cls":"path"}},{"type":"Feature","geometry":{"type":"LineString","coordinates":[[8.419033,50.005413],[8.418503,50.005812],[8.418166,50.006082]]},"properties":{"cls":"service"}},{"type":"Feature","geometry":{"type":"LineString","coordinates":[[8.417767,50.003598],[8.417822,50.003645],[8.41905,50.004697],[8.419534,50.005057],[8.419777,50.005174],[8.420025,50.00544],[8.420817,50.00603]]},"properties":{"cls":"path"}},{"type":"Feature","geometry":{"type":"LineString","coordinates":[[8.419111,50.000762],[8.418929,50.000794],[8.418741,50.000842],[8.41852,50.000906],[8.41831,50.000993],[8.418234,50.00103]]},"properties":{"cls":"footway"}},{"type":"Feature","geometry":{"type":"LineString","coordinates":[[8.413894,49.998194],[8.41474,49.99857],[8.414958,49.998683],[8.41518,49.998821],[8.41563,49.999206],[8.415921,49.999407],[8.41632,49.999613],[8.416536,49.999697],[8.416595,49.999722],[8.416689,49.999755],[8.416805,49.999778],[8.416925,49.999795],[8.417058,49.999809],[8.417211,49.999842],[8.417377,49.999889],[8.417485,49.999927],[8.4176,49.99999],[8.417681,50.000047],[8.417777,50.000132],[8.417838,50.000222],[8.417867,50.000295],[8.417886,50.000368],[8.417908,50.000464],[8.417928,50.000589],[8.417967,50.000705],[8.418009,50.000795],[8.418046,50.000858],[8.418101,50.000925],[8.418234,50.00103],[8.418376,50.001144],[8.418492,50.001221],[8.418675,50.00134],[8.418807,50.001419],[8.419082,50.001583],[8.419379,50.001748],[8.419637,50.001908],[8.42031,50.002441],[8.420385,50.002523],[8.42057,50.002805],[8.420634,50.002881],[8.420736,50.002974],[8.421055,50.003208],[8.421149,50.003264],[8.421245,50.003318],[8.421466,50.003403],[8.421553,50.003458],[8.421798,50.003651],[8.422431,50.004179]]},"properties":{"cls":"path"}},{"type":"Feature","geometry":{"type":"LineString","coordinates":[[8.417021,50.004888],[8.416668,50.004739]]},"properties":{"cls":"service"}},{"type":"Feature","geometry":{"type":"LineString","coordinates":[[8.417211,50.004691],[8.416856,50.004544]]},"properties":{"cls":"service"}},{"type":"Feature","geometry":{"type":"LineString","coordinates":[[8.417517,50.004915],[8.417309,50.004997],[8.417064,50.00515]]},"properties":{"cls":"service"}},{"type":"Feature","geometry":{"type":"LineString","coordinates":[[8.41719,50.004198],[8.417331,50.004259],[8.41758,50.004363]]},"properties":{"cls":"service"}},{"type":"Feature","geometry":{"type":"LineString","coordinates":[[8.418068,50.005334],[8.417787,50.005564]]},"properties":{"cls":"service"}},{"type":"Feature","geometry":{"type":"LineString","coordinates":[[8.417626,50.005959],[8.417662,50.00593],[8.418077,50.005585],[8.418265,50.005685],[8.41847,50.005795],[8.418503,50.005812]]},"properties":{"cls":"service"}},{"type":"Feature","geometry":{"type":"LineString","coordinates":[[8.418265,50.005685],[8.417896,50.005992],[8.417869,50.006014]]},"properties":{"cls":"service"}},{"type":"Feature","geometry":{"type":"LineString","coordinates":[[8.417021,50.006844],[8.417324,50.006775],[8.417469,50.006664],[8.417941,50.006276],[8.418166,50.006082]]},"properties":{"cls":"service"}},{"type":"Feature","geometry":{"type":"LineString","coordinates":[[8.417135,50.005848],[8.417166,50.0058],[8.41726,50.005707],[8.41745,50.005551],[8.417513,50.005509],[8.417578,50.005494],[8.417633,50.005497],[8.417787,50.005564],[8.417785,50.005671],[8.417609,50.005821],[8.417479,50.005926]]},"properties":{"cls":"service"}},{"type":"Feature","geometry":{"type":"LineString","coordinates":[[8.417899,50.005077],[8.41787,50.005128],[8.417553,50.005395],[8.417253,50.005647],[8.417102,50.005773],[8.41705,50.005828],[8.416489,50.006298]]},"properties":{"cls":"service"}},{"type":"Feature","geometry":{"type":"LineString","coordinates":[[8.416502,50.005694],[8.416569,50.005565],[8.416883,50.005278],[8.417064,50.00515],[8.417485,50.005357],[8.417553,50.005395]]},"properties":{"cls":"service"}},{"type":"Feature","geometry":{"type":"LineString","coordinates":[[8.417135,50.005848],[8.416563,50.006326],[8.416678,50.006367],[8.416879,50.006217]]},"properties":{"cls":"service"}},{"type":"Feature","geometry":{"type":"LineString","coordinates":[[8.415852,50.006911],[8.415925,50.006806]]},"properties":{"cls":"service"}},{"type":"Feature","geometry":{"type":"LineString","coordinates":[[8.416279,50.00564],[8.415686,50.006177]]},"properties":{"cls":"service"}},{"type":"Feature","geometry":{"type":"LineString","coordinates":[[8.416614,50.005722],[8.416053,50.006196]]},"properties":{"cls":"path"}},{"type":"Feature","geometry":{"type":"LineString","coordinates":[[8.41737,50.004012],[8.41719,50.004198],[8.416856,50.004544],[8.416736,50.004669],[8.416668,50.004739],[8.415889,50.005545]]},"properties":{"cls":"unclassified","name":"Hafenstraße"}},{"type":"Feature","geometry":{"type":"LineString","coordinates":[[8.414244,50.004881],[8.414494,50.004958],[8.415809,50.005361],[8.416037,50.005066],[8.416013,50.005044],[8.414793,50.00467]]},"properties":{"cls":"service"}},{"type":"Feature","geometry":{"type":"LineString","coordinates":[[8.41538,50.005389],[8.414956,50.005828],[8.414888,50.005898],[8.415686,50.006177]]},"properties":{"cls":"service"}},{"type":"Feature","geometry":{"type":"LineString","coordinates":[[8.417382,50.007403],[8.41725,50.007365],[8.416745,50.007122],[8.416184,50.006838],[8.415781,50.006659],[8.415392,50.006533],[8.415127,50.006475],[8.414334,50.006343]]},"properties":{"cls":"residential","name":"Bachweg"}},{"type":"Feature","geometry":{"type":"LineString","coordinates":[[8.415631,50.006846],[8.415723,50.00672]]},"properties":{"cls":"service"}},{"type":"Feature","geometry":{"type":"LineString","coordinates":[[8.415408,50.006782],[8.415505,50.00665]]},"properties":{"cls":"service"}},{"type":"Feature","geometry":{"type":"LineString","coordinates":[[8.414434,50.006828],[8.414653,50.006524],[8.414971,50.00662],[8.415184,50.006685],[8.415173,50.006713],[8.415408,50.006782],[8.415631,50.006846],[8.415852,50.006911],[8.416077,50.006976],[8.416184,50.006838]]},"properties":{"cls":"service"}},{"type":"Feature","geometry":{"type":"LineString","coordinates":[[8.415184,50.006685],[8.415273,50.006563]]},"properties":{"cls":"service"}},{"type":"Feature","geometry":{"type":"LineString","coordinates":[[8.414971,50.00662],[8.415046,50.006515]]},"properties":{"cls":"service"}},{"type":"Feature","geometry":{"type":"LineString","coordinates":[[8.414417,50.006853],[8.414592,50.006902]]},"properties":{"cls":"service"}},{"type":"Feature","geometry":{"type":"LineString","coordinates":[[8.414334,50.006343],[8.414222,50.006301],[8.413851,50.006241],[8.413381,50.006165],[8.413051,50.006115]]},"properties":{"cls":"residential","name":"Bachweg"}},{"type":"Feature","geometry":{"type":"LineString","coordinates":[[8.413851,50.006241],[8.413872,50.006185],[8.413998,50.005996]]},"properties":{"cls":"service"}},{"type":"Feature","geometry":{"type":"LineString","coordinates":[[8.413724,50.00418],[8.41323,50.00404]]},"properties":{"cls":"service"}},{"type":"Feature","geometry":{"type":"LineString","coordinates":[[8.413158,50.004771],[8.413244,50.004758],[8.413298,50.004734],[8.413724,50.00418],[8.41454,50.003118]]},"properties":{"cls":"unclassified","name":"Hafenstraße"}},{"type":"Feature","geometry":{"type":"LineString","coordinates":[[8.413995,50.004965],[8.414112,50.004926],[8.414244,50.004881],[8.413978,50.004651],[8.414186,50.004381],[8.414379,50.004438]]},"properties":{"cls":"service"}},{"type":"Feature","geometry":{"type":"LineString","coordinates":[[8.413158,50.004771],[8.413344,50.004789],[8.413995,50.004965],[8.41538,50.005389],[8.415889,50.005545]]},"properties":{"cls":"unclassified","name":"Liebigstraße"}},{"type":"Feature","geometry":{"type":"LineString","coordinates":[[8.41454,50.003118],[8.415069,50.002454]]},"properties":{"cls":"unclassified","name":"Hafenstraße"}},{"type":"Feature","geometry":{"type":"LineString","coordinates":[[8.413738,50.002833],[8.413272,50.002682]]},"properties":{"cls":"service"}},{"type":"Feature","geometry":{"type":"LineString","coordinates":[[8.413874,50.002726],[8.413778,50.002787],[8.413738,50.002833],[8.413739,50.002882],[8.413637,50.003042],[8.413643,50.003092],[8.413216,50.003626],[8.413162,50.003648],[8.413104,50.003647],[8.412726,50.003523],[8.412687,50.003483],[8.412699,50.003422],[8.413272,50.002682],[8.413363,50.002566],[8.413477,50.002486]]},"properties":{"cls":"service"}},{"type":"Feature","geometry":{"type":"LineString","coordinates":[[8.41378,50.003047],[8.413901,50.002892],[8.414016,50.002809]]},"properties":{"cls":"service"}},{"type":"Feature","geometry":{"type":"LineString","coordinates":[[8.413355,50.002411],[8.413816,50.002095],[8.41386,50.002092],[8.413953,50.002142]]},"properties":{"cls":"service"}},{"type":"Feature","geometry":{"type":"LineString","coordinates":[[8.413248,50.002345],[8.413735,50.002013]]},"properties":{"cls":"service"}},{"type":"Feature","geometry":{"type":"LineString","coordinates":[[8.41545,50.001964],[8.413434,50.000686],[8.413354,50.000626],[8.413451,50.000379],[8.41373,49.99978],[8.413849,49.999991],[8.414032,50.000133],[8.414301,50.000278],[8.415218,50.000878],[8.416147,50.001497],[8.416373,50.001667],[8.416648,50.001834],[8.417164,50.002221],[8.417731,50.002676],[8.418116,50.003031]]},"properties":{"cls":"track"}},{"type":"Feature","geometry":{"type":"LineString","coordinates":[[8.415069,50.002454],[8.415161,50.00249],[8.417296,50.003975],[8.41737,50.004012]]},"properties":{"cls":"unclassified","name":"Hafenstraße"}},{"type":"Feature","geometry":{"type":"LineString","coordinates":[[8.415069,50.002454],[8.41545,50.001964],[8.415491,50.001993],[8.417767,50.003598],[8.41737,50.004012]]},"properties":{"cls":"unclassified","name":"Hafenstraße"}},{"type":"Feature","geometry":{"type":"LineString","coordinates":[[8.415491,50.001993],[8.415626,50.00189],[8.415747,50.00184],[8.415995,50.001773],[8.416221,50.001722],[8.416332,50.001694],[8.416373,50.001667]]},"properties":{"cls":"path"}},{"type":"Feature","geometry":{"type":"LineString","coordinates":[[8.416648,49.997616],[8.416347,49.997862]]},"properties":{"cls":"footway"}},{"type":"Feature","geometry":{"type":"LineString","coordinates":[[8.416628,49.998002],[8.416347,49.997862],[8.416076,49.997717]]},"properties":{"cls":"footway"}},{"type":"Feature","geometry":{"type":"LineString","coordinates":[[8.41688,49.997966],[8.416628,49.998002],[8.416377,49.998032],[8.41611,49.99799],[8.415889,49.997909],[8.415738,49.997815],[8.415669,49.997753]]},"properties":{"cls":"footway"}},{"type":"Feature","geometry":{"type":"LineString","coordinates":[[8.413894,49.998194],[8.414626,49.998207],[8.415282,49.998179],[8.415688,49.99816],[8.415789,49.998163],[8.415861,49.99818],[8.416112,49.998273],[8.41658,49.998462],[8.416745,49.998514]]},"properties":{"cls":"path"}},{"type":"Feature","geometry":{"type":"LineString","coordinates":[[8.414457,49.9975],[8.415346,49.997817],[8.415805,49.997986],[8.416062,49.9981],[8.416745,49.998514]]},"properties":{"cls":"path"}},{"type":"Feature","geometry":{"type":"LineString","coordinates":[[8.416134,49.9975],[8.416077,49.997622],[8.416076,49.997717],[8.415935,49.997739],[8.415669,49.997753],[8.415411,49.997701],[8.415166,49.997618],[8.414803,49.997502],[8.414798,49.9975]]},"properties":{"cls":"footway"}},{"type":"Feature","geometry":{"type":"LineString","coordinates":[[8.418007,49.99763],[8.418163,49.9975]]},"properties":{"cls":"residential","name":"Ludwig-Dörfler-Allee"}},{"type":"Feature","geometry":{"type":"LineString","coordinates":[[8.417759,49.997817],[8.417287,49.997597],[8.417192,49.997609],[8.416954,49.99751]]},"properties":{"cls":"service"}},{"type":"Feature","geometry":{"type":"LineString","coordinates":[[8.416954,49.99751],[8.41693,49.9975]]},"properties":{"cls":"track"}},{"type":"Feature","geometry":{"type":"LineString","coordinates":[[8.417221,49.998089],[8.417058,49.998018],[8.417008,49.998004],[8.41688,49.997966],[8.416729,49.997846],[8.416648,49.997616],[8.416654,49.9975]]},"properties":{"cls":"footway"}},{"type":"Feature","geometry":{"type":"LineString","coordinates":[[8.416858,49.99859],[8.417176,49.998318],[8.417352,49.998167],[8.41743,49.9981]]},"properties":{"cls":"residential","name":"Ludwig-Dörfler-Allee"}},{"type":"Feature","geometry":{"type":"LineString","coordinates":[[8.417463,49.998072],[8.417319,49.99805],[8.417201,49.997979],[8.417101,49.99796],[8.417036,49.997976],[8.417008,49.998004]]},"properties":{"cls":"path"}},{"type":"Feature","geometry":{"type":"LineString","coordinates":[[8.417746,49.998265],[8.417658,49.998336],[8.417551,49.998461],[8.417491,49.998506]]},"properties":{"cls":"footway"}},{"type":"Feature","geometry":{"type":"LineString","coordinates":[[8.417352,49.998167],[8.417309,49.998141]]},"properties":{"cls":"footway"}},{"type":"Feature","geometry":{"type":"LineString","coordinates":[[8.417309,49.998141],[8.417221,49.998089]]},"properties":{"cls":"steps"}},{"type":"Feature","geometry":{"type":"LineString","coordinates":[[8.417203,49.998813],[8.417239,49.998792]]},"properties":{"cls":"steps"}},{"type":"Feature","geometry":{"type":"LineString","coordinates":[[8.417588,49.998563],[8.417563,49.998581]]},"properties":{"cls":"steps"}},{"type":"Feature","geometry":{"type":"LineString","coordinates":[[8.417176,49.998318],[8.417491,49.998506],[8.417588,49.998563],[8.417845,49.998718],[8.417945,49.998779],[8.418007,49.998819]]},"properties":{"cls":"service"}},{"type":"Feature","geometry":{"type":"LineString","coordinates":[[8.41753,49.998662],[8.417549,49.998675]]},"properties":{"cls":"steps"}},{"type":"Feature","geometry":{"type":"LineString","coordinates":[[8.416745,49.998514],[8.416858,49.99859]]},"properties":{"cls":"path"}},{"type":"Feature","geometry":{"type":"LineString","coordinates":[[8.417485,49.999927],[8.417473,49.999858],[8.417491,49.999638],[8.417506,49.999517],[8.417533,49.999429],[8.417572,49.99937],[8.417611,49.999337],[8.417673,49.999302],[8.417792,49.999244]]},"properties":{"cls":"path"}},{"type":"Feature","geometry":{"type":"LineString","coordinates":[[8.417886,50.000368],[8.417511,50.000542]]},"properties":{"cls":"path"}},{"type":"Feature","geometry":{"type":"LineString","coordinates":[[8.418252,49.999753],[8.418709,49.99984]]},"properties":{"cls":"path"}},{"type":"Feature","geometry":{"type":"LineString","coordinates":[[8.418284,49.999556],[8.418286,49.999599],[8.418278,49.999653],[8.418252,49.999753]]},"properties":{"cls":"steps"}},{"type":"Feature","geometry":{"type":"LineString","coordinates":[[8.418408,49.999346],[8.418279,49.999416]]},"properties":{"cls":"path"}},{"type":"Feature","geometry":{"type":"LineString","coordinates":[[8.418284,49.999556],[8.418221,49.999535],[8.418033,49.999497],[8.417955,49.999451],[8.417941,49.999382],[8.418004,49.999309],[8.41814,49.999246],[8.418287,49.999135],[8.418422,49.99905],[8.41863,49.998957],[8.418683,49.998828],[8.418746,49.998737]]},"properties":{"cls":"path"}},{"type":"Feature","geometry":{"type":"LineString","coordinates":[[8.418746,49.998737],[8.418311,49.998536],[8.41799,49.998395]]},"properties":{"cls":"service","name":"Hauptmann-Scheuermann-Weg"}},{"type":"Feature","geometry":{"type":"LineString","coordinates":[[8.417768,49.999209],[8.417895,49.999168],[8.417943,49.999144],[8.418089,49.99907],[8.418119,49.999033],[8.418095,49.99897],[8.417967,49.998826],[8.417945,49.998779]]},"properties":{"cls":"path"}},{"type":"Feature","geometry":{"type":"LineString","coordinates":[[8.417938,49.998367],[8.417914,49.998388],[8.417913,49.998606],[8.417845,49.998718]]},"properties":{"cls":"service"}},{"type":"Feature","geometry":{"type":"LineString","coordinates":[[8.41799,49.998395],[8.417938,49.998367],[8.417746,49.998265],[8.41743,49.9981]]},"properties":{"cls":"living_street","name":"Hauptmann-Scheuermann-Weg"}},{"type":"Feature","geometry":{"type":"LineString","coordinates":[[8.41743,49.9981],[8.417463,49.998072],[8.417759,49.997817],[8.418007,49.99763]]},"properties":{"cls":"residential","name":"Ludwig-Dörfler-Allee"}},{"type":"Feature","geometry":{"type":"LineString","coordinates":[[8.418007,49.99763],[8.418188,49.997733],[8.418263,49.997776],[8.419299,49.998348],[8.419358,49.998363],[8.419415,49.998364],[8.41947,49.998359],[8.419518,49.998343]]},"properties":{"cls":"living_street","name":"An der Festung"}},{"type":"Feature","geometry":{"type":"LineString","coordinates":[[8.419222,49.999145],[8.419156,49.999102],[8.419073,49.999051],[8.419047,49.999032],[8.419051,49.998996],[8.419059,49.998978],[8.419058,49.99895],[8.419053,49.998916],[8.419043,49.99889],[8.419018,49.998857],[8.418746,49.998737]]},"properties":{"cls":"service","name":"Hauptmann-Scheuermann-Weg"}},{"type":"Feature","geometry":{"type":"LineString","coordinates":[[8.420901,49.999239],[8.42087,49.999287],[8.420735,49.999415],[8.420534,49.999542],[8.419898,49.999944],[8.419753,50.000076],[8.419711,50.000121],[8.419676,50.000185],[8.419657,50.000237],[8.41962,50.000272],[8.419559,50.000305],[8.419467,50.000333],[8.419382,50.000346],[8.419262,50.000337],[8.419193,50.000317],[8.419128,50.000282],[8.419012,50.000191],[8.418865,50.00009],[8.418466,49.999861],[8.418252,49.999753],[8.417981,49.999626],[8.417853,49.999534],[8.417821,49.999475],[8.417807,49.999419],[8.417798,49.999323],[8.417792,49.999244],[8.417782,49.999225],[8.417768,49.999209],[8.417584,49.999078],[8.417342,49.998903],[8.417203,49.998813],[8.416858,49.99859]]},"properties":{"cls":"living_street","name":"An der Festung"}},{"type":"Feature","geometry":{"type":"LineString","coordinates":[[8.418383,49.999415],[8.418422,49.999488],[8.419294,49.999983]]},"properties":{"cls":"path"}},{"type":"Feature","geometry":{"type":"LineString","coordinates":[[8.418865,50.00009],[8.418765,50.000168],[8.419087,50.000365],[8.419135,50.000376],[8.419193,50.000372],[8.419262,50.000337]]},"properties":{"cls":"service"}},{"type":"Feature","geometry":{"type":"LineString","coordinates":[[8.419111,50.000762],[8.419251,50.000704],[8.419367,50.000646]]},"properties":{"cls":"service","name":"An der Festung"}},{"type":"Feature","geometry":{"type":"LineString","coordinates":[[8.419367,50.000646],[8.419316,50.000548],[8.419282,50.000403],[8.419262,50.000337]]},"properties":{"cls":"service","name":"An der Festung"}},{"type":"Feature","geometry":{"type":"LineString","coordinates":[[8.419047,49.999032],[8.419005,49.999056],[8.418919,49.999131],[8.418483,49.999369],[8.418383,49.999415],[8.418408,49.999346],[8.41899,49.998969],[8.419399,49.998761],[8.419552,49.998761],[8.420262,49.999175],[8.420259,49.999254],[8.419925,49.999527],[8.419842,49.999554],[8.419294,49.999983]]},"properties":{"cls":"path"}},{"type":"Feature","geometry":{"type":"LineString","coordinates":[[8.418311,49.998536],[8.418518,49.998547],[8.418922,49.998618],[8.419038,49.998628],[8.419088,49.998626],[8.419138,49.998615],[8.419181,49.998597],[8.419391,49.998504],[8.419545,49.998488],[8.419709,49.998564],[8.419867,49.998685],[8.419981,49.998789],[8.420072,49.998867],[8.420148,49.998904],[8.42048,49.999069],[8.420588,49.999118],[8.420675,49.999173],[8.420689,49.999188],[8.420696,49.999217],[8.420664,49.99925],[8.420627,49.999273],[8.420566,49.9993],[8.420442,49.999364],[8.420297,49.999446],[8.420154,49.999569],[8.41983,49.99985],[8.419584,50.000043],[8.419501,50.000161],[8.41942,50.000236],[8.41932,50.000251],[8.419244,50.000239],[8.419177,50.000199],[8.419004,50.000053],[8.418709,49.99984],[8.418505,49.999687],[8.418284,49.999556]]},"properties":{"cls":"path"}},{"type":"Feature","geometry":{"type":"LineString","coordinates":[[8.420901,49.999239],[8.420904,49.999197],[8.420874,49.999142],[8.420788,49.999051],[8.420684,49.998999],[8.420497,49.99892],[8.420239,49.998768],[8.419599,49.998395],[8.419518,49.998343]]},"properties":{"cls":"living_street","name":"An der Festung"}},{"type":"Feature","geometry":{"type":"LineString","coordinates":[[8.419887,49.997913],[8.419845,49.997976],[8.41959,49.998277]]},"properties":{"cls":"residential","name":"Frankfurter Straße"}},{"type":"Feature","geometry":{"type":"LineString","coordinates":[[8.41959,49.998277],[8.419518,49.998343]]},"properties":{"cls":"living_street","name":"Frankfurter Straße"}},{"type":"Feature","geometry":{"type":"LineString","coordinates":[[8.419886,49.998348],[8.419804,49.998464],[8.419905,49.998413]]},"properties":{"cls":"path"}},{"type":"Feature","geometry":{"type":"LineString","coordinates":[[8.419937,49.998295],[8.419886,49.998348]]},"properties":{"cls":"steps"}},{"type":"Feature","geometry":{"type":"LineString","coordinates":[[8.420167,49.998025],[8.420121,49.998073],[8.419916,49.998288]]},"properties":{"cls":"service"}},{"type":"Feature","geometry":{"type":"LineString","coordinates":[[8.420034,49.9975],[8.419933,49.997843],[8.419887,49.997913]]},"properties":{"cls":"residential","name":"Weinbergstraße"}},{"type":"Feature","geometry":{"type":"LineString","coordinates":[[8.418916,49.9975],[8.419159,49.997612],[8.419548,49.997781],[8.419887,49.997913]]},"properties":{"cls":"secondary","name":"Frankfurter Straße"}},{"type":"Feature","geometry":{"type":"LineString","coordinates":[[8.421979,49.998354],[8.421982,49.998301],[8.422216,49.9975]]},"properties":{"cls":"residential","name":"Goethestraße"}},{"type":"Feature","geometry":{"type":"LineString","coordinates":[[8.421979,49.998354],[8.422297,49.998372]]},"properties":{"cls":"secondary","name":"Schillerstraße"}},{"type":"Feature","geometry":{"type":"LineString","coordinates":[[8.422221,49.998712],[8.421971,49.998647]]},"properties":{"cls":"secondary","name":"Frankfurter Straße"}},{"type":"Feature","geometry":{"type":"LineString","coordinates":[[8.421979,49.998409],[8.42198,49.998437],[8.422026,49.998462],[8.422031,49.9985],[8.422003,49.998536],[8.421951,49.998593],[8.421971,49.998647],[8.422012,49.99877],[8.421977,49.998909],[8.422073,49.999613],[8.422195,49.999742]]},"properties":{"cls":"path"}},{"type":"Feature","geometry":{"type":"LineString","coordinates":[[8.422221,49.998712],[8.422297,49.998372]]},"properties":{"cls":"residential","name":"Seckendorffplatz"}},{"type":"Feature","geometry":{"type":"LineString","coordinates":[[8.422861,49.99887],[8.422317,49.998736],[8.422221,49.998712]]},"properties":{"cls":"secondary","name":"Frankfurter Straße"}},{"type":"Feature","geometry":{"type":"LineString","coordinates":[[8.422427,49.999445],[8.422821,49.998949],[8.422861,49.99887]]},"properties":{"cls":"residential","name":"Stresemannanlage"}},{"type":"Feature","geometry":{"type":"LineString","coordinates":[[8.422297,49.998372],[8.422808,49.998397],[8.423179,49.9984]]},"properties":{"cls":"secondary","name":"Schillerstraße"}},{"type":"Feature","geometry":{"type":"LineString","coordinates":[[8.423179,49.9984],[8.423207,49.9975]]},"properties":{"cls":"residential","name":"Uhlandstraße"}},{"type":"Feature","geometry":{"type":"LineString","coordinates":[[8.4235,49.999031],[8.423251,49.998967],[8.422861,49.99887]]},"properties":{"cls":"secondary","name":"Frankfurter Straße"}},{"type":"Feature","geometry":{"type":"LineString","coordinates":[[8.423379,49.998754],[8.423251,49.998967]]},"properties":{"cls":"service"}},{"type":"Feature","geometry":{"type":"LineString","coordinates":[[8.4235,49.999831],[8.422427,49.999445]]},"properties":{"cls":"residential","name":"An den Fichten"}},{"type":"Feature","geometry":{"type":"LineString","coordinates":[[8.4235,50.000761],[8.423385,50.000684],[8.423098,50.000462],[8.422513,50.000019],[8.422179,49.999763],[8.422195,49.999742],[8.422427,49.999445]]},"properties":{"cls":"residential","name":"Am Sommerdamm"}},{"type":"Feature","geometry":{"type":"LineString","coordinates":[[8.4235,50.000844],[8.423052,50.000523],[8.422145,49.999854]]},"properties":{"cls":"footway"}},{"type":"Feature","geometry":{"type":"LineString","coordinates":[[8.422513,50.000019],[8.422145,49.999854]]},"properties":{"cls":"path"}},{"type":"Feature","geometry":{"type":"LineString","coordinates":[[8.420656,50.000796],[8.420807,50.000707],[8.42132,50.000405],[8.421475,50.000489],[8.422054,50.000126],[8.422146,50.000105],[8.422232,50.000114],[8.422304,50.000144],[8.423279,50.000846],[8.4235,50.001]]},"properties":{"cls":"service"}},{"type":"Feature","geometry":{"type":"LineString","coordinates":[[8.421475,50.000489],[8.420894,50.000781]]},"properties":{"cls":"footway"}},{"type":"Feature","geometry":{"type":"LineString","coordinates":[[8.421385,49.999221],[8.421516,49.99927],[8.421661,49.999255]]},"properties":{"cls":"path"}},{"type":"Feature","geometry":{"type":"LineString","coordinates":[[8.422145,49.999854],[8.421458,49.999352],[8.42138,49.999313],[8.421333,49.99929]]},"properties":{"cls":"path"}},{"type":"Feature","geometry":{"type":"LineString","coordinates":[[8.421977,49.998909],[8.421651,49.999192],[8.421661,49.999255]]},"properties":{"cls":"path"}},{"type":"Feature","geometry":{"type":"LineString","coordinates":[[8.421971,49.998647],[8.421906,49.998721],[8.421534,49.999056],[8.421418,49.999176],[8.421385,49.999221],[8.421333,49.99929]]},"properties":{"cls":"residential","name":"Stresemannanlage"}},{"type":"Feature","geometry":{"type":"LineString","coordinates":[[8.421979,49.998401],[8.421979,49.998409]]},"properties":{"cls":"steps"}},{"type":"Feature","geometry":{"type":"LineString","coordinates":[[8.421979,49.998354],[8.421979,49.998401]]},"properties":{"cls":"path"}},{"type":"Feature","geometry":{"type":"LineString","coordinates":[[8.421029,49.998286],[8.421742,49.998343],[8.421979,49.998354]]},"properties":{"cls":"secondary","name":"Schillerstraße"}},{"type":"Feature","geometry":{"type":"LineString","coordinates":[[8.421029,49.998286],[8.421041,49.998223],[8.421236,49.9975]]},"properties":{"cls":"residential","name":"Alte Kirchstraße"}},{"type":"Feature","geometry":{"type":"LineString","coordinates":[[8.421971,49.998647],[8.421496,49.998511],[8.421093,49.998375]]},"properties":{"cls":"secondary","name":"Frankfurter Straße"}},{"type":"Feature","geometry":{"type":"LineString","coordinates":[[8.421093,49.998375],[8.421057,49.998348],[8.421038,49.998327],[8.421031,49.998307],[8.42103,49.998298],[8.421029,49.998286]]},"properties":{"cls":"secondary","name":"Frankfurter Straße"}},{"type":"Feature","geometry":{"type":"LineString","coordinates":[[8.421093,49.998375],[8.420784,49.998269]]},"properties":{"cls":"secondary","name":"Frankfurter Straße"}},{"type":"Feature","geometry":{"type":"LineString","coordinates":[[8.420784,49.998269],[8.421029,49.998286]]},"properties":{"cls":"secondary","name":"Schillerstraße"}},{"type":"Feature","geometry":{"type":"LineString","coordinates":[[8.419887,49.997913],[8.420167,49.998025],[8.420465,49.998139],[8.420784,49.998269]]},"properties":{"cls":"secondary","name":"Frankfurter Straße"}},{"type":"Feature","geometry":{"type":"LineString","coordinates":[[8.420502,49.99924],[8.420476,49.999238]]},"properties":{"cls":"path"}},{"type":"Feature","geometry":{"type":"LineString","coordinates":[[8.420442,49.999364],[8.42045,49.999415],[8.420534,49.999542]]},"properties":{"cls":"steps"}},{"type":"Feature","geometry":{"type":"LineString","coordinates":[[8.420502,49.99924],[8.420518,49.999242]]},"properties":{"cls":"steps"}},{"type":"Feature","geometry":{"type":"LineString","coordinates":[[8.420554,49.999246],[8.420518,49.999242]]},"properties":{"cls":"path"}},{"type":"Feature","geometry":{"type":"LineString","coordinates":[[8.420664,49.99925],[8.420587,49.999249],[8.420554,49.999246]]},"properties":{"cls":"steps"}},{"type":"Feature","geometry":{"type":"LineString","coordinates":[[8.421333,49.99929],[8.421286,49.999307],[8.421238,49.999316],[8.421196,49.999313],[8.421139,49.999299],[8.42103,49.999256],[8.420901,49.999239]]},"properties":{"cls":"living_street","name":"An der Festung"}},{"type":"Feature","geometry":{"type":"LineString","coordinates":[[8.421333,49.99929],[8.421235,49.999446],[8.421215,49.999491],[8.421167,49.999589],[8.420798,49.999851]]},"properties":{"cls":"service"}},{"type":"Feature","geometry":{"type":"LineString","coordinates":[[8.421235,49.999446],[8.42117,49.999462],[8.420651,49.999832],[8.420389,50.000053],[8.42,50.000369],[8.419915,50.000422],[8.419731,50.000535],[8.419593,50.000602],[8.419514,50.000624],[8.419367,50.000646]]},"properties":{"cls":"path"}},{"type":"Feature","geometry":{"type":"LineString","coordinates":[[8.420807,50.000707],[8.420894,50.000781],[8.420779,50.000841],[8.420775,50.000943],[8.420277,50.001211]]},"properties":{"cls":"service"}},{"type":"Feature","geometry":{"type":"LineString","coordinates":[[8.422887,50.003555],[8.422371,50.003135],[8.421854,50.002726],[8.421437,50.002357],[8.420972,50.00198],[8.420432,50.001538],[8.420091,50.001253],[8.419455,50.000713],[8.419367,50.000646]]},"properties":{"cls":"track"}},{"type":"Feature","geometry":{"type":"LineString","coordinates":[[8.423271,50.004489],[8.422633,50.004743],[8.422006,50.005006],[8.421466,50.005241],[8.420927,50.005484],[8.420213,50.005831],[8.419838,50.00602],[8.419524,50.006185],[8.419269,50.006334],[8.419002,50.006507],[8.418746,50.006689],[8.418502,50.006878],[8.41827,50.007072],[8.41805,50.007273]]},"properties":{"cls":"primary"}},{"type":"Feature","geometry":{"type":"LineString","coordinates":[[8.419997,50.006661],[8.420424,50.006257],[8.420705,50.006083],[8.420817,50.00603]]},"properties":{"cls":"path"}},{"type":"Feature","geometry":{"type":"LineString","coordinates":[[8.421712,50.006695],[8.421529,50.006788],[8.421335,50.006896],[8.421243,50.006947]]},"properties":{"cls":"footway"}},{"type":"Feature","geometry":{"type":"LineString","coordinates":[[8.420817,50.00603],[8.421712,50.006695],[8.421968,50.006869]]},"properties":{"cls":"path"}},{"type":"Feature","geometry":{"type":"LineString","coordinates":[[8.418829,50.00638],[8.419356,50.006058],[8.419848,50.005806],[8.420232,50.005617],[8.420781,50.005358],[8.420997,50.005256],[8.421628,50.00498],[8.422091,50.004779],[8.422861,50.004466],[8.423163,50.004338],[8.423305,50.004266],[8.423469,50.004173],[8.4235,50.004147]]},"properties":{"cls":"path"}},{"type":"Feature","geometry":{"type":"LineString","coordinates":[[8.422431,50.004179],[8.42251,50.004136],[8.422716,50.004051],[8.422858,50.003986],[8.422963,50.003927],[8.423051,50.003871]]},"properties":{"cls":"track"}},{"type":"Feature","geometry":{"type":"LineString","coordinates":[[8.422431,50.004179],[8.422472,50.004281],[8.422663,50.004502],[8.422922,50.004727]]},"properties":{"cls":"track"}},{"type":"Feature","geometry":{"type":"LineString","coordinates":[[8.423198,50.004133],[8.423055,50.003913],[8.423051,50.003871]]},"properties":{"cls":"track"}},{"type":"Feature","geometry":{"type":"LineString","coordinates":[[8.423198,50.004133],[8.423334,50.004083],[8.423469,50.003999],[8.4235,50.003992]]},"properties":{"cls":"steps"}},{"type":"Feature","geometry":{"type":"LineString","coordinates":[[8.4235,50.004503],[8.423198,50.004133]]},"properties":{"cls":"track"}},{"type":"Feature","geometry":{"type":"LineString","coordinates":[[8.423341,50.003548],[8.423212,50.003457],[8.423122,50.003392]]},"properties":{"cls":"service"}},{"type":"Feature","geometry":{"type":"LineString","coordinates":[[8.423324,50.003734],[8.423101,50.003864],[8.423051,50.003871]]},"properties":{"cls":"service"}},{"type":"Feature","geometry":{"type":"LineString","coordinates":[[8.423051,50.003871],[8.422896,50.003609],[8.422887,50.003555]]},"properties":{"cls":"service"}},{"type":"Feature","geometry":{"type":"LineString","coordinates":[[8.422676,50.001728],[8.423469,50.00133],[8.4235,50.001321]]},"properties":{"cls":"residential","name":"Am Sommerdamm"}},{"type":"Feature","geometry":{"type":"LineString","coordinates":[[8.423237,50.004401],[8.4235,50.004239]]},"properties":{"cls":"trunk"}},{"type":"Feature","geometry":{"type":"LineString","coordinates":[[8.422887,50.003555],[8.423122,50.003392],[8.423437,50.003175],[8.4235,50.003134]]},"properties":{"cls":"service","name":"Außerhalb an der Opelbrücke"}},{"type":"Feature","geometry":{"type":"LineString","coordinates":[[8.423237,50.004401],[8.4235,50.004317]]},"properties":{"cls":"primary"}},{"type":"Feature","geometry":{"type":"LineString","coordinates":[[8.4235,50.004412],[8.423271,50.004489]]},"properties":{"cls":"primary"}},{"type":"Feature","geometry":{"type":"LineString","coordinates":[[8.422922,50.004727],[8.422982,50.004962],[8.423175,50.005143],[8.423431,50.00537],[8.4235,50.005428]]},"properties":{"cls":"path"}},{"type":"Feature","geometry":{"type":"LineString","coordinates":[[8.422922,50.004727],[8.4235,50.00516]]},"properties":{"cls":"track"}},{"type":"Feature","geometry":{"type":"LineString","coordinates":[[8.4235,50.00445],[8.423491,50.004451],[8.423271,50.004489]]},"properties":{"cls":"trunk"}},{"type":"Feature","geometry":{"type":"LineString","coordinates":[[8.423179,49.9984],[8.4235,49.998401]]},"properties":{"cls":"secondary","name":"Schillerstraße"}},{"type":"Feature","geometry":{"type":"LineString","coordinates":[[8.423365,50.010582],[8.42335,50.010628],[8.423371,50.010669],[8.423459,50.010728],[8.4235,50.010755]]},"properties":{"cls":"residential","name":"Eisenbahnstraße"}},{"type":"Feature","geometry":{"type":"LineString","coordinates":[[8.4235,50.011991],[8.423487,50.012]]},"properties":{"cls":"service"}},{"type":"Feature","geometry":{"type":"LineString","coordinates":[[8.4235,50.011255],[8.42335,50.011135],[8.422737,50.011558]]},"properties":{"cls":"service","name":"Jahnstraße"}},{"type":"Feature","geometry":{"type":"LineString","coordinates":[[8.4235,50.011688],[8.423223,50.011871]]},"properties":{"cls":"service"}},{"type":"Feature","geometry":{"type":"LineString","coordinates":[[8.4235,50.01138],[8.422985,50.011718]]},"properties":{"cls":"service"}},{"type":"Feature","geometry":{"type":"LineString","coordinates":[[8.423424,50.012],[8.423223,50.011871],[8.422985,50.011718],[8.422737,50.011558],[8.422353,50.011317]]},"properties":{"cls":"residential","name":"Jahnstraße"}},{"type":"Feature","geometry":{"type":"LineString","coordinates":[[8.422099,50.011852],[8.422237,50.01193],[8.422379,50.011833]]},"properties":{"cls":"footway"}},{"type":"Feature","geometry":{"type":"LineString","coordinates":[[8.421998,50.011784],[8.422099,50.011852]]},"properties":{"cls":"steps"}},{"type":"Feature","geometry":{"type":"LineString","coordinates":[[8.422348,50.011566],[8.422172,50.01145]]},"properties":{"cls":"living_street"}},{"type":"Feature","geometry":{"type":"LineString","coordinates":[[8.422564,50.011704],[8.422379,50.011833]]},"properties":{"cls":"steps"}},{"type":"Feature","geometry":{"type":"LineString","coordinates":[[8.422348,50.011566],[8.422564,50.011704],[8.423027,50.012]]},"properties":{"cls":"living_street"}},{"type":"Feature","geometry":{"type":"LineString","coordinates":[[8.422732,50.011013],[8.423017,50.010801]]},"properties":{"cls":"steps"}},{"type":"Feature","geometry":{"type":"LineString","coordinates":[[8.422732,50.011013],[8.422353,50.011317]]},"properties":{"cls":"path"}},{"type":"Feature","geometry":{"type":"LineString","coordinates":[[8.422353,50.011317],[8.422172,50.01145]]},"properties":{"cls":"residential","name":"Kapellenstraße"}},{"type":"Feature","geometry":{"type":"LineString","coordinates":[[8.421673,50.010442],[8.422709,50.010532]]},"properties":{"cls":"residential","name":"Alte Hochheimer Straße"}},{"type":"Feature","geometry":{"type":"LineString","coordinates":[[8.422898,50.010249],[8.423128,50.010074]]},"properties":{"cls":"residential","name":"Bleichstraße"}},{"type":"Feature","geometry":{"type":"LineString","coordinates":[[8.423058,50.010542],[8.423365,50.010582]]},"properties":{"cls":"service"}},{"type":"Feature","geometry":{"type":"LineString","coordinates":[[8.423017,50.010801],[8.423229,50.010639]]},"properties":{"cls":"footway"}},{"type":"Feature","geometry":{"type":"LineString","coordinates":[[8.42335,50.011135],[8.423017,50.010908]]},"properties":{"cls":"service"}},{"type":"Feature","geometry":{"type":"LineString","coordinates":[[8.423229,50.010639],[8.423403,50.010749],[8.423459,50.010728]]},"properties":{"cls":"steps"}},{"type":"Feature","geometry":{"type":"LineString","coordinates":[[8.423365,50.010582],[8.4235,50.010485]]},"properties":{"cls":"residential","name":"Hochheimer Straße"}},{"type":"Feature","geometry":{"type":"LineString","coordinates":[[8.4235,50.010271],[8.423128,50.010074]]},"properties":{"cls":"residential","name":"Bleichstraße"}},{"type":"Feature","geometry":{"type":"LineString","coordinates":[[8.423246,50.009014],[8.4235,50.009206]]},"properties":{"cls":"primary","name":"Hauptstraße"}},{"type":"Feature","geometry":{"type":"LineString","coordinates":[[8.423128,50.010074],[8.4235,50.009799]]},"properties":{"cls":"residential","name":"Bleichstraße"}},{"type":"Feature","geometry":{"type":"LineString","coordinates":[[8.422578,50.008539],[8.423033,50.008858],[8.423084,50.008896],[8.423246,50.009014]]},"properties":{"cls":"primary","name":"Hauptstraße"}},{"type":"Feature","geometry":{"type":"LineString","coordinates":[[8.423264,50.008578],[8.422898,50.008329]]},"properties":{"cls":"service","name":"Landsbergerstraße"}},{"type":"Feature","geometry":{"type":"LineString","coordinates":[[8.4235,50.008848],[8.423246,50.009014]]},"properties":{"cls":"residential","name":"Dr.-Max-Schohl-Straße"}},{"type":"Feature","geometry":{"type":"LineString","coordinates":[[8.421968,50.006869],[8.423173,50.007705],[8.4235,50.007926]]},"properties":{"cls":"residential","name":"Konrad-Adenauer-Ufer"}},{"type":"Feature","geometry":{"type":"LineString","coordinates":[[8.422578,50.008539],[8.422898,50.008329],[8.423172,50.008157],[8.4235,50.00835]]},"properties":{"cls":"residential","name":"Landsbergerstraße"}},{"type":"Feature","geometry":{"type":"LineString","coordinates":[[8.422253,50.008221],[8.422697,50.007955]]},"properties":{"cls":"path"}},{"type":"Feature","geometry":{"type":"LineString","coordinates":[[8.422186,50.008154],[8.422253,50.008221],[8.422512,50.008475],[8.422578,50.008539]]},"properties":{"cls":"primary","name":"Hauptstraße"}},{"type":"Feature","geometry":{"type":"LineString","coordinates":[[8.422057,50.009504],[8.423033,50.008858]]},"properties":{"cls":"service","name":"Albanusstraße"}},{"type":"Feature","geometry":{"type":"LineString","coordinates":[[8.421098,50.009986],[8.421478,50.009733]]},"properties":{"cls":"service"}},{"type":"Feature","geometry":{"type":"LineString","coordinates":[[8.421387,50.009211],[8.421658,50.009139],[8.422578,50.008539]]},"properties":{"cls":"service","name":"Urbanstraße"}},{"type":"Feature","geometry":{"type":"LineString","coordinates":[[8.421664,50.007861],[8.42176,50.007982],[8.421939,50.008127],[8.421949,50.008158],[8.422012,50.008235],[8.422108,50.008321]]},"properties":{"cls":"footway"}},{"type":"Feature","geometry":{"type":"LineString","coordinates":[[8.421585,50.007551],[8.421758,50.007432],[8.421862,50.007359]]},"properties":{"cls":"service","name":"Urbanusplatz"}},{"type":"Feature","geometry":{"type":"LineString","coordinates":[[8.421758,50.007432],[8.421303,50.007157],[8.42115,50.00726]]},"properties":{"cls":"service","name":"Urbanusplatz"}},{"type":"Feature","geometry":{"type":"LineString","coordinates":[[8.421303,50.007157],[8.421293,50.007063],[8.421335,50.006896]]},"properties":{"cls":"footway"}},{"type":"Feature","geometry":{"type":"LineString","coordinates":[[8.421389,50.007418],[8.421304,50.007475],[8.421221,50.007528]]},"properties":{"cls":"service"}},{"type":"Feature","geometry":{"type":"LineString","coordinates":[[8.421664,50.007861],[8.421221,50.007528],[8.420806,50.007217]]},"properties":{"cls":"service"}},{"type":"Feature","geometry":{"type":"LineString","coordinates":[[8.421243,50.006947],[8.420946,50.007131]]},"properties":{"cls":"steps"}},{"type":"Feature","geometry":{"type":"LineString","coordinates":[[8.420412,50.007206],[8.42075,50.007463],[8.420708,50.007536],[8.420572,50.007522],[8.420266,50.007316]]},"properties":{"cls":"service"}},{"type":"Feature","geometry":{"type":"LineString","coordinates":[[8.420266,50.007316],[8.420412,50.007206],[8.420699,50.006982]]},"properties":{"cls":"service"}},{"type":"Feature","geometry":{"type":"LineString","coordinates":[[8.419365,50.009248],[8.419829,50.009138],[8.420292,50.009008],[8.420537,50.008934],[8.42076,50.008861],[8.420824,50.008841],[8.421284,50.008654],[8.422012,50.008235],[8.422186,50.008154]]},"properties":{"cls":"primary"}},{"type":"Feature","geometry":{"type":"LineString","coordinates":[[8.421284,50.008654],[8.421228,50.008719],[8.421203,50.008742],[8.421166,50.008762],[8.420732,50.008949],[8.420701,50.008961],[8.420667,50.008972],[8.420289,50.009083]]},"properties":{"cls":"footway"}},{"type":"Feature","geometry":{"type":"LineString","coordinates":[[8.419684,50.009788],[8.420292,50.009469],[8.420345,50.009443],[8.420431,50.009458],[8.421098,50.009986],[8.421673,50.010442]]},"properties":{"cls":"residential","name":"Alte Hochheimer Straße"}},{"type":"Feature","geometry":{"type":"LineString","coordinates":[[8.420289,50.009083],[8.42029,50.009243],[8.420292,50.009469]]},"properties":{"cls":"steps"}},{"type":"Feature","geometry":{"type":"LineString","coordinates":[[8.420384,50.010497],[8.420384,50.010637],[8.420892,50.010634]]},"properties":{"cls":"service"}},{"type":"Feature","geometry":{"type":"LineString","coordinates":[[8.420384,50.010637],[8.420369,50.010676],[8.420369,50.010774],[8.420486,50.011119]]},"properties":{"cls":"footway"}},{"type":"Feature","geometry":{"type":"LineString","coordinates":[[8.420977,50.010505],[8.420978,50.010711],[8.420801,50.010819],[8.420779,50.011212],[8.420405,50.011255]]},"properties":{"cls":"footway"}},{"type":"Feature","geometry":{"type":"LineString","coordinates":[[8.421311,50.010604],[8.421234,50.010556],[8.421141,50.010519],[8.421048,50.010506],[8.420977,50.010505],[8.420878,50.010506],[8.420384,50.010497],[8.42026,50.010508],[8.420148,50.01055]]},"properties":{"cls":"residential","name":"Kreuzweg"}},{"type":"Feature","geometry":{"type":"LineString","coordinates":[[8.421673,50.010442],[8.421477,50.010537],[8.421311,50.010604]]},"properties":{"cls":"residential","name":"Am Untertor"}},{"type":"Feature","geometry":{"type":"LineString","coordinates":[[8.421311,50.010604],[8.421352,50.010644],[8.421408,50.010698],[8.422353,50.011317]]},"properties":{"cls":"residential","name":"Am Untertor"}},{"type":"Feature","geometry":{"type":"LineString","coordinates":[[8.421352,50.010644],[8.421359,50.011002],[8.421463,50.011006],[8.421466,50.011336]]},"properties":{"cls":"path"}},{"type":"Feature","geometry":{"type":"LineString","coordinates":[[8.421564,50.011918],[8.421388,50.012]]},"properties":{"cls":"footway"}},{"type":"Feature","geometry":{"type":"LineString","coordinates":[[8.421479,50.011892],[8.421239,50.012]]},"properties":{"cls":"residential","name":"Kapellenstraße"}},{"type":"Feature","geometry":{"type":"LineString","coordinates":[[8.421006,50.011992],[8.421083,50.01198],[8.421251,50.011947],[8.421479,50.011892]]},"properties":{"cls":"residential","name":"Kapellenstraße"}},{"type":"Feature","geometry":{"type":"LineString","coordinates":[[8.422172,50.01145],[8.421936,50.0116],[8.42173,50.011732],[8.421479,50.011892]]},"properties":{"cls":"residential","name":"Kapellenstraße"}},{"type":"Feature","geometry":{"type":"LineString","coordinates":[[8.421479,50.011892],[8.421564,50.011918],[8.421728,50.011952],[8.421998,50.011784],[8.422348,50.011566]]},"properties":{"cls":"living_street"}},{"type":"Feature","geometry":{"type":"LineString","coordinates":[[8.421684,50.012],[8.421728,50.011952]]},"properties":{"cls":"footway"}},{"type":"Feature","geometry":{"type":"LineString","coordinates":[[8.420832,50.011949],[8.420891,50.011949],[8.420924,50.011954],[8.420955,50.011964],[8.420982,50.011976],[8.421006,50.011992]]},"properties":{"cls":"residential","name":"Pérols-Kreisel"}},{"type":"Feature","geometry":{"type":"LineString","coordinates":[[8.421006,50.011992],[8.421014,50.012]]},"properties":{"cls":"residential","name":"Pérols-Kreisel"}},{"type":"Feature","geometry":{"type":"LineString","coordinates":[[8.420579,50.011593],[8.420832,50.011949]]},"properties":{"cls":"unclassified","name":"Bürgermeister-Lauck-Straße"}},{"type":"Feature","geometry":{"type":"LineString","coordinates":[[8.420707,50.012],[8.420715,50.011992]]},"properties":{"cls":"residential","name":"Pérols-Kreisel"}},{"type":"Feature","geometry":{"type":"LineString","coordinates":[[8.420715,50.011992],[8.420741,50.011975],[8.420771,50.011962],[8.420832,50.011949]]},"properties":{"cls":"residential","name":"Pérols-Kreisel"}},{"type":"Feature","geometry":{"type":"LineString","coordinates":[[8.420715,50.011992],[8.420579,50.011593]]},"properties":{"cls":"unclassified","name":"Bürgermeister-Lauck-Straße"}},{"type":"Feature","geometry":{"type":"LineString","coordinates":[[8.420486,50.011383],[8.420011,50.011442],[8.420076,50.011652],[8.420579,50.011593]]},"properties":{"cls":"service"}},{"type":"Feature","geometry":{"type":"LineString","coordinates":[[8.378057,49.9812],[8.379745,49.980511]]},"properties":{"cls":"service","name":"Am Alten Gerauer Weg"}},{"type":"Feature","geometry":{"type":"LineString","coordinates":[[8.376,49.979893],[8.376161,49.980225],[8.376356,49.98055],[8.376723,49.981013],[8.37685,49.9812]]},"properties":{"cls":"path"}},{"type":"Feature","geometry":{"type":"LineString","coordinates":[[8.377941,49.9812],[8.377858,49.981128],[8.377726,49.980994]]},"properties":{"cls":"service"}},{"type":"Feature","geometry":{"type":"LineString","coordinates":[[8.37938,49.980047],[8.379257,49.980072],[8.379209,49.980081],[8.379171,49.980074],[8.3791,49.979988],[8.378921,49.979775],[8.378856,49.979727],[8.378752,49.979659],[8.378672,49.979601],[8.378166,49.978889],[8.378138,49.978876],[8.378115,49.97887],[8.37808,49.978868],[8.377836,49.978943],[8.377235,49.979208],[8.376679,49.979441],[8.376633,49.979482],[8.376628,49.979522],[8.37666,49.97962],[8.376698,49.979682],[8.377726,49.980994]]},"properties":{"cls":"service"}},{"type":"Feature","geometry":{"type":"LineString","coordinates":[[8.377367,49.977753],[8.377292,49.977787],[8.376,49.978374]]},"properties":{"cls":"track"}},{"type":"Feature","geometry":{"type":"LineString","coordinates":[[8.378012,49.977466],[8.377646,49.977116],[8.377574,49.977047],[8.377873,49.976913],[8.37808,49.977017],[8.378377,49.977304]]},"properties":{"cls":"service"}},{"type":"Feature","geometry":{"type":"LineString","coordinates":[[8.3779,49.976348],[8.377887,49.976382],[8.377861,49.976427],[8.37785,49.976432],[8.377073,49.976769],[8.377125,49.97682]]},"properties":{"cls":"service"}},{"type":"Feature","geometry":{"type":"LineString","coordinates":[[8.3763,49.9772],[8.37674,49.976998],[8.377125,49.97682],[8.377259,49.976954],[8.376378,49.977352]]},"properties":{"cls":"service"}},{"type":"Feature","geometry":{"type":"LineString","coordinates":[[8.37674,49.976998],[8.377044,49.976624],[8.377581,49.976383],[8.377619,49.976333],[8.377631,49.976305]]},"properties":{"cls":"service"}},{"type":"Feature","geometry":{"type":"LineString","coordinates":[[8.376447,49.976771],[8.376604,49.976929]]},"properties":{"cls":"service"}},{"type":"Feature","geometry":{"type":"LineString","coordinates":[[8.377044,49.976431],[8.376828,49.976607],[8.376447,49.976771],[8.376116,49.976915]]},"properties":{"cls":"service"}},{"type":"Feature","geometry":{"type":"LineString","coordinates":[[8.376378,49.977352],[8.3763,49.9772]]},"properties":{"cls":"service"}},{"type":"Feature","geometry":{"type":"LineString","coordinates":[[8.376,49.976738],[8.376116,49.976915],[8.376224,49.977081]]},"properties":{"cls":"service"}},{"type":"Feature","geometry":{"type":"LineString","coordinates":[[8.377471,49.975341],[8.376723,49.975673]]},"properties":{"cls":"secondary"}},{"type":"Feature","geometry":{"type":"LineString","coordinates":[[8.376723,49.975673],[8.376539,49.975754],[8.37633,49.975845]]},"properties":{"cls":"secondary"}},{"type":"Feature","geometry":{"type":"LineString","coordinates":[[8.37633,49.975845],[8.376468,49.975963],[8.376482,49.975975],[8.37657,49.976036],[8.376629,49.97607]]},"properties":{"cls":"tertiary","name":"Am Schindberg"}},{"type":"Feature","geometry":{"type":"LineString","coordinates":[[8.376723,49.975673],[8.376656,49.975793],[8.376642,49.975839],[8.376628,49.975878],[8.376615,49.975992],[8.376629,49.97607]]},"properties":{"cls":"tertiary","name":"Am Schindberg"}},{"type":"Feature","geometry":{"type":"LineString","coordinates":[[8.376,49.976307],[8.376267,49.976193],[8.376352,49.976244],[8.376433,49.976288],[8.376539,49.976328],[8.376698,49.976369],[8.377044,49.976431]]},"properties":{"cls":"service"}},{"type":"Feature","geometry":{"type":"LineString","coordinates":[[8.377149,49.97622],[8.377044,49.976431]]},"properties":{"cls":"service"}},{"type":"Feature","geometry":{"type":"LineString","coordinates":[[8.377744,49.975801],[8.377272,49.976113],[8.37722,49.976124],[8.37708,49.976101],[8.376993,49.976068],[8.376898,49.975978],[8.376887,49.975938],[8.376922,49.97589],[8.37748,49.975655]]},"properties":{"cls":"service"}},{"type":"Feature","geometry":{"type":"LineString","coordinates":[[8.377446,49.976273],[8.377471,49.976227],[8.377681,49.976054],[8.377891,49.975881]]},"properties":{"cls":"service"}},{"type":"Feature","geometry":{"type":"LineString","coordinates":[[8.37785,49.976432],[8.378087,49.976616]]},"properties":{"cls":"service"}},{"type":"Feature","geometry":{"type":"LineString","coordinates":[[8.376629,49.97607],[8.376717,49.976113],[8.37684,49.976155],[8.376967,49.976188],[8.377149,49.97622],[8.377446,49.976273],[8.377631,49.976305],[8.3779,49.976348],[8.378148,49.976382],[8.378673,49.97645],[8.378953,49.976503],[8.379169,49.976565],[8.37937,49.976642],[8.379609,49.976756]]},"properties":{"cls":"tertiary","name":"Am Schindberg"}},{"type":"Feature","geometry":{"type":"LineString","coordinates":[[8.377681,49.976054],[8.377936,49.97619],[8.378097,49.976071],[8.378235,49.976094]]},"properties":{"cls":"service"}},{"type":"Feature","geometry":{"type":"LineString","coordinates":[[8.377891,49.975881],[8.37798,49.975884],[8.378251,49.976023]]},"properties":{"cls":"service"}},{"type":"Feature","geometry":{"type":"LineString","coordinates":[[8.37837,49.975931],[8.377636,49.975536]]},"properties":{"cls":"service"}},{"type":"Feature","geometry":{"type":"LineString","coordinates":[[8.377783,49.975417],[8.378521,49.975815]]},"properties":{"cls":"service"}},{"type":"Feature","geometry":{"type":"LineString","coordinates":[[8.377891,49.975881],[8.377744,49.975801],[8.37748,49.975655]]},"properties":{"cls":"service"}},{"type":"Feature","geometry":{"type":"LineString","coordinates":[[8.37748,49.975655],[8.377367,49.975592]]},"properties":{"cls":"unknown"}},{"type":"Feature","geometry":{"type":"LineString","coordinates":[[8.377828,49.975184],[8.377709,49.975236],[8.377471,49.975341]]},"properties":{"cls":"secondary"}},{"type":"Feature","geometry":{"type":"LineString","coordinates":[[8.377471,49.975341],[8.377561,49.975161],[8.377586,49.975071],[8.377582,49.974984],[8.377541,49.974866]]},"properties":{"cls":"motorway"}},{"type":"Feature","geometry":{"type":"LineString","coordinates":[[8.377828,49.975184],[8.377541,49.974866]]},"properties":{"cls":"motorway"}},{"type":"Feature","geometry":{"type":"LineString","coordinates":[[8.377704,49.97488],[8.377825,49.975006],[8.377947,49.975132]]},"properties":{"cls":"motorway"}},{"type":"Feature","geometry":{"type":"LineString","coordinates":[[8.377947,49.975132],[8.377828,49.975184]]},"properties":{"cls":"secondary"}},{"type":"Feature","geometry":{"type":"LineString","coordinates":[[8.378365,49.975301],[8.378343,49.975315],[8.378321,49.975328],[8.378292,49.975344],[8.378261,49.975357],[8.378229,49.975365],[8.378182,49.975375],[8.378129,49.975377],[8.378083,49.975371],[8.378041,49.975358],[8.377963,49.97531],[8.377828,49.975184]]},"properties":{"cls":"residential","name":"Neben dem Mühlweg"}},{"type":"Feature","geometry":{"type":"LineString","coordinates":[[8.377947,49.975132],[8.378104,49.975292],[8.378125,49.975307],[8.378145,49.975317],[8.378172,49.975324],[8.378202,49.975328],[8.378232,49.97533],[8.378266,49.975327],[8.378303,49.975321],[8.378331,49.975313],[8.378365,49.975301]]},"properties":{"cls":"residential","name":"Neben dem Mühlweg"}},{"type":"Feature","geometry":{"type":"LineString","coordinates":[[8.378354,49.974951],[8.378151,49.975041],[8.377947,49.975132]]},"properties":{"cls":"secondary"}},{"type":"Feature","geometry":{"type":"LineString","coordinates":[[8.377704,49.97488],[8.377971,49.974946],[8.378118,49.974964],[8.378242,49.974963],[8.378354,49.974951]]},"properties":{"cls":"motorway"}},{"type":"Feature","geometry":{"type":"LineString","coordinates":[[8.377541,49.974866],[8.377367,49.974682],[8.376511,49.973892],[8.376351,49.973749],[8.376216,49.973659],[8.37604,49.97358],[8.376,49.97357]]},"properties":{"cls":"motorway"}},{"type":"Feature","geometry":{"type":"LineString","coordinates":[[8.378422,49.973307],[8.378181,49.973367],[8.37763,49.973436],[8.377354,49.973487],[8.377157,49.973549],[8.377011,49.973626],[8.376901,49.973728],[8.376833,49.973831],[8.376806,49.973942],[8.376821,49.974029],[8.376866,49.974128],[8.376941,49.974218],[8.377091,49.974367],[8.377704,49.97488]]},"properties":{"cls":"motorway"}},{"type":"Feature","geometry":{"type":"LineString","coordinates":[[8.378422,49.973307],[8.376407,49.973409],[8.376,49.973437]]},"properties":{"cls":"motorway"}},{"type":"Feature","geometry":{"type":"LineString","coordinates":[[8.376,49.973192],[8.378747,49.972974]]},"properties":{"cls":"track"}},{"type":"Feature","geometry":{"type":"LineString","coordinates":[[8.378703,49.971948],[8.37829,49.97194],[8.377766,49.97179],[8.377196,49.971754],[8.376576,49.971647],[8.376,49.971501]]},"properties":{"cls":"track"}},{"type":"Feature","geometry":{"type":"LineString","coordinates":[[8.376558,49.971021],[8.376781,49.971261],[8.376996,49.971519],[8.377137,49.971685],[8.377196,49.971754],[8.377443,49.972053],[8.377559,49.972183],[8.377699,49.972281]]},"properties":{"cls":"track"}},{"type":"Feature","geometry":{"type":"LineString","coordinates":[[8.376781,49.971261],[8.377139,49.971269]]},"properties":{"cls":"path"}},{"type":"Feature","geometry":{"type":"LineString","coordinates":[[8.376,49.969424],[8.376009,49.969471],[8.376075,49.96978],[8.376238,49.970287],[8.3764,49.970835],[8.376558,49.971021]]},"properties":{"cls":"track"}},{"type":"Feature","geometry":{"type":"LineString","coordinates":[[8.376473,49.967344],[8.376263,49.967965],[8.376217,49.968155],[8.3762,49.968227]]},"properties":{"cls":"track"}},{"type":"Feature","geometry":{"type":"LineString","coordinates":[[8.3762,49.968227],[8.376179,49.96842],[8.376119,49.968628],[8.376018,49.968832],[8.376,49.968917]]},"properties":{"cls":"track"}},{"type":"Feature","geometry":{"type":"LineString","coordinates":[[8.376,49.96822],[8.3762,49.968227]]},"properties":{"cls":"track"}},{"type":"Feature","geometry":{"type":"LineString","coordinates":[[8.376,49.973357],[8.376429,49.973327],[8.378901,49.973172]]},"properties":{"cls":"motorway"}},{"type":"Feature","geometry":{"type":"LineString","coordinates":[[8.37633,49.975845],[8.376126,49.975936],[8.376,49.975992]]},"properties":{"cls":"secondary","name":"Darmstädter Straße"}},{"type":"Feature","geometry":{"type":"LineString","coordinates":[[8.37649,49.9672],[8.376473,49.967344]]},"properties":{"cls":"track"}},{"type":"Feature","geometry":{"type":"LineString","coordinates":[[8.381104,49.9672],[8.381456,49.967409],[8.381779,49.967572],[8.382152,49.967762]]},"properties":{"cls":"path"}},{"type":"Feature","geometry":{"type":"LineString","coordinates":[[8.386622,49.969289],[8.386584,49.969391],[8.38643,49.969462],[8.386383,49.969478],[8.386324,49.969499],[8.386224,49.969525],[8.386095,49.969541],[8.385955,49.969537],[8.385702,49.969509],[8.385374,49.969441],[8.384894,49.969341],[8.384361,49.969188],[8.384211,49.969138],[8.3841,49.969091],[8.383955,49.968989],[8.38377,49.968869],[8.383411,49.968638],[8.382851,49.968266],[8.382594,49.968109],[8.382067,49.967819],[8.381406,49.96748],[8.38117,49.967357],[8.381033,49.967275],[8.380894,49.967202],[8.380892,49.9672]]},"properties":{"cls":"footway"}},{"type":"Feature","geometry":{"type":"LineString","coordinates":[[8.378696,49.9672],[8.37864,49.967357],[8.378445,49.967907]]},"properties":{"cls":"path"}},{"type":"Feature","geometry":{"type":"LineString","coordinates":[[8.376473,49.967344],[8.377811,49.967722],[8.378388,49.967885],[8.378445,49.967907],[8.37861,49.96797],[8.378735,49.968017],[8.379391,49.968268],[8.379587,49.968396],[8.379778,49.968571],[8.380009,49.968699],[8.380582,49.968834],[8.381152,49.969005]]},"properties":{"cls":"track"}},{"type":"Feature","geometry":{"type":"LineString","coordinates":[[8.380636,49.969908],[8.3786,49.969781],[8.377322,49.969867],[8.376238,49.970287]]},"properties":{"cls":"track"}},{"type":"Feature","geometry":{"type":"LineString","coordinates":[[8.376558,49.971021],[8.377139,49.971269],[8.377436,49.971265],[8.377712,49.971247],[8.378058,49.971378],[8.378388,49.971513],[8.378487,49.971821],[8.378703,49.971948],[8.379434,49.97206],[8.379675,49.972105],[8.379828,49.972048],[8.38064,49.972223]]},"properties":{"cls":"track"}},{"type":"Feature","geometry":{"type":"LineString","coordinates":[[8.379828,49.972048],[8.379673,49.971798],[8.379355,49.971432],[8.378976,49.971151],[8.378852,49.970926],[8.3786,49.969781]]},"properties":{"cls":"track"}},{"type":"Feature","geometry":{"type":"LineString","coordinates":[[8.379134,49.968106],[8.379501,49.967714]]},"properties":{"cls":"service"}},{"type":"Feature","geometry":{"type":"LineString","coordinates":[[8.379463,49.967395],[8.378914,49.967309]]},"properties":{"cls":"service"}},{"type":"Feature","geometry":{"type":"LineString","coordinates":[[8.380093,49.967962],[8.380012,49.967995],[8.379587,49.968396]]},"properties":{"cls":"track"}},{"type":"Feature","geometry":{"type":"LineString","coordinates":[[8.380093,49.967962],[8.379501,49.967714],[8.379433,49.967627],[8.379413,49.967558],[8.379463,49.967395],[8.37954,49.9672]]},"properties":{"cls":"living_street","name":"Chattenring"}},{"type":"Feature","geometry":{"type":"LineString","coordinates":[[8.380406,49.967446],[8.380093,49.967962]]},"properties":{"cls":"living_street","name":"Chattenring"}},{"type":"Feature","geometry":{"type":"LineString","coordinates":[[8.380496,49.968154],[8.380332,49.968305]]},"properties":{"cls":"service"}},{"type":"Feature","geometry":{"type":"LineString","coordinates":[[8.380212,49.967217],[8.380262,49.9672]]},"properties":{"cls":"footway"}},{"type":"Feature","geometry":{"type":"LineString","coordinates":[[8.380406,49.967446],[8.380326,49.967339],[8.380212,49.967217]]},"properties":{"cls":"service"}},{"type":"Feature","geometry":{"type":"LineString","coordinates":[[8.381195,49.967779],[8.38102,49.967709],[8.380925,49.96777]]},"properties":{"cls":"footway"}},{"type":"Feature","geometry":{"type":"LineString","coordinates":[[8.380896,49.9672],[8.380894,49.967202],[8.380486,49.967359],[8.380406,49.967446]]},"properties":{"cls":"footway","name":"Chattenring"}},{"type":"Feature","geometry":{"type":"LineString","coordinates":[[8.38091,49.968189],[8.380822,49.968209],[8.380698,49.968215],[8.380539,49.968175],[8.380496,49.968154],[8.380093,49.967962]]},"properties":{"cls":"living_street","name":"Chattenring"}},{"type":"Feature","geometry":{"type":"LineString","coordinates":[[8.380539,49.968175],[8.380375,49.96834]]},"properties":{"cls":"service"}},{"type":"Feature","geometry":{"type":"LineString","coordinates":[[8.380671,49.968695],[8.380582,49.968834]]},"properties":{"cls":"track"}},{"type":"Feature","geometry":{"type":"LineString","coordinates":[[8.38091,49.968189],[8.380922,49.968298],[8.380671,49.968695]]},"properties":{"cls":"living_street","name":"Chattenring"}},{"type":"Feature","geometry":{"type":"LineString","coordinates":[[8.380671,49.968695],[8.381173,49.968825]]},"properties":{"cls":"service"}},{"type":"Feature","geometry":{"type":"LineString","coordinates":[[8.381152,49.969005],[8.38074,49.969647],[8.380636,49.969908],[8.380566,49.971002],[8.380589,49.971805],[8.380649,49.971955],[8.38064,49.972223]]},"properties":{"cls":"track"}},{"type":"Feature","geometry":{"type":"LineString","coordinates":[[8.379523,49.972917],[8.379943,49.972871],[8.380263,49.972738],[8.380502,49.972601],[8.380738,49.972447],[8.381089,49.972135],[8.381312,49.971932],[8.381608,49.971725],[8.381724,49.971639],[8.381777,49.971435],[8.381766,49.971221],[8.381753,49.970988],[8.381708,49.970527],[8.381659,49.969993],[8.381628,49.969498],[8.381539,49.96929],[8.381433,49.969093],[8.381152,49.969005]]},"properties":{"cls":"track"}},{"type":"Feature","geometry":{"type":"LineString","coordinates":[[8.379757,49.974867],[8.379874,49.9748]]},"properties":{"cls":"unknown"}},{"type":"Feature","geometry":{"type":"LineString","coordinates":[[8.379536,49.975404],[8.379716,49.975266],[8.379868,49.975149],[8.380038,49.975018]]},"properties":{"cls":"footway"}},{"type":"Feature","geometry":{"type":"LineString","coordinates":[[8.379368,49.97488],[8.379586,49.974998],[8.379868,49.975149],[8.380266,49.975364],[8.3807,49.975598]]},"properties":{"cls":"service"}},{"type":"Feature","geometry":{"type":"LineString","coordinates":[[8.379159,49.974966],[8.379434,49.975114],[8.379716,49.975266],[8.380114,49.975481],[8.380767,49.975833]]},"properties":{"cls":"service"}},{"type":"Feature","geometry":{"type":"LineString","coordinates":[[8.379757,49.974867],[8.380038,49.975018],[8.380437,49.975232],[8.380804,49.97543],[8.380845,49.97554],[8.380861,49.975584],[8.380767,49.975833]]},"properties":{"cls":"service"}},{"type":"Feature","geometry":{"type":"LineString","coordinates":[[8.380114,49.975481],[8.380266,49.975364],[8.380437,49.975232]]},"properties":{"cls":"footway"}},{"type":"Feature","geometry":{"type":"LineString","coordinates":[[8.378901,49.973172],[8.380256,49.973118],[8.382182,49.973068]]},"properties":{"cls":"motorway"}},{"type":"Feature","geometry":{"type":"LineString","coordinates":[[8.38064,49.972223],[8.380738,49.972447]]},"properties":{"cls":"track"}},{"type":"Feature","geometry":{"type":"LineString","coordinates":[[8.379495,49.974201],[8.379836,49.974057],[8.38012,49.973933],[8.380356,49.973818],[8.380587,49.973725],[8.380798,49.973642],[8.380927,49.973549],[8.381069,49.973457],[8.38119,49.973402],[8.381289,49.973366],[8.381415,49.973328],[8.381533,49.97331],[8.381761,49.973302],[8.382204,49.973323],[8.382359,49.973359],[8.382436,49.973421]]},"properties":{"cls":"track"}},{"type":"Feature","geometry":{"type":"LineString","coordinates":[[8.380132,49.974387],[8.38071,49.974732],[8.381262,49.975056],[8.381274,49.975123],[8.380991,49.975337],[8.38098,49.975527]]},"properties":{"cls":"service"}},{"type":"Feature","geometry":{"type":"LineString","coordinates":[[8.379743,49.97456],[8.380014,49.974725],[8.380045,49.974729],[8.38007,49.974721],[8.380271,49.974606],[8.380309,49.974602],[8.380359,49.974621],[8.381133,49.975065]]},"properties":{"cls":"service"}},{"type":"Feature","geometry":{"type":"LineString","coordinates":[[8.380889,49.975215],[8.380045,49.974729]]},"properties":{"cls":"service"}},{"type":"Feature","geometry":{"type":"LineString","coordinates":[[8.380746,49.976987],[8.380701,49.976647],[8.380534,49.976565],[8.380357,49.976542],[8.380296,49.976575],[8.380169,49.976664]]},"properties":{"cls":"service"}},{"type":"Feature","geometry":{"type":"LineString","coordinates":[[8.379609,49.976756],[8.379733,49.976812],[8.379898,49.976882],[8.380517,49.977159],[8.380786,49.97728],[8.382013,49.97783],[8.382317,49.977966]]},"properties":{"cls":"tertiary","name":"Am Schindberg"}},{"type":"Feature","geometry":{"type":"LineString","coordinates":[[8.379789,49.97986],[8.380102,49.979673],[8.380132,49.979655],[8.380345,49.979526],[8.381962,49.978817],[8.382223,49.978736],[8.382333,49.978771],[8.382402,49.978819],[8.382443,49.978848]]},"properties":{"cls":"service"}},{"type":"Feature","geometry":{"type":"LineString","coordinates":[[8.380767,49.975833],[8.380551,49.976003],[8.380304,49.976354],[8.379733,49.976812]]},"properties":{"cls":"service"}},{"type":"Feature","geometry":{"type":"LineString","coordinates":[[8.379898,49.976882],[8.379994,49.976805],[8.380169,49.976664]]},"properties":{"cls":"service"}},{"type":"Feature","geometry":{"type":"LineString","coordinates":[[8.382013,49.97783],[8.379083,49.979086],[8.378982,49.979081],[8.378874,49.979036],[8.377818,49.97802],[8.37778,49.977953],[8.377776,49.977861],[8.37781,49.977556]]},"properties":{"cls":"service"}},{"type":"Feature","geometry":{"type":"LineString","coordinates":[[8.379554,49.979116],[8.380132,49.979655],[8.380283,49.979762],[8.380318,49.979786]]},"properties":{"cls":"service"}},{"type":"Feature","geometry":{"type":"LineString","coordinates":[[8.379053,49.976629],[8.379138,49.976708],[8.379215,49.976782],[8.379218,49.97682],[8.379181,49.976861],[8.378736,49.977056]]},"properties":{"cls":"service"}},{"type":"Feature","geometry":{"type":"LineString","coordinates":[[8.379443,49.974698],[8.379757,49.974867]]},"properties":{"cls":"service"}},{"type":"Feature","geometry":{"type":"LineString","coordinates":[[8.379523,49.972917],[8.378747,49.972974]]},"properties":{"cls":"track"}},{"type":"Feature","geometry":{"type":"LineString","coordinates":[[8.379284,49.97523],[8.37896,49.975055]]},"properties":{"cls":"service"}},{"type":"Feature","geometry":{"type":"LineString","coordinates":[[8.379133,49.975346],[8.378798,49.975165]]},"properties":{"cls":"service"}},{"type":"Feature","geometry":{"type":"LineString","coordinates":[[8.379757,49.974867],[8.379586,49.974998],[8.379434,49.975114],[8.379284,49.97523],[8.379133,49.975346],[8.37898,49.975463],[8.378886,49.975535],[8.378822,49.975585],[8.378676,49.975696],[8.378521,49.975815],[8.37837,49.975931],[8.378251,49.976023]]},"properties":{"cls":"service"}},{"type":"Feature","geometry":{"type":"LineString","coordinates":[[8.37898,49.975463],[8.378636,49.975278]]},"properties":{"cls":"service"}},{"type":"Feature","geometry":{"type":"LineString","coordinates":[[8.378822,49.975585],[8.378482,49.975399]]},"properties":{"cls":"service"}},{"type":"Feature","geometry":{"type":"LineString","coordinates":[[8.378704,49.972608],[8.378747,49.972974]]},"properties":{"cls":"track"}},{"type":"Feature","geometry":{"type":"LineString","coordinates":[[8.379523,49.972917],[8.37935,49.972836],[8.379091,49.972723],[8.378704,49.972608],[8.378066,49.972407],[8.377699,49.972281]]},"properties":{"cls":"track"}},{"type":"Feature","geometry":{"type":"LineString","coordinates":[[8.378676,49.975696],[8.378284,49.975484]]},"properties":{"cls":"service"}},{"type":"Feature","geometry":{"type":"LineString","coordinates":[[8.378235,49.976094],[8.378148,49.976382]]},"properties":{"cls":"service"}},{"type":"Feature","geometry":{"type":"LineString","coordinates":[[8.378251,49.976023],[8.378235,49.976094]]},"properties":{"cls":"service"}},{"type":"Feature","geometry":{"type":"LineString","coordinates":[[8.379169,49.976565],[8.379053,49.976629],[8.37832,49.976959],[8.378524,49.977149],[8.378736,49.977056]]},"properties":{"cls":"service"}},{"type":"Feature","geometry":{"type":"LineString","coordinates":[[8.379462,49.980179],[8.37938,49.980047],[8.377367,49.977753],[8.37781,49.977556],[8.378012,49.977466],[8.378377,49.977304],[8.379609,49.976756]]},"properties":{"cls":"residential","name":"An der Kreuzlache"}},{"type":"Feature","geometry":{"type":"LineString","coordinates":[[8.378833,49.9812],[8.379169,49.981059],[8.379461,49.980912],[8.379635,49.980797]]},"properties":{"cls":"track"}},{"type":"Feature","geometry":{"type":"LineString","coordinates":[[8.378757,49.979917],[8.378893,49.980074],[8.379,49.980195]]},"properties":{"cls":"service"}},{"type":"Feature","geometry":{"type":"LineString","coordinates":[[8.3791,49.979988],[8.378893,49.980074]]},"properties":{"cls":"service"}},{"type":"Feature","geometry":{"type":"LineString","coordinates":[[8.379745,49.980511],[8.379462,49.980179]]},"properties":{"cls":"residential","name":"Am Alten Gerauer Weg"}},{"type":"Feature","geometry":{"type":"LineString","coordinates":[[8.379635,49.980797],[8.379877,49.980669]]},"properties":{"cls":"service"}},{"type":"Feature","geometry":{"type":"LineString","coordinates":[[8.380762,49.980221],[8.379877,49.980669],[8.379745,49.980511]]},"properties":{"cls":"service"}},{"type":"Feature","geometry":{"type":"LineString","coordinates":[[8.383777,49.9812],[8.383827,49.981181],[8.384777,49.980861],[8.385157,49.980713],[8.385501,49.980544],[8.385891,49.980337],[8.386231,49.980136],[8.386317,49.980089],[8.386396,49.979994]]},"properties":{"cls":"unclassified","name":"Groß-Gerauer Weg"}},{"type":"Feature","geometry":{"type":"LineString","coordinates":[[8.384254,49.977646],[8.384028,49.977811],[8.383922,49.978291]]},"properties":{"cls":"service"}},{"type":"Feature","geometry":{"type":"LineString","coordinates":[[8.384023,49.979152],[8.383599,49.979413]]},"properties":{"cls":"track"}},{"type":"Feature","geometry":{"type":"LineString","coordinates":[[8.38375,49.977973],[8.383572,49.978287]]},"properties":{"cls":"service"}},{"type":"Feature","geometry":{"type":"LineString","coordinates":[[8.383759,49.975927],[8.383223,49.976108]]},"properties":{"cls":"service"}},{"type":"Feature","geometry":{"type":"LineString","coordinates":[[8.383028,49.975819],[8.383536,49.975654],[8.384013,49.9755],[8.384545,49.975328]]},"properties":{"cls":"residential","name":"An der Steinlach"}},{"type":"Feature","geometry":{"type":"LineString","coordinates":[[8.384013,49.9755],[8.38393,49.975388],[8.383848,49.975278],[8.383729,49.975232],[8.383536,49.975007],[8.383393,49.97496],[8.383178,49.974925],[8.382927,49.974593],[8.382998,49.974528],[8.382922,49.974429],[8.382881,49.974376],[8.384731,49.973764]]},"properties":{"cls":"service"}},{"type":"Feature","geometry":{"type":"LineString","coordinates":[[8.38331,49.975382],[8.383536,49.975654],[8.383759,49.975927],[8.383975,49.976191]]},"properties":{"cls":"service"}},{"type":"Feature","geometry":{"type":"LineString","coordinates":[[8.382922,49.974429],[8.382566,49.974509],[8.382377,49.974534],[8.382267,49.974574],[8.382219,49.974591],[8.382189,49.974619],[8.382179,49.974657],[8.382227,49.974745],[8.382428,49.975035],[8.382474,49.975085],[8.382525,49.975098],[8.382601,49.975091],[8.382659,49.975079],[8.382838,49.975031],[8.382942,49.975006],[8.383093,49.974948],[8.383178,49.974925]]},"properties":{"cls":"unknown"}},{"type":"Feature","geometry":{"type":"LineString","coordinates":[[8.382421,49.976045],[8.382878,49.975892],[8.383028,49.975819],[8.382619,49.975403]]},"properties":{"cls":"unknown"}},{"type":"Feature","geometry":{"type":"LineString","coordinates":[[8.382981,49.977924],[8.382972,49.978025],[8.383041,49.978094],[8.383159,49.978156],[8.383465,49.978246],[8.383572,49.978287],[8.383615,49.978339],[8.383631,49.978411],[8.38362,49.978457]]},"properties":{"cls":"service"}},{"type":"Feature","geometry":{"type":"LineString","coordinates":[[8.382342,49.977977],[8.382447,49.97795],[8.382859,49.978026],[8.382972,49.978025]]},"properties":{"cls":"path"}},{"type":"Feature","geometry":{"type":"LineString","coordinates":[[8.382904,49.978624],[8.382853,49.978604],[8.382807,49.978584],[8.382335,49.978367],[8.382269,49.978327],[8.382232,49.978286],[8.382203,49.978246],[8.382187,49.97818],[8.382201,49.978108],[8.382241,49.978038],[8.382317,49.977966]]},"properties":{"cls":"residential","name":"Mittelgewann"}},{"type":"Feature","geometry":{"type":"LineString","coordinates":[[8.379462,49.980179],[8.380318,49.979786],[8.382429,49.978855],[8.382443,49.978848],[8.382904,49.978624]]},"properties":{"cls":"residential","name":"Mittelgewann"}},{"type":"Feature","geometry":{"type":"LineString","coordinates":[[8.380169,49.976664],[8.380253,49.976716],[8.380746,49.976987],[8.381841,49.977568],[8.382173,49.977686],[8.382436,49.977701]]},"properties":{"cls":"service"}},{"type":"Feature","geometry":{"type":"LineString","coordinates":[[8.380845,49.97554],[8.38098,49.975527],[8.381096,49.975516],[8.381734,49.975859],[8.382032,49.975643]]},"properties":{"cls":"service"}},{"type":"Feature","geometry":{"type":"LineString","coordinates":[[8.378365,49.975301],[8.378986,49.974892],[8.379443,49.974698],[8.379743,49.97456],[8.380132,49.974387],[8.381203,49.973914],[8.382063,49.97357],[8.382436,49.973421],[8.382683,49.973368],[8.382946,49.973351],[8.384403,49.97337]]},"properties":{"cls":"residential","name":"Neben dem Mühlweg"}},{"type":"Feature","geometry":{"type":"LineString","coordinates":[[8.385023,49.971941],[8.3845,49.972183],[8.383108,49.972826],[8.381866,49.97338],[8.380712,49.9739],[8.378354,49.974951]]},"properties":{"cls":"secondary"}},{"type":"Feature","geometry":{"type":"LineString","coordinates":[[8.382063,49.97357],[8.382225,49.974367]]},"properties":{"cls":"unknown"}},{"type":"Feature","geometry":{"type":"LineString","coordinates":[[8.378901,49.973172],[8.379216,49.973127],[8.379522,49.973064],[8.379775,49.973],[8.380045,49.972931],[8.380197,49.972877],[8.380352,49.972814],[8.38061,49.972681],[8.380854,49.97252],[8.381047,49.972355],[8.381579,49.971913],[8.381897,49.971689],[8.382338,49.971461],[8.382663,49.971314],[8.38295,49.971202],[8.383199,49.971137],[8.383463,49.97108],[8.383657,49.971046],[8.383872,49.971023],[8.384145,49.971027],[8.384376,49.97105],[8.384658,49.971115],[8.384888,49.971191],[8.385131,49.9713],[8.385335,49.971392]]},"properties":{"cls":"motorway"}},{"type":"Feature","geometry":{"type":"LineString","coordinates":[[8.382743,49.968381],[8.382513,49.968438],[8.382314,49.968436],[8.382304,49.968367],[8.381844,49.968236],[8.381752,49.968313],[8.381623,49.968277],[8.380968,49.968098]]},"properties":{"cls":"path"}},{"type":"Feature","geometry":{"type":"LineString","coordinates":[[8.381438,49.967446],[8.381744,49.967603]]},"properties":{"cls":"residential","name":"Am Weinfaß"}},{"type":"Feature","geometry":{"type":"LineString","coordinates":[[8.381152,49.969005],[8.381623,49.968277],[8.381813,49.967987],[8.382067,49.967819],[8.382114,49.967786]]},"properties":{"cls":"track"}},{"type":"Feature","geometry":{"type":"LineString","coordinates":[[8.381222,49.967741],[8.381718,49.967883]]},"properties":{"cls":"footway"}},{"type":"Feature","geometry":{"type":"LineString","coordinates":[[8.381438,49.967446],[8.381406,49.96748],[8.381222,49.967741],[8.381195,49.967779],[8.380968,49.968098],[8.38091,49.968189]]},"properties":{"cls":"living_street","name":"Chattenring"}},{"type":"Feature","geometry":{"type":"LineString","coordinates":[[8.381029,49.9672],[8.381044,49.967209],[8.381224,49.967323],[8.381438,49.967446]]},"properties":{"cls":"residential","name":"Am Weinfaß"}},{"type":"Feature","geometry":{"type":"LineString","coordinates":[[8.382152,49.967762],[8.382114,49.967786]]},"properties":{"cls":"path"}},{"type":"Feature","geometry":{"type":"LineString","coordinates":[[8.381744,49.967603],[8.382114,49.967786],[8.382635,49.968075],[8.382889,49.968239],[8.383377,49.968555]]},"properties":{"cls":"residential","name":"Am Weinfaß"}},{"type":"Feature","geometry":{"type":"LineString","coordinates":[[8.381744,49.967603],[8.381779,49.967572],[8.382273,49.9672]]},"properties":{"cls":"living_street","name":"Karolingerring"}},{"type":"Feature","geometry":{"type":"LineString","coordinates":[[8.382886,49.967793],[8.383357,49.9672]]},"properties":{"cls":"living_street","name":"Karolingerring"}},{"type":"Feature","geometry":{"type":"LineString","coordinates":[[8.382152,49.967762],[8.382687,49.968035],[8.383427,49.968519],[8.383954,49.968887]]},"properties":{"cls":"path"}},{"type":"Feature","geometry":{"type":"LineString","coordinates":[[8.382635,49.968075],[8.382687,49.968035],[8.382886,49.967793],[8.382963,49.967893],[8.383263,49.967979]]},"properties":{"cls":"footway"}},{"type":"Feature","geometry":{"type":"LineString","coordinates":[[8.382889,49.968239],[8.382851,49.968266],[8.382803,49.968308],[8.382743,49.968381],[8.382671,49.96846],[8.382567,49.968532]]},"properties":{"cls":"service"}},{"type":"Feature","geometry":{"type":"LineString","coordinates":[[8.385231,49.971447],[8.385073,49.971342],[8.384849,49.971224],[8.384639,49.971148],[8.384373,49.971087],[8.38416,49.971066],[8.383877,49.971066],[8.383687,49.971083],[8.383467,49.971119],[8.383185,49.971187],[8.382988,49.971243],[8.382703,49.97135],[8.382369,49.971499],[8.381963,49.971725],[8.381622,49.971943],[8.38137,49.972151],[8.38122,49.972314],[8.38113,49.972432],[8.381094,49.972548],[8.38109,49.972661],[8.381136,49.972779],[8.381213,49.972873],[8.381338,49.972944],[8.381498,49.972995],[8.38164,49.973017],[8.381854,49.973042],[8.382182,49.973068]]},"properties":{"cls":"motorway"}},{"type":"Feature","geometry":{"type":"LineString","coordinates":[[8.383807,49.968849],[8.38377,49.968869],[8.383746,49.968884],[8.383629,49.969061],[8.38349,49.969024],[8.383591,49.968855]]},"properties":{"cls":"service"}},{"type":"Feature","geometry":{"type":"LineString","coordinates":[[8.383954,49.968887],[8.383911,49.968916]]},"properties":{"cls":"path"}},{"type":"Feature","geometry":{"type":"LineString","coordinates":[[8.38403,49.96743],[8.384124,49.967451]]},"properties":{"cls":"service"}},{"type":"Feature","geometry":{"type":"LineString","coordinates":[[8.383414,49.9672],[8.383973,49.967386],[8.38403,49.96743],[8.384009,49.967542],[8.383457,49.968475],[8.383427,49.968519],[8.383405,49.968539],[8.383377,49.968555]]},"properties":{"cls":"living_street","name":"Karolingerring"}},{"type":"Feature","geometry":{"type":"LineString","coordinates":[[8.384722,49.967235],[8.384626,49.967407]]},"properties":{"cls":"steps"}},{"type":"Feature","geometry":{"type":"LineString","coordinates":[[8.384939,49.967685],[8.384607,49.967605],[8.384542,49.967545]]},"properties":{"cls":"footway"}},{"type":"Feature","geometry":{"type":"LineString","coordinates":[[8.384469,49.96753],[8.384542,49.967545]]},"properties":{"cls":"steps"}},{"type":"Feature","geometry":{"type":"LineString","coordinates":[[8.384124,49.967451],[8.384229,49.967272],[8.38439,49.967306]]},"properties":{"cls":"service"}},{"type":"Feature","geometry":{"type":"LineString","coordinates":[[8.384124,49.967451],[8.384469,49.96753]]},"properties":{"cls":"footway"}},{"type":"Feature","geometry":{"type":"LineString","coordinates":[[8.384626,49.967407],[8.384542,49.967545],[8.384142,49.968227],[8.383954,49.968887]]},"properties":{"cls":"path"}},{"type":"Feature","geometry":{"type":"LineString","coordinates":[[8.381766,49.971221],[8.382354,49.971205],[8.382602,49.971151],[8.383151,49.970988],[8.383484,49.970905],[8.383923,49.970847],[8.384313,49.970858],[8.384728,49.970907],[8.385009,49.970978],[8.385297,49.971106],[8.38544,49.971192],[8.385586,49.971247],[8.385761,49.971276],[8.385923,49.971263],[8.386102,49.971224],[8.386216,49.971187],[8.386549,49.971049],[8.385374,49.969441]]},"properties":{"cls":"path"}},{"type":"Feature","geometry":{"type":"LineString","coordinates":[[8.385023,49.971941],[8.385154,49.971839],[8.385256,49.97174],[8.385302,49.971655],[8.385302,49.971581],[8.385231,49.971447]]},"properties":{"cls":"motorway"}},{"type":"Feature","geometry":{"type":"LineString","coordinates":[[8.385644,49.971657],[8.385473,49.971736],[8.385023,49.971941]]},"properties":{"cls":"secondary"}},{"type":"Feature","geometry":{"type":"LineString","coordinates":[[8.385335,49.971392],[8.385507,49.971493],[8.385594,49.971552],[8.385636,49.97161],[8.385644,49.971657]]},"properties":{"cls":"motorway"}},{"type":"Feature","geometry":{"type":"LineString","coordinates":[[8.385644,49.971657],[8.385575,49.971644],[8.385474,49.9716],[8.385231,49.971447]]},"properties":{"cls":"motorway"}},{"type":"Feature","geometry":{"type":"LineString","coordinates":[[8.385419,49.967258],[8.385699,49.967318]]},"properties":{"cls":"service"}},{"type":"Feature","geometry":{"type":"LineString","coordinates":[[8.385209,49.967611],[8.385419,49.967258],[8.385428,49.9672]]},"properties":{"cls":"residential","name":"Riesengebirgsstraße"}},{"type":"Feature","geometry":{"type":"LineString","coordinates":[[8.385451,49.967753],[8.385163,49.96769]]},"properties":{"cls":"service"}},{"type":"Feature","geometry":{"type":"LineString","coordinates":[[8.385163,49.96769],[8.385209,49.967611]]},"properties":{"cls":"residential","name":"Riesengebirgsstraße"}},{"type":"Feature","geometry":{"type":"LineString","coordinates":[[8.385209,49.967611],[8.38501,49.967566],[8.384939,49.967685],[8.384928,49.967702],[8.385128,49.967748],[8.385163,49.96769]]},"properties":{"cls":"residential","name":"Riesengebirgsstraße"}},{"type":"Feature","geometry":{"type":"LineString","coordinates":[[8.383954,49.968887],[8.384193,49.969021],[8.384481,49.969141],[8.384816,49.969234],[8.385779,49.969416],[8.386017,49.969446],[8.386192,49.969431],[8.386324,49.969398],[8.386445,49.969344],[8.386546,49.969287],[8.386651,49.969183],[8.387562,49.967459],[8.387708,49.9672]]},"properties":{"cls":"path"}},{"type":"Feature","geometry":{"type":"LineString","coordinates":[[8.383377,49.968555],[8.383807,49.968849],[8.383911,49.968916],[8.384061,49.969007],[8.384202,49.969077],[8.384332,49.969125],[8.384498,49.969182],[8.384672,49.969229],[8.384953,49.969294],[8.385618,49.969425],[8.38584,49.969466],[8.385946,49.969479],[8.386068,49.96948],[8.386207,49.969467],[8.386351,49.969434],[8.386455,49.969391],[8.386503,49.96937],[8.386622,49.969289],[8.386672,49.969242],[8.387572,49.967668],[8.387652,49.967527],[8.387668,49.9675],[8.387735,49.967384],[8.387832,49.967232],[8.387844,49.9672]]},"properties":{"cls":"residential","name":"Am Steinmarkt"}},{"type":"Feature","geometry":{"type":"LineString","coordinates":[[8.384742,49.9672],[8.384722,49.967235]]},"properties":{"cls":"path"}},{"type":"Feature","geometry":{"type":"LineString","coordinates":[[8.386672,49.969242],[8.387199,49.969369]]},"properties":{"cls":"service"}},{"type":"Feature","geometry":{"type":"LineString","coordinates":[[8.390876,49.969459],[8.388119,49.9707],[8.385939,49.97174],[8.385768,49.971822],[8.3835,49.972871],[8.382618,49.972904],[8.38207,49.972928],[8.38194,49.97251]]},"properties":{"cls":"track"}},{"type":"Feature","geometry":{"type":"LineString","coordinates":[[8.386038,49.971489],[8.385816,49.971583],[8.385644,49.971657]]},"properties":{"cls":"secondary"}},{"type":"Feature","geometry":{"type":"LineString","coordinates":[[8.385335,49.971392],[8.385568,49.971465],[8.385672,49.971487],[8.385782,49.9715],[8.385866,49.971494],[8.386038,49.971489]]},"properties":{"cls":"motorway"}},{"type":"Feature","geometry":{"type":"LineString","coordinates":[[8.384403,49.97337],[8.384982,49.973378],[8.385252,49.973388],[8.385901,49.973401],[8.387255,49.973444],[8.387392,49.97345]]},"properties":{"cls":"residential","name":"Neben dem Mühlweg"}},{"type":"Feature","geometry":{"type":"LineString","coordinates":[[8.387706,49.972839],[8.387462,49.97281],[8.387122,49.972774],[8.387054,49.972734],[8.386676,49.97226],[8.38665,49.972217],[8.386321,49.972201],[8.386138,49.972165],[8.385939,49.97174]]},"properties":{"cls":"path"}},{"type":"Feature","geometry":{"type":"LineString","coordinates":[[8.385722,49.974955],[8.385932,49.974911],[8.387727,49.974299],[8.387893,49.974242],[8.387807,49.974129],[8.387395,49.973578],[8.387387,49.973535],[8.387392,49.97345]]},"properties":{"cls":"residential","name":"An der Steinlach"}},{"type":"Feature","geometry":{"type":"LineString","coordinates":[[8.386572,49.977909],[8.386419,49.977748]]},"properties":{"cls":"service"}},{"type":"Feature","geometry":{"type":"LineString","coordinates":[[8.384695,49.978785],[8.384826,49.978681],[8.384915,49.978617],[8.385775,49.978112],[8.386419,49.977748],[8.3866,49.977648],[8.387433,49.977155]]},"properties":{"cls":"service","name":"Am Schindberg"}},{"type":"Feature","geometry":{"type":"LineString","coordinates":[[8.3866,49.977648],[8.386819,49.977839],[8.386572,49.977909],[8.385775,49.978112]]},"properties":{"cls":"service"}},{"type":"Feature","geometry":{"type":"LineString","coordinates":[[8.386013,49.979865],[8.386067,49.979793],[8.384695,49.978785]]},"properties":{"cls":"service","name":"Am Schindberg"}},{"type":"Feature","geometry":{"type":"LineString","coordinates":[[8.386231,49.980136],[8.385258,49.979749],[8.384629,49.979444],[8.384321,49.979295],[8.384072,49.979183],[8.384023,49.979152]]},"properties":{"cls":"track"}},{"type":"Feature","geometry":{"type":"LineString","coordinates":[[8.385416,49.976379],[8.384687,49.976631]]},"properties":{"cls":"service"}},{"type":"Feature","geometry":{"type":"LineString","coordinates":[[8.386118,49.974956],[8.38489,49.975366],[8.384725,49.975417]]},"properties":{"cls":"service"}},{"type":"Feature","geometry":{"type":"LineString","coordinates":[[8.385252,49.973388],[8.385252,49.97342],[8.385384,49.973598]]},"properties":{"cls":"service"}},{"type":"Feature","geometry":{"type":"LineString","coordinates":[[8.384982,49.973378],[8.384984,49.973418],[8.3851,49.973574]]},"properties":{"cls":"service"}},{"type":"Feature","geometry":{"type":"LineString","coordinates":[[8.384403,49.97337],[8.384654,49.973671],[8.384698,49.973724],[8.384731,49.973764],[8.385722,49.974955]]},"properties":{"cls":"residential","name":"Im Schlanken"}},{"type":"Feature","geometry":{"type":"LineString","coordinates":[[8.384545,49.975328],[8.384794,49.975247],[8.385722,49.974955]]},"properties":{"cls":"residential","name":"An der Steinlach"}},{"type":"Feature","geometry":{"type":"LineString","coordinates":[[8.384794,49.975247],[8.38489,49.975366],[8.385021,49.975519]]},"properties":{"cls":"service"}},{"type":"Feature","geometry":{"type":"LineString","coordinates":[[8.38393,49.975388],[8.385352,49.974898]]},"properties":{"cls":"unknown"}},{"type":"Feature","geometry":{"type":"LineString","coordinates":[[8.384698,49.973724],[8.384896,49.973664],[8.384764,49.97349]]},"properties":{"cls":"service"}},{"type":"Feature","geometry":{"type":"LineString","coordinates":[[8.382904,49.978624],[8.382963,49.978638],[8.383055,49.978641],[8.383148,49.978637],[8.383246,49.978621],[8.383341,49.978596],[8.38362,49.978457],[8.383922,49.978291],[8.384541,49.977929],[8.385955,49.977101],[8.385986,49.977075],[8.385977,49.977042],[8.385416,49.976379],[8.384545,49.975328]]},"properties":{"cls":"residential","name":"Mittelgewann"}},{"type":"Feature","geometry":{"type":"LineString","coordinates":[[8.384541,49.977929],[8.384304,49.977739],[8.384261,49.977686],[8.384277,49.977652],[8.384902,49.977318]]},"properties":{"cls":"unknown"}},{"type":"Feature","geometry":{"type":"LineString","coordinates":[[8.384023,49.979152],[8.383989,49.979111],[8.384002,49.979086],[8.384043,49.978996],[8.384223,49.978899],[8.384321,49.978888],[8.384378,49.978888],[8.38443,49.978871],[8.384555,49.978829],[8.384695,49.978785]]},"properties":{"cls":"cycleway"}},{"type":"Feature","geometry":{"type":"LineString","coordinates":[[8.382317,49.977966],[8.382342,49.977977],[8.382645,49.978112],[8.383393,49.978503],[8.384186,49.97896],[8.38484,49.979331],[8.385167,49.979506],[8.385539,49.979682],[8.385904,49.979827],[8.386013,49.979865],[8.386396,49.979994]]},"properties":{"cls":"tertiary","name":"Am Schindberg"}},{"type":"Feature","geometry":{"type":"LineString","coordinates":[[8.386231,49.980136],[8.38627,49.980258],[8.386308,49.980373],[8.38646,49.980534],[8.386479,49.980574],[8.386477,49.980626],[8.386438,49.980686],[8.385756,49.981093],[8.385638,49.981131],[8.385518,49.981146],[8.385412,49.981132],[8.38529,49.981041]]},"properties":{"cls":"service"}},{"type":"Feature","geometry":{"type":"LineString","coordinates":[[8.38849,49.9812],[8.388779,49.980908],[8.389036,49.980648]]},"properties":{"cls":"track"}},{"type":"Feature","geometry":{"type":"LineString","coordinates":[[8.387983,49.979893],[8.38716,49.979842],[8.387095,49.979827],[8.387062,49.979797],[8.387061,49.979755],[8.387085,49.979721],[8.387457,49.979493],[8.388018,49.979807]]},"properties":{"cls":"service"}},{"type":"Feature","geometry":{"type":"LineString","coordinates":[[8.388779,49.980908],[8.388361,49.980758],[8.38756,49.980457],[8.387175,49.98032]]},"properties":{"cls":"track"}},{"type":"Feature","geometry":{"type":"LineString","coordinates":[[8.388018,49.979807],[8.387983,49.979893],[8.3886,49.980268],[8.388693,49.980325],[8.388698,49.980472],[8.388659,49.980567]]},"properties":{"cls":"service"}},{"type":"Feature","geometry":{"type":"LineString","coordinates":[[8.386396,49.979994],[8.386924,49.980134],[8.387635,49.980317],[8.388659,49.980567],[8.389036,49.980648],[8.389159,49.980676],[8.390844,49.98109]]},"properties":{"cls":"tertiary","name":"Am Schindberg"}},{"type":"Feature","geometry":{"type":"LineString","coordinates":[[8.389036,49.980648],[8.389112,49.980556],[8.389365,49.980254],[8.39036,49.979199]]},"properties":{"cls":"service"}},{"type":"Feature","geometry":{"type":"LineString","coordinates":[[8.389159,49.980676],[8.389098,49.980795],[8.389067,49.980855],[8.3891,49.980961],[8.389207,49.98106],[8.389582,49.9812]]},"properties":{"cls":"service"}},{"type":"Feature","geometry":{"type":"LineString","coordinates":[[8.389112,49.980556],[8.389883,49.980729],[8.390545,49.980845],[8.391021,49.980909]]},"properties":{"cls":"service"}},{"type":"Feature","geometry":{"type":"LineString","coordinates":[[8.389401,49.975941],[8.389492,49.97595],[8.389542,49.976019],[8.38951,49.976129],[8.389415,49.976172],[8.389242,49.976156]]},"properties":{"cls":"track"}},{"type":"Feature","geometry":{"type":"LineString","coordinates":[[8.389936,49.974652],[8.389988,49.974711],[8.389985,49.974751],[8.389955,49.974795],[8.389911,49.974832],[8.38986,49.974861],[8.389203,49.97509],[8.389015,49.975142],[8.388952,49.975155],[8.388894,49.975157],[8.388854,49.975152],[8.38881,49.975134],[8.38876,49.975087]]},"properties":{"cls":"unknown"}},{"type":"Feature","geometry":{"type":"LineString","coordinates":[[8.389026,49.973531],[8.38901,49.973604],[8.388968,49.973632],[8.38886,49.973654]]},"properties":{"cls":"service"}},{"type":"Feature","geometry":{"type":"LineString","coordinates":[[8.387705,49.972797],[8.387706,49.972839],[8.387761,49.97287],[8.389703,49.972882]]},"properties":{"cls":"track"}},{"type":"Feature","geometry":{"type":"LineString","coordinates":[[8.38866,49.973613],[8.388745,49.973717]]},"properties":{"cls":"service"}},{"type":"Feature","geometry":{"type":"LineString","coordinates":[[8.388555,49.97858],[8.388951,49.978325],[8.389298,49.978101]]},"properties":{"cls":"unknown"}},{"type":"Feature","geometry":{"type":"LineString","coordinates":[[8.386067,49.979793],[8.38627,49.979835],[8.386737,49.979863],[8.387192,49.979543],[8.387347,49.979433],[8.38851,49.978626],[8.389706,49.97941],[8.38941,49.979605],[8.388761,49.980256],[8.388693,49.980325]]},"properties":{"cls":"service","name":"Alter Gerauer Weg"}},{"type":"Feature","geometry":{"type":"LineString","coordinates":[[8.388853,49.977536],[8.38876,49.977547],[8.388701,49.977569],[8.388639,49.977608],[8.388594,49.977643],[8.388489,49.977737],[8.388467,49.977755],[8.388447,49.977771],[8.388409,49.977789],[8.38835,49.97781],[8.388295,49.977824],[8.38823,49.977837],[8.388128,49.977847],[8.388008,49.977866],[8.387923,49.977888],[8.387853,49.977917],[8.3878,49.977942],[8.387762,49.977964],[8.38771,49.977993],[8.387666,49.978017],[8.387624,49.978024],[8.38758,49.978021],[8.38752,49.977996],[8.387469,49.977956],[8.387377,49.977888],[8.387312,49.977845],[8.387267,49.977813],[8.387223,49.977792],[8.387177,49.977784],[8.387154,49.977783],[8.387104,49.977784],[8.387044,49.977789],[8.386992,49.977808],[8.386911,49.977835],[8.386819,49.977839]]},"properties":{"cls":"track"}},{"type":"Feature","geometry":{"type":"LineString","coordinates":[[8.387347,49.979433],[8.387457,49.979493]]},"properties":{"cls":"service"}},{"type":"Feature","geometry":{"type":"LineString","coordinates":[[8.388212,49.975632],[8.388004,49.975744],[8.387595,49.975918],[8.387575,49.975922],[8.38755,49.975925],[8.387527,49.975923],[8.387506,49.975918],[8.387489,49.975914],[8.387475,49.975904],[8.38746,49.97589],[8.387341,49.975714],[8.387199,49.975516],[8.387166,49.975465],[8.387162,49.97543],[8.387166,49.975388],[8.387189,49.975339],[8.387211,49.975314],[8.387256,49.975279],[8.387296,49.975258],[8.387376,49.975227],[8.38754,49.975177]]},"properties":{"cls":"unknown"}},{"type":"Feature","geometry":{"type":"LineString","coordinates":[[8.387592,49.974769],[8.387999,49.974613]]},"properties":{"cls":"service"}},{"type":"Feature","geometry":{"type":"LineString","coordinates":[[8.387776,49.97361],[8.38788,49.973592]]},"properties":{"cls":"service"}},{"type":"Feature","geometry":{"type":"LineString","coordinates":[[8.388046,49.974049],[8.388003,49.973969]]},"properties":{"cls":"service"}},{"type":"Feature","geometry":{"type":"LineString","coordinates":[[8.38788,49.973592],[8.388148,49.97392]]},"properties":{"cls":"service"}},{"type":"Feature","geometry":{"type":"LineString","coordinates":[[8.387727,49.974299],[8.387958,49.974563],[8.387999,49.974613],[8.388119,49.974761],[8.388276,49.974963],[8.388504,49.975238],[8.38816,49.975369],[8.387799,49.975371],[8.38754,49.975177],[8.387445,49.975026],[8.387473,49.974862],[8.387592,49.974769]]},"properties":{"cls":"service"}},{"type":"Feature","geometry":{"type":"LineString","coordinates":[[8.387893,49.974242],[8.388003,49.97428],[8.38876,49.975087]]},"properties":{"cls":"service"}},{"type":"Feature","geometry":{"type":"LineString","coordinates":[[8.388373,49.973605],[8.38853,49.97379]]},"properties":{"cls":"service"}},{"type":"Feature","geometry":{"type":"LineString","coordinates":[[8.387807,49.974129],[8.388046,49.974049],[8.389038,49.973715]]},"properties":{"cls":"service"}},{"type":"Feature","geometry":{"type":"LineString","coordinates":[[8.388143,49.973599],[8.388348,49.973852]]},"properties":{"cls":"service"}},{"type":"Feature","geometry":{"type":"LineString","coordinates":[[8.387711,49.973692],[8.387932,49.973956],[8.388003,49.973969],[8.388148,49.97392],[8.388348,49.973852],[8.38853,49.97379],[8.388745,49.973717],[8.388812,49.973695],[8.38886,49.973654],[8.388769,49.973616],[8.38866,49.973613],[8.388373,49.973605],[8.388143,49.973599],[8.38788,49.973592]]},"properties":{"cls":"service"}},{"type":"Feature","geometry":{"type":"LineString","coordinates":[[8.387392,49.97345],[8.387784,49.973469],[8.389026,49.973531],[8.389145,49.973537]]},"properties":{"cls":"residential","name":"Neben dem Mühlweg"}},{"type":"Feature","geometry":{"type":"LineString","coordinates":[[8.388562,49.972383],[8.388516,49.972436],[8.388474,49.972455]]},"properties":{"cls":"service"}},{"type":"Feature","geometry":{"type":"LineString","coordinates":[[8.38935,49.972191],[8.389281,49.972265],[8.387705,49.972797]]},"properties":{"cls":"service"}},{"type":"Feature","geometry":{"type":"LineString","coordinates":[[8.388302,49.971603],[8.388318,49.971663],[8.388605,49.972014],[8.388417,49.9723]]},"properties":{"cls":"service"}},{"type":"Feature","geometry":{"type":"LineString","coordinates":[[8.388302,49.971603],[8.388318,49.971544],[8.388291,49.971493],[8.38824,49.971451]]},"properties":{"cls":"service"}},{"type":"Feature","geometry":{"type":"LineString","coordinates":[[8.388562,49.970167],[8.388401,49.970236],[8.387824,49.969708],[8.387969,49.969612]]},"properties":{"cls":"service"}},{"type":"Feature","geometry":{"type":"LineString","coordinates":[[8.387791,49.96837],[8.38833,49.968505]]},"properties":{"cls":"service"}},{"type":"Feature","geometry":{"type":"LineString","coordinates":[[8.387199,49.969369],[8.387237,49.969301],[8.387286,49.969253],[8.387389,49.969177],[8.38781,49.968874],[8.387967,49.968757],[8.388164,49.968618],[8.38833,49.968505],[8.388509,49.968367],[8.388581,49.968309],[8.388637,49.96823],[8.388676,49.968154],[8.388723,49.968077],[8.388766,49.968032]]},"properties":{"cls":"service"}},{"type":"Feature","geometry":{"type":"LineString","coordinates":[[8.387711,49.968509],[8.388164,49.968618]]},"properties":{"cls":"service"}},{"type":"Feature","geometry":{"type":"LineString","coordinates":[[8.388004,49.971743],[8.387932,49.971691],[8.387835,49.971615]]},"properties":{"cls":"service"}},{"type":"Feature","geometry":{"type":"LineString","coordinates":[[8.387981,49.97051],[8.387516,49.969931],[8.387465,49.969887],[8.387391,49.969845],[8.387289,49.969811],[8.386549,49.969654],[8.386479,49.9696],[8.386383,49.969478],[8.386351,49.969434]]},"properties":{"cls":"service"}},{"type":"Feature","geometry":{"type":"LineString","coordinates":[[8.387539,49.968804],[8.38781,49.968874]]},"properties":{"cls":"service"}},{"type":"Feature","geometry":{"type":"LineString","coordinates":[[8.387617,49.968669],[8.387967,49.968757]]},"properties":{"cls":"service"}},{"type":"Feature","geometry":{"type":"LineString","coordinates":[[8.388129,49.967785],[8.388051,49.96792],[8.387962,49.968074],[8.387885,49.968207],[8.387791,49.96837],[8.387711,49.968509],[8.387617,49.968669],[8.387539,49.968804],[8.38747,49.968924]]},"properties":{"cls":"service"}},{"type":"Feature","geometry":{"type":"LineString","coordinates":[[8.387808,49.967477],[8.387831,49.967432],[8.387882,49.967418],[8.388043,49.967374]]},"properties":{"cls":"footway"}},{"type":"Feature","geometry":{"type":"LineString","coordinates":[[8.387832,49.967232],[8.387861,49.967351],[8.387882,49.967418],[8.387905,49.96745],[8.387957,49.967513]]},"properties":{"cls":"service"}},{"type":"Feature","geometry":{"type":"LineString","coordinates":[[8.387668,49.9675],[8.387715,49.967481],[8.387759,49.967473],[8.387808,49.967477],[8.387891,49.967495],[8.387957,49.967513],[8.388366,49.967636],[8.388435,49.967667]]},"properties":{"cls":"service"}},{"type":"Feature","geometry":{"type":"LineString","coordinates":[[8.388435,49.967667],[8.388171,49.967628],[8.387923,49.967591],[8.387839,49.967574],[8.38777,49.967557],[8.387652,49.967527]]},"properties":{"cls":"service"}},{"type":"Feature","geometry":{"type":"LineString","coordinates":[[8.388509,49.968367],[8.388356,49.968328],[8.387885,49.968207]]},"properties":{"cls":"service"}},{"type":"Feature","geometry":{"type":"LineString","coordinates":[[8.387962,49.968074],[8.388437,49.968188]]},"properties":{"cls":"service"}},{"type":"Feature","geometry":{"type":"LineString","coordinates":[[8.388356,49.968328],[8.388437,49.968188],[8.388519,49.968026],[8.388051,49.96792]]},"properties":{"cls":"service"}},{"type":"Feature","geometry":{"type":"LineString","coordinates":[[8.388129,49.967785],[8.388526,49.967868],[8.388519,49.968026]]},"properties":{"cls":"service"}},{"type":"Feature","geometry":{"type":"LineString","coordinates":[[8.388435,49.967667],[8.388505,49.967703],[8.388614,49.967764],[8.388735,49.967859]]},"properties":{"cls":"service"}},{"type":"Feature","geometry":{"type":"LineString","coordinates":[[8.388659,49.967363],[8.388519,49.967471]]},"properties":{"cls":"service"}},{"type":"Feature","geometry":{"type":"LineString","coordinates":[[8.38869,49.9672],[8.389706,49.967789],[8.389782,49.967738],[8.389869,49.967785]]},"properties":{"cls":"footway"}},{"type":"Feature","geometry":{"type":"LineString","coordinates":[[8.389042,49.968295],[8.389354,49.968148]]},"properties":{"cls":"service"}},{"type":"Feature","geometry":{"type":"LineString","coordinates":[[8.388944,49.967863],[8.389058,49.967777],[8.389202,49.967669]]},"properties":{"cls":"service"}},{"type":"Feature","geometry":{"type":"LineString","coordinates":[[8.38919,49.968079],[8.388941,49.968203],[8.388689,49.968318],[8.388581,49.968309]]},"properties":{"cls":"service"}},{"type":"Feature","geometry":{"type":"LineString","coordinates":[[8.388863,49.967837],[8.388906,49.967847],[8.388944,49.967863],[8.388973,49.967886],[8.388991,49.967914],[8.388995,49.967943],[8.388986,49.967973],[8.388965,49.967999],[8.388925,49.968024],[8.388874,49.968038],[8.388819,49.968041],[8.388766,49.968032],[8.388722,49.968012],[8.388691,49.967984],[8.388676,49.967951],[8.388679,49.967916],[8.388699,49.967884],[8.388735,49.967859],[8.388774,49.967844],[8.388818,49.967836]]},"properties":{"cls":"service"}},{"type":"Feature","geometry":{"type":"LineString","coordinates":[[8.388818,49.967836],[8.388863,49.967837]]},"properties":{"cls":"service"}},{"type":"Feature","geometry":{"type":"MultiLineString","coordinates":[[[8.38966,49.967933],[8.389202,49.967669],[8.388659,49.967363],[8.388375,49.9672]],[[8.388176,49.9672],[8.388159,49.967239],[8.388159,49.967266],[8.388519,49.967471],[8.389058,49.967777],[8.389512,49.968032]]]},"properties":{"cls":"service"}},{"type":"Feature","geometry":{"type":"LineString","coordinates":[[8.391671,49.968954],[8.391335,49.969107],[8.389176,49.970087],[8.387343,49.970911],[8.386038,49.971489]]},"properties":{"cls":"secondary"}},{"type":"Feature","geometry":{"type":"LineString","coordinates":[[8.389242,49.972067],[8.388193,49.97079],[8.388119,49.9707]]},"properties":{"cls":"track"}},{"type":"Feature","geometry":{"type":"LineString","coordinates":[[8.38935,49.972191],[8.389242,49.972067]]},"properties":{"cls":"service"}},{"type":"Feature","geometry":{"type":"LineString","coordinates":[[8.388543,49.970894],[8.38903,49.97065],[8.389326,49.970624],[8.389858,49.970578]]},"properties":{"cls":"path"}},{"type":"Feature","geometry":{"type":"LineString","coordinates":[[8.390197,49.970349],[8.389319,49.970408],[8.389186,49.970415],[8.389086,49.970426],[8.388997,49.97046],[8.388469,49.970711],[8.388434,49.970737],[8.388439,49.970773],[8.388543,49.970894],[8.388607,49.970968],[8.388644,49.970986],[8.388687,49.970999]]},"properties":{"cls":"path"}},{"type":"Feature","geometry":{"type":"LineString","coordinates":[[8.389319,49.970408],[8.389326,49.970624],[8.38933,49.970672],[8.389349,49.970736]]},"properties":{"cls":"path"}},{"type":"Feature","geometry":{"type":"LineString","coordinates":[[8.389312,49.968541],[8.389733,49.968362]]},"properties":{"cls":"service"}},{"type":"Feature","geometry":{"type":"LineString","coordinates":[[8.390139,49.969296],[8.390004,49.969173],[8.389858,49.96904],[8.389721,49.968915],[8.389585,49.96879],[8.389448,49.968666],[8.389312,49.968541],[8.389173,49.968415],[8.389042,49.968295],[8.388941,49.968203]]},"properties":{"cls":"service"}},{"type":"Feature","geometry":{"type":"LineString","coordinates":[[8.389448,49.968666],[8.38992,49.968461]]},"properties":{"cls":"service"}},{"type":"Feature","geometry":{"type":"LineString","coordinates":[[8.387199,49.969369],[8.387834,49.96949],[8.387969,49.969612],[8.388562,49.970167],[8.390271,49.969408],[8.391164,49.969015],[8.39153,49.96885],[8.391694,49.968755],[8.391822,49.968652],[8.391852,49.968621],[8.391939,49.968523],[8.392028,49.96843],[8.392077,49.968326],[8.392103,49.968161],[8.39212,49.968065],[8.392108,49.967938],[8.392057,49.967803],[8.392007,49.967746],[8.39169,49.967556]]},"properties":{"cls":"service"}},{"type":"Feature","geometry":{"type":"LineString","coordinates":[[8.38987,49.971852],[8.389695,49.972075],[8.38935,49.972191]]},"properties":{"cls":"service"}},{"type":"Feature","geometry":{"type":"LineString","coordinates":[[8.391326,49.970295],[8.391088,49.970363],[8.390969,49.970335],[8.390752,49.970325],[8.39046,49.970334],[8.390197,49.970349],[8.39017,49.970387],[8.390159,49.970439],[8.390186,49.970478],[8.390583,49.970956],[8.39079,49.971232],[8.390811,49.971275],[8.390806,49.971315],[8.390773,49.971353],[8.390731,49.971381],[8.389617,49.971719],[8.389534,49.97174],[8.389395,49.97175],[8.389312,49.971734],[8.38925,49.9717],[8.38918,49.971631],[8.388904,49.971326],[8.388808,49.971212],[8.388719,49.971124],[8.388689,49.97106],[8.388687,49.970999],[8.388738,49.970955],[8.388834,49.970896],[8.389065,49.970803],[8.389349,49.970736],[8.389577,49.970687],[8.389733,49.97063],[8.389858,49.970578],[8.390039,49.97051],[8.390122,49.97047]]},"properties":{"cls":"path"}},{"type":"Feature","geometry":{"type":"LineString","coordinates":[[8.389512,49.968032],[8.390144,49.968402],[8.390167,49.968438],[8.390168,49.968471],[8.390163,49.968499],[8.390123,49.968542],[8.390065,49.968578],[8.389585,49.96879]]},"properties":{"cls":"service"}},{"type":"Feature","geometry":{"type":"LineString","coordinates":[[8.38966,49.967933],[8.389512,49.968032]]},"properties":{"cls":"service"}},{"type":"Feature","geometry":{"type":"LineString","coordinates":[[8.389173,49.968415],[8.389554,49.968257]]},"properties":{"cls":"service"}},{"type":"Feature","geometry":{"type":"LineString","coordinates":[[8.38807,49.9672],[8.388029,49.967274],[8.38802,49.967307],[8.388023,49.967338],[8.388043,49.967374],[8.388151,49.967428],[8.388217,49.967466],[8.38829,49.967502],[8.388348,49.967537],[8.388432,49.967597],[8.388444,49.967626],[8.388435,49.967667]]},"properties":{"cls":"service"}},{"type":"Feature","geometry":{"type":"LineString","coordinates":[[8.392868,49.9672],[8.392748,49.967274],[8.392682,49.967303],[8.392634,49.967312],[8.392593,49.967318],[8.392539,49.967315],[8.39249,49.967303],[8.39242,49.967274],[8.392289,49.9672]]},"properties":{"cls":"track"}},{"type":"Feature","geometry":{"type":"LineString","coordinates":[[8.391288,49.968299],[8.391025,49.968037],[8.390174,49.967556]]},"properties":{"cls":"service"}},{"type":"Feature","geometry":{"type":"LineString","coordinates":[[8.390015,49.967675],[8.390863,49.968154],[8.391095,49.968382]]},"properties":{"cls":"service"}},{"type":"Feature","geometry":{"type":"LineString","coordinates":[[8.391342,49.967808],[8.390724,49.967456],[8.390638,49.967461],[8.390557,49.967467],[8.390483,49.967465],[8.390411,49.967468],[8.390345,49.967473],[8.390284,49.967492],[8.390174,49.967556],[8.390015,49.967675],[8.389869,49.967785],[8.389826,49.967818],[8.38966,49.967933]]},"properties":{"cls":"service"}},{"type":"Feature","geometry":{"type":"LineString","coordinates":[[8.390961,49.968477],[8.390938,49.968454],[8.390777,49.968302],[8.39071,49.968264],[8.389869,49.967785]]},"properties":{"cls":"footway"}},{"type":"Feature","geometry":{"type":"LineString","coordinates":[[8.389826,49.967818],[8.390666,49.968297],[8.3909,49.968472]]},"properties":{"cls":"service"}},{"type":"Feature","geometry":{"type":"LineString","coordinates":[[8.388965,49.967999],[8.38905,49.968025],[8.38919,49.968079],[8.389354,49.968148],[8.3895,49.968227],[8.389554,49.968257],[8.389733,49.968362],[8.38992,49.968461],[8.389971,49.968481],[8.390057,49.968498],[8.390115,49.968502],[8.390163,49.968499],[8.390249,49.968494],[8.390325,49.968482],[8.390401,49.968464],[8.390462,49.968437],[8.390501,49.968416],[8.390666,49.968297],[8.39071,49.968264],[8.390863,49.968154],[8.391025,49.968037],[8.391195,49.967916],[8.391342,49.967808],[8.391493,49.9677],[8.391642,49.967591]]},"properties":{"cls":"service"}},{"type":"Feature","geometry":{"type":"LineString","coordinates":[[8.389721,49.968915],[8.390612,49.968517]]},"properties":{"cls":"service"}},{"type":"Feature","geometry":{"type":"LineString","coordinates":[[8.389858,49.96904],[8.39075,49.968638]]},"properties":{"cls":"service"}},{"type":"Feature","geometry":{"type":"LineString","coordinates":[[8.391164,49.969015],[8.391039,49.968893],[8.390899,49.968769],[8.39075,49.968638],[8.390676,49.968572],[8.390612,49.968517],[8.39056,49.968471],[8.390501,49.968416],[8.38966,49.967933]]},"properties":{"cls":"service"}},{"type":"Feature","geometry":{"type":"LineString","coordinates":[[8.390004,49.969173],[8.390899,49.968769]]},"properties":{"cls":"service"}},{"type":"Feature","geometry":{"type":"LineString","coordinates":[[8.390271,49.969408],[8.390139,49.969296]]},"properties":{"cls":"service"}},{"type":"Feature","geometry":{"type":"LineString","coordinates":[[8.390122,49.97047],[8.390159,49.970439]]},"properties":{"cls":"path"}},{"type":"Feature","geometry":{"type":"LineString","coordinates":[[8.388302,49.971603],[8.388026,49.971686],[8.388004,49.971743],[8.388012,49.971798],[8.388417,49.9723],[8.388492,49.972369],[8.388562,49.972383],[8.388575,49.972386],[8.388683,49.972376],[8.388857,49.972307],[8.389107,49.972148],[8.389242,49.972067],[8.38987,49.971852],[8.390623,49.971614],[8.390826,49.97155],[8.391176,49.971466],[8.391302,49.971449],[8.391691,49.9714],[8.392681,49.971267],[8.392817,49.971242]]},"properties":{"cls":"residential","name":"Industriestraße"}},{"type":"Feature","geometry":{"type":"LineString","coordinates":[[8.390623,49.971614],[8.390692,49.971684],[8.390847,49.971888],[8.390958,49.972043]]},"properties":{"cls":"service"}},{"type":"Feature","geometry":{"type":"LineString","coordinates":[[8.390139,49.969296],[8.391039,49.968893],[8.391141,49.968869],[8.391715,49.968619],[8.391852,49.968621]]},"properties":{"cls":"service"}},{"type":"Feature","geometry":{"type":"LineString","coordinates":[[8.391326,49.970295],[8.390876,49.969697]]},"properties":{"cls":"service"}},{"type":"Feature","geometry":{"type":"LineString","coordinates":[[8.391088,49.970363],[8.391136,49.970434],[8.391181,49.970494],[8.391267,49.97059],[8.391326,49.970656],[8.391326,49.970692],[8.391288,49.97072],[8.391187,49.970762],[8.391095,49.970786],[8.390865,49.970846],[8.390583,49.970956]]},"properties":{"cls":"path"}},{"type":"Feature","geometry":{"type":"LineString","coordinates":[[8.390752,49.970325],[8.391095,49.970786]]},"properties":{"cls":"path"}},{"type":"Feature","geometry":{"type":"LineString","coordinates":[[8.39046,49.970334],[8.390865,49.970846],[8.391213,49.971296],[8.391635,49.971179],[8.391656,49.971153],[8.391656,49.971119],[8.391589,49.971006],[8.391543,49.970994],[8.391326,49.970692]]},"properties":{"cls":"path"}},{"type":"Feature","geometry":{"type":"LineString","coordinates":[[8.390826,49.97155],[8.390912,49.971654],[8.39146,49.972346],[8.391495,49.972366],[8.391532,49.972373],[8.39186,49.972252],[8.391885,49.972228],[8.391884,49.972199],[8.391376,49.971559],[8.391302,49.971449]]},"properties":{"cls":"service"}},{"type":"Feature","geometry":{"type":"LineString","coordinates":[[8.391715,49.970184],[8.391512,49.970242],[8.391326,49.970295]]},"properties":{"cls":"service"}},{"type":"Feature","geometry":{"type":"LineString","coordinates":[[8.391512,49.970242],[8.391061,49.969608]]},"properties":{"cls":"service"}},{"type":"Feature","geometry":{"type":"LineString","coordinates":[[8.391335,49.969107],[8.391474,49.969233]]},"properties":{"cls":"path"}},{"type":"Feature","geometry":{"type":"LineString","coordinates":[[8.391798,49.967478],[8.391302,49.9672]]},"properties":{"cls":"service"}},{"type":"Feature","geometry":{"type":"LineString","coordinates":[[8.391642,49.967591],[8.391019,49.967243]]},"properties":{"cls":"service"}},{"type":"Feature","geometry":{"type":"LineString","coordinates":[[8.391493,49.9677],[8.390869,49.967351]]},"properties":{"cls":"service"}},{"type":"Feature","geometry":{"type":"LineString","coordinates":[[8.390676,49.968572],[8.3909,49.968472],[8.390938,49.968454],[8.391095,49.968382],[8.391288,49.968299],[8.391435,49.96823],[8.391451,49.968145],[8.391195,49.967916],[8.390411,49.967468]]},"properties":{"cls":"service"}},{"type":"Feature","geometry":{"type":"LineString","coordinates":[[8.390724,49.967456],[8.390869,49.967351],[8.391019,49.967243],[8.391078,49.9672]]},"properties":{"cls":"service"}},{"type":"Feature","geometry":{"type":"LineString","coordinates":[[8.391907,49.967425],[8.391786,49.96734],[8.391538,49.9672]]},"properties":{"cls":"service"}},{"type":"Feature","geometry":{"type":"LineString","coordinates":[[8.391907,49.967425],[8.391881,49.967428],[8.391858,49.967435],[8.391798,49.967478],[8.39169,49.967556],[8.391642,49.967591]]},"properties":{"cls":"service"}},{"type":"Feature","geometry":{"type":"LineString","coordinates":[[8.391902,49.9672],[8.392207,49.967362]]},"properties":{"cls":"tertiary","name":"Brunnenstraße"}},{"type":"Feature","geometry":{"type":"LineString","coordinates":[[8.391671,49.968954],[8.39182,49.968838],[8.391906,49.968775],[8.39201,49.968677],[8.392084,49.968592],[8.392154,49.968494],[8.392231,49.968354],[8.392284,49.968215],[8.392302,49.968089],[8.392307,49.967948],[8.39229,49.967813],[8.392238,49.967675],[8.392144,49.967529],[8.39207,49.967433],[8.391991,49.967354],[8.391981,49.967343],[8.391889,49.967249],[8.391834,49.9672]]},"properties":{"cls":"secondary"}},{"type":"Feature","geometry":{"type":"LineString","coordinates":[[8.392302,49.968089],[8.392243,49.967869],[8.392169,49.967716],[8.392108,49.967624],[8.392074,49.96758],[8.392034,49.967535],[8.391977,49.967485],[8.391907,49.967425]]},"properties":{"cls":"service"}},{"type":"Feature","geometry":{"type":"LineString","coordinates":[[8.392844,49.967384],[8.392588,49.967571]]},"properties":{"cls":"secondary"}},{"type":"Feature","geometry":{"type":"LineString","coordinates":[[8.392207,49.967362],[8.392392,49.967409],[8.392494,49.967425],[8.392591,49.967429],[8.392693,49.967415],[8.392844,49.967384]]},"properties":{"cls":"secondary"}},{"type":"Feature","geometry":{"type":"LineString","coordinates":[[8.392207,49.967362],[8.392588,49.967571]]},"properties":{"cls":"tertiary","name":"Brunnenstraße"}},{"type":"Feature","geometry":{"type":"LineString","coordinates":[[8.392728,49.971114],[8.392867,49.971076],[8.392925,49.971045],[8.392967,49.970976],[8.392548,49.970371],[8.392445,49.970123]]},"properties":{"cls":"service"}},{"type":"Feature","geometry":{"type":"LineString","coordinates":[[8.392817,49.971242],[8.392728,49.971114],[8.3927,49.971074]]},"properties":{"cls":"residential","name":"Alter Mainzer Weg"}},{"type":"Feature","geometry":{"type":"LineString","coordinates":[[8.391691,49.9714],[8.391711,49.971456],[8.391817,49.971663],[8.392148,49.972069],[8.392375,49.972075]]},"properties":{"cls":"service"}},{"type":"Feature","geometry":{"type":"LineString","coordinates":[[8.3927,49.971074],[8.392047,49.970177],[8.391838,49.969863],[8.391844,49.969806]]},"properties":{"cls":"service","name":"Alter Mainzer Weg"}},{"type":"Feature","geometry":{"type":"LineString","coordinates":[[8.391844,49.969806],[8.391474,49.969233]]},"properties":{"cls":"path"}},{"type":"Feature","geometry":{"type":"LineString","coordinates":[[8.392047,49.970177],[8.391887,49.970221],[8.391759,49.970252],[8.391715,49.970184],[8.391328,49.96959],[8.391232,49.969519]]},"properties":{"cls":"service"}},{"type":"Feature","geometry":{"type":"LineString","coordinates":[[8.391801,49.970827],[8.391656,49.970606]]},"properties":{"cls":"path"}},{"type":"Feature","geometry":{"type":"LineString","coordinates":[[8.391635,49.971179],[8.391758,49.971208],[8.392023,49.971143]]},"properties":{"cls":"path"}},{"type":"Feature","geometry":{"type":"LineString","coordinates":[[8.391267,49.97059],[8.391369,49.970563],[8.391482,49.970575],[8.391578,49.970587],[8.391656,49.970606],[8.391694,49.970637],[8.391753,49.970661],[8.391812,49.97066],[8.391935,49.970622],[8.391983,49.970623],[8.392034,49.970648],[8.392329,49.97107],[8.392023,49.971143],[8.391801,49.970827]]},"properties":{"cls":"path"}},{"type":"Feature","geometry":{"type":"LineString","coordinates":[[8.393214,49.971647],[8.393088,49.971701],[8.39247,49.971961],[8.392376,49.972021],[8.392375,49.972075],[8.392374,49.972102],[8.392749,49.972516],[8.392851,49.97254],[8.392953,49.97254],[8.393007,49.972563],[8.393379,49.972958]]},"properties":{"cls":"service"}},{"type":"Feature","geometry":{"type":"LineString","coordinates":[[8.392441,49.973681],[8.392821,49.973578],[8.393031,49.973511],[8.393403,49.973226],[8.393382,49.973148],[8.393306,49.973095]]},"properties":{"cls":"path"}},{"type":"Feature","geometry":{"type":"LineString","coordinates":[[8.392295,49.974564],[8.392556,49.974546],[8.39285,49.974797]]},"properties":{"cls":"track"}},{"type":"Feature","geometry":{"type":"LineString","coordinates":[[8.392019,49.974342],[8.392091,49.974384],[8.392295,49.974564],[8.392637,49.974979]]},"properties":{"cls":"track"}},{"type":"Feature","geometry":{"type":"LineString","coordinates":[[8.393982,49.973834],[8.39386,49.973921],[8.393649,49.974124],[8.39285,49.974797],[8.392637,49.974979],[8.392033,49.975625],[8.390845,49.976895],[8.390732,49.977073],[8.390012,49.977585],[8.389298,49.978101],[8.389269,49.978142],[8.389274,49.978185],[8.389334,49.978213],[8.3906,49.978626]]},"properties":{"cls":"track","name":"Alter Gerauer Weg"}},{"type":"Feature","geometry":{"type":"LineString","coordinates":[[8.392555,49.976912],[8.391571,49.97733],[8.391511,49.977372],[8.3906,49.978626]]},"properties":{"cls":"track"}},{"type":"Feature","geometry":{"type":"LineString","coordinates":[[8.39036,49.979199],[8.390623,49.979267],[8.390915,49.979333],[8.391874,49.979562],[8.391957,49.979581],[8.39231,49.979676]]},"properties":{"cls":"track"}},{"type":"Feature","geometry":{"type":"LineString","coordinates":[[8.389703,49.972882],[8.391676,49.972963],[8.392717,49.973012],[8.393306,49.973095]]},"properties":{"cls":"path"}},{"type":"Feature","geometry":{"type":"LineString","coordinates":[[8.389145,49.973537],[8.392441,49.973681],[8.391459,49.974145],[8.390182,49.97477]]},"properties":{"cls":"track"}},{"type":"Feature","geometry":{"type":"LineString","coordinates":[[8.389145,49.973537],[8.389173,49.973592],[8.389334,49.973724],[8.389545,49.973754],[8.389748,49.973749],[8.390788,49.973724],[8.391088,49.973729],[8.391208,49.97375],[8.391435,49.973974]]},"properties":{"cls":"service"}},{"type":"Feature","geometry":{"type":"LineString","coordinates":[[8.387433,49.977155],[8.389242,49.976156],[8.389279,49.976111],[8.389313,49.976018],[8.389338,49.975987],[8.389401,49.975941],[8.389467,49.975893],[8.390337,49.975365],[8.390872,49.975009],[8.391053,49.974908],[8.391182,49.97481],[8.391335,49.974711],[8.392019,49.974342],[8.39219,49.974258],[8.392244,49.974236],[8.392353,49.974158],[8.392489,49.974076],[8.392806,49.973939],[8.393005,49.973841],[8.393317,49.973617]]},"properties":{"cls":"track"}},{"type":"Feature","geometry":{"type":"LineString","coordinates":[[8.3906,49.978626],[8.39067,49.978697],[8.390674,49.978758],[8.39036,49.979199]]},"properties":{"cls":"track"}},{"type":"Feature","geometry":{"type":"LineString","coordinates":[[8.389098,49.980795],[8.390133,49.981117],[8.390427,49.9812]]},"properties":{"cls":"track"}},{"type":"Feature","geometry":{"type":"LineString","coordinates":[[8.390844,49.98109],[8.391047,49.981071],[8.391178,49.981043],[8.391279,49.981002]]},"properties":{"cls":"trunk"}},{"type":"Feature","geometry":{"type":"LineString","coordinates":[[8.390844,49.98109],[8.391254,49.98119]]},"properties":{"cls":"tertiary","name":"Alzeyer Straße"}},{"type":"Feature","geometry":{"type":"LineString","coordinates":[[8.391279,49.981002],[8.391495,49.980786]]},"properties":{"cls":"trunk"}},{"type":"Feature","geometry":{"type":"LineString","coordinates":[[8.391495,49.980786],[8.391448,49.980999]]},"properties":{"cls":"trunk"}},{"type":"Feature","geometry":{"type":"LineString","coordinates":[[8.391448,49.980999],[8.391479,49.981106],[8.391544,49.981195],[8.39155,49.9812]]},"properties":{"cls":"trunk"}},{"type":"Feature","geometry":{"type":"LineString","coordinates":[[8.391254,49.98119],[8.391299,49.9812]]},"properties":{"cls":"tertiary","name":"Alzeyer Straße"}},{"type":"Feature","geometry":{"type":"LineString","coordinates":[[8.391448,49.980999],[8.391373,49.981116],[8.391315,49.981164],[8.391254,49.98119]]},"properties":{"cls":"trunk"}},{"type":"Feature","geometry":{"type":"LineString","coordinates":[[8.391254,49.98119],[8.391247,49.981127],[8.391248,49.981081],[8.391279,49.981002]]},"properties":{"cls":"trunk"}},{"type":"Feature","geometry":{"type":"LineString","coordinates":[[8.391495,49.980786],[8.391633,49.980568],[8.391962,49.98016],[8.392207,49.979908],[8.392376,49.979739]]},"properties":{"cls":"trunk"}},{"type":"Feature","geometry":{"type":"LineString","coordinates":[[8.392207,49.979908],[8.392456,49.980005]]},"properties":{"cls":"service"}},{"type":"Feature","geometry":{"type":"LineString","coordinates":[[8.393152,49.980655],[8.393032,49.980815],[8.392936,49.980954],[8.392842,49.981113],[8.392798,49.9812]]},"properties":{"cls":"trunk"}},{"type":"Feature","geometry":{"type":"LineString","coordinates":[[8.392643,49.9812],[8.3927,49.981097],[8.392798,49.980927],[8.3929,49.980775],[8.393019,49.980626],[8.393152,49.980479],[8.393253,49.980374],[8.393425,49.980217]]},"properties":{"cls":"trunk","name":"Kurt-Schumacher-Ring"}},{"type":"Feature","geometry":{"type":"LineString","coordinates":[[8.393425,49.980217],[8.39347,49.980113],[8.393492,49.980044],[8.393501,49.979979],[8.393493,49.979913],[8.393468,49.979849],[8.393426,49.979788],[8.393369,49.979733],[8.393298,49.979685],[8.393216,49.979646],[8.393124,49.979616],[8.393026,49.979597],[8.392924,49.979588],[8.392821,49.979591],[8.39272,49.979605],[8.392625,49.97963],[8.392538,49.979665],[8.392376,49.979739]]},"properties":{"cls":"trunk"}},{"type":"Feature","geometry":{"type":"LineString","coordinates":[[8.394133,49.980785],[8.394145,49.980707],[8.394135,49.980642],[8.394111,49.98058],[8.394066,49.980515],[8.394004,49.980467],[8.393924,49.980429],[8.393828,49.980406],[8.393734,49.980398],[8.39364,49.980405],[8.393536,49.980426],[8.393451,49.980459],[8.393152,49.980655]]},"properties":{"cls":"trunk"}},{"type":"Feature","geometry":{"type":"LineString","coordinates":[[8.394787,49.979457],[8.394536,49.979582],[8.394345,49.979692],[8.394169,49.979798],[8.39398,49.97993],[8.393766,49.980093],[8.393564,49.980253],[8.393372,49.980427],[8.393152,49.980655]]},"properties":{"cls":"trunk"}},{"type":"Feature","geometry":{"type":"LineString","coordinates":[[8.393928,49.9812],[8.394133,49.980785]]},"properties":{"cls":"trunk"}},{"type":"Feature","geometry":{"type":"LineString","coordinates":[[8.393425,49.980217],[8.393683,49.980012],[8.393997,49.979804],[8.394415,49.979602],[8.394787,49.979457]]},"properties":{"cls":"trunk","name":"Kurt-Schumacher-Ring"}},{"type":"Feature","geometry":{"type":"LineString","coordinates":[[8.394787,49.979457],[8.394503,49.97971],[8.394384,49.979824],[8.39431,49.979909],[8.394253,49.979996],[8.394218,49.980074],[8.394205,49.98015],[8.394201,49.980241],[8.394217,49.980406],[8.394225,49.980494],[8.394212,49.98059],[8.394186,49.980677],[8.394133,49.980785]]},"properties":{"cls":"trunk"}},{"type":"Feature","geometry":{"type":"LineString","coordinates":[[8.394296,49.9812],[8.394656,49.980441],[8.394771,49.98046],[8.394847,49.980295],[8.395508,49.980427],[8.395635,49.980185]]},"properties":{"cls":"path"}},{"type":"Feature","geometry":{"type":"LineString","coordinates":[[8.394951,49.98004],[8.395635,49.980185],[8.395968,49.980255],[8.396,49.980262]]},"properties":{"cls":"residential","name":"Paul-Hessemer-Straße"}},{"type":"Feature","geometry":{"type":"LineString","coordinates":[[8.396,49.978696],[8.395243,49.978975],[8.394431,49.979238],[8.39351,49.97933],[8.392621,49.979391],[8.392102,49.979378],[8.391874,49.979562]]},"properties":{"cls":"track"}},{"type":"Feature","geometry":{"type":"LineString","coordinates":[[8.395119,49.979316],[8.395275,49.979255],[8.395627,49.979119],[8.3959,49.979033],[8.396,49.979006]]},"properties":{"cls":"trunk","name":"Kurt-Schumacher-Ring"}},{"type":"Feature","geometry":{"type":"LineString","coordinates":[[8.392555,49.976912],[8.393897,49.976359],[8.394215,49.976228],[8.394341,49.976176],[8.39491,49.975967],[8.395282,49.975841],[8.395796,49.975717],[8.396,49.975676]]},"properties":{"cls":"service","name":"Im Wüsten Forst"}},{"type":"Feature","geometry":{"type":"LineString","coordinates":[[8.396,49.972943],[8.395876,49.972961],[8.395709,49.972987],[8.395577,49.972992],[8.395411,49.972974],[8.395224,49.972926],[8.395035,49.972833]]},"properties":{"cls":"track"}},{"type":"Feature","geometry":{"type":"LineString","coordinates":[[8.395628,49.972688],[8.395297,49.972563]]},"properties":{"cls":"track"}},{"type":"Feature","geometry":{"type":"LineString","coordinates":[[8.382182,49.973068],[8.383156,49.97305],[8.385145,49.97305],[8.387414,49.973081],[8.39006,49.973163],[8.391308,49.973228],[8.392251,49.973281],[8.393185,49.973337],[8.393734,49.973378],[8.395641,49.973526],[8.396,49.973559]]},"properties":{"cls":"motorway"}},{"type":"Feature","geometry":{"type":"LineString","coordinates":[[8.393317,49.973617],[8.393385,49.973557],[8.39388,49.973269],[8.394121,49.973161],[8.394235,49.973141],[8.394432,49.973136],[8.394533,49.973133],[8.394694,49.973094],[8.394798,49.973076],[8.394936,49.973074],[8.396,49.973206]]},"properties":{"cls":"track"}},{"type":"Feature","geometry":{"type":"LineString","coordinates":[[8.393649,49.974124],[8.393882,49.974216],[8.394127,49.974352],[8.394877,49.974975],[8.3954,49.975512],[8.395796,49.975717]]},"properties":{"cls":"service"}},{"type":"Feature","geometry":{"type":"LineString","coordinates":[[8.394787,49.979457],[8.395119,49.979316]]},"properties":{"cls":"trunk","name":"Kurt-Schumacher-Ring"}},{"type":"Feature","geometry":{"type":"LineString","coordinates":[[8.392376,49.979739],[8.392444,49.979672],[8.392518,49.979619],[8.392605,49.979565],[8.392718,49.979513],[8.392822,49.979477],[8.392931,49.979451],[8.393066,49.979427],[8.393193,49.979416],[8.393342,49.979409],[8.39349,49.979414],[8.393633,49.979428],[8.393831,49.979461],[8.393973,49.979478],[8.394096,49.979485],[8.394221,49.979483],[8.394341,49.979476],[8.394495,49.979452],[8.394684,49.979416],[8.395119,49.979316]]},"properties":{"cls":"trunk"}},{"type":"Feature","geometry":{"type":"LineString","coordinates":[[8.393897,49.976359],[8.392747,49.975854]]},"properties":{"cls":"service"}},{"type":"Feature","geometry":{"type":"LineString","coordinates":[[8.393317,49.973617],[8.393592,49.973739],[8.393982,49.973834]]},"properties":{"cls":"path"}},{"type":"Feature","geometry":{"type":"LineString","coordinates":[[8.393798,49.972238],[8.393303,49.971737]]},"properties":{"cls":"service"}},{"type":"Feature","geometry":{"type":"LineString","coordinates":[[8.393303,49.971737],[8.393214,49.971647],[8.393073,49.971499],[8.392817,49.971242]]},"properties":{"cls":"residential","name":"Alter Mainzer Weg"}},{"type":"Feature","geometry":{"type":"LineString","coordinates":[[8.392817,49.971242],[8.392868,49.971226],[8.392936,49.971192],[8.392983,49.971147],[8.393081,49.971024],[8.393816,49.969813],[8.393909,49.96969],[8.393996,49.969596],[8.394107,49.969497],[8.394284,49.969365],[8.394658,49.969091]]},"properties":{"cls":"residential","name":"Industriestraße"}},{"type":"Feature","geometry":{"type":"LineString","coordinates":[[8.392588,49.967571],[8.393455,49.968067],[8.393683,49.968197],[8.394547,49.96869]]},"properties":{"cls":"tertiary","name":"Oppenheimer Straße"}},{"type":"Feature","geometry":{"type":"LineString","coordinates":[[8.395269,49.967362],[8.393866,49.967998],[8.393312,49.968248],[8.391671,49.968954]]},"properties":{"cls":"secondary"}},{"type":"Feature","geometry":{"type":"LineString","coordinates":[[8.393095,49.9672],[8.392844,49.967384]]},"properties":{"cls":"secondary"}},{"type":"Feature","geometry":{"type":"LineString","coordinates":[[8.394547,49.96869],[8.394906,49.968904]]},"properties":{"cls":"tertiary","name":"Oppenheimer Straße"}},{"type":"Feature","geometry":{"type":"LineString","coordinates":[[8.394547,49.96869],[8.394716,49.96873],[8.394799,49.968743],[8.394894,49.968747],[8.395024,49.96875],[8.395131,49.968745]]},"properties":{"cls":"secondary"}},{"type":"Feature","geometry":{"type":"LineString","coordinates":[[8.394658,49.969091],[8.394906,49.968904]]},"properties":{"cls":"residential","name":"Industriestraße"}},{"type":"Feature","geometry":{"type":"LineString","coordinates":[[8.394955,49.969724],[8.394446,49.969451],[8.394284,49.969365]]},"properties":{"cls":"service"}},{"type":"Feature","geometry":{"type":"MultiLineString","coordinates":[[[8.393073,49.971499],[8.393087,49.971496],[8.39311,49.971498],[8.393134,49.971505],[8.393157,49.971517],[8.393668,49.971843],[8.39437,49.972175],[8.394777,49.972365],[8.395581,49.971974],[8.396,49.971742]],[[8.396,49.971285],[8.395829,49.971049]]]},"properties":{"cls":"service"}},{"type":"Feature","geometry":{"type":"LineString","coordinates":[[8.394906,49.968904],[8.395266,49.969149]]},"properties":{"cls":"tertiary","name":"Oppenheimer Straße"}},{"type":"Feature","geometry":{"type":"LineString","coordinates":[[8.395266,49.969149],[8.395039,49.969108],[8.394935,49.969097],[8.394833,49.969094],[8.394658,49.969091]]},"properties":{"cls":"residential"}},{"type":"Feature","geometry":{"type":"LineString","coordinates":[[8.394906,49.968904],[8.395131,49.968745]]},"properties":{"cls":"secondary"}},{"type":"Feature","geometry":{"type":"LineString","coordinates":[[8.395868,49.969296],[8.395725,49.969221],[8.395827,49.969149]]},"properties":{"cls":"track"}},{"type":"Feature","geometry":{"type":"LineString","coordinates":[[8.395898,49.969095],[8.395827,49.969149],[8.395834,49.969204],[8.395842,49.969246],[8.395868,49.969296],[8.395925,49.969322],[8.395985,49.969344],[8.396,49.969351]]},"properties":{"cls":"track"}},{"type":"Feature","geometry":{"type":"LineString","coordinates":[[8.395131,49.968745],[8.396,49.96816]]},"properties":{"cls":"secondary"}},{"type":"Feature","geometry":{"type":"LineString","coordinates":[[8.396,49.967203],[8.395928,49.967206],[8.395801,49.967223],[8.39562,49.96726],[8.395349,49.967326]]},"properties":{"cls":"secondary"}},{"type":"Feature","geometry":{"type":"LineString","coordinates":[[8.395349,49.967326],[8.395269,49.967362]]},"properties":{"cls":"secondary"}},{"type":"Feature","geometry":{"type":"LineString","coordinates":[[8.395269,49.967362],[8.39539,49.967255],[8.395438,49.967208],[8.395444,49.9672]]},"properties":{"cls":"secondary"}},{"type":"Feature","geometry":{"type":"LineString","coordinates":[[8.395631,49.9672],[8.395349,49.967326]]},"properties":{"cls":"secondary"}},{"type":"Feature","geometry":{"type":"LineString","coordinates":[[8.396,49.969467],[8.395725,49.969221],[8.395373,49.968907],[8.395719,49.968507],[8.396,49.968311]]},"properties":{"cls":"track"}},{"type":"Feature","geometry":{"type":"LineString","coordinates":[[8.395266,49.969149],[8.395422,49.969259],[8.395969,49.96969],[8.396,49.969718]]},"properties":{"cls":"tertiary","name":"Im Wüsten Forst"}},{"type":"Feature","geometry":{"type":"LineString","coordinates":[[8.395628,49.972688],[8.396,49.972506]]},"properties":{"cls":"track"}},{"type":"Feature","geometry":{"type":"LineString","coordinates":[[8.396,49.972829],[8.395628,49.972688]]},"properties":{"cls":"track"}},{"type":"Feature","geometry":{"type":"LineString","coordinates":[[8.396,49.973667],[8.395591,49.97363],[8.393562,49.973474],[8.392997,49.973437],[8.392308,49.97339],[8.391311,49.973336],[8.390055,49.97327],[8.387405,49.973191],[8.385132,49.973154],[8.38314,49.973162],[8.380798,49.973213],[8.378909,49.973276],[8.378422,49.973307]]},"properties":{"cls":"motorway"}},{"type":"Feature","geometry":{"type":"LineString","coordinates":[[8.395968,49.980255],[8.396,49.980185]]},"properties":{"cls":"path"}}]}