{"type":"FeatureCollection","features":[{"type":"Feature","geometry":{"type":"Point","coordinates":[8.68209,50.11064]},"properties":{"name":"Frankfurt am Main","cls":"city","pop":701350,"rank":1}},{"type":"Feature","geometry":{"type":"Point","coordinates":[8.24166,50.08204]},"properties":{"name":"Wiesbaden","cls":"city","pop":299946,"rank":1}},{"type":"Feature","geometry":{"type":"Point","coordinates":[8.27363,49.99952]},"properties":{"name":"Mainz","cls":"city","pop":227277,"rank":1}},{"type":"Feature","geometry":{"type":"Point","coordinates":[8.65118,49.87277]},"properties":{"name":"Darmstadt","cls":"city","pop":159631,"rank":1}},{"type":"Feature","geometry":{"type":"Point","coordinates":[8.76107,50.1055]},"properties":{"name":"Offenbach am Main","cls":"city","pop":136824,"rank":1}},{"type":"Feature","geometry":{"type":"Point","coordinates":[8.91698,50.13288]},"properties":{"name":"Hanau","cls":"city","pop":101364,"rank":1}},{"type":"Feature","geometry":{"type":"Point","coordinates":[8.61301,50.22838]},"properties":{"name":"Bad Homburg vor der Höhe","cls":"town","pop":56688,"rank":2}},{"type":"Feature","geometry":{"type":"Point","coordinates":[8.88534,50.01768]},"properties":{"name":"Rodgau","cls":"town","pop":47946,"rank":2}},{"type":"Feature","geometry":{"type":"Point","coordinates":[8.58337,50.20329]},"properties":{"name":"Oberursel (Taunus)","cls":"town","pop":46545,"rank":2}},{"type":"Feature","geometry":{"type":"Point","coordinates":[8.71239,50.01197]},"properties":{"name":"Dreieich","cls":"village","pop":41996,"rank":2}},{"type":"Feature","geometry":{"type":"Point","coordinates":[8.67177,50.04642]},"properties":{"name":"Neu-Isenburg","cls":"town","pop":40751,"rank":2}},{"type":"Feature","geometry":{"type":"Point","coordinates":[8.83713,50.14387]},"properties":{"name":"Maintal","cls":"village","pop":39307,"rank":2}},{"type":"Feature","geometry":{"type":"Point","coordinates":[8.6667,49.99151]},"properties":{"name":"Langen","cls":"town","pop":35845,"rank":2}},{"type":"Feature","geometry":{"type":"Point","coordinates":[8.56225,49.99238]},"properties":{"name":"Mörfelden-Walldorf","cls":"village","pop":35000,"rank":2}},{"type":"Feature","geometry":{"type":"Point","coordinates":[8.78428,50.01719]},"properties":{"name":"Dietzenbach","cls":"town","pop":34429,"rank":2}},{"type":"Feature","geometry":{"type":"Point","coordinates":[8.75366,50.33663]},"properties":{"name":"Friedberg","cls":"town","pop":32348,"rank":2}},{"type":"Feature","geometry":{"type":"Point","coordinates":[8.15033,50.1391]},"properties":{"name":"Taunusstein","cls":"village","pop":31199,"rank":2}},{"type":"Feature","geometry":{"type":"Point","coordinates":[8.74764,50.32827]},"properties":{"name":"Friedberg (Hessen)","cls":"village","pop":30409,"rank":2}},{"type":"Feature","geometry":{"type":"Point","coordinates":[8.84671,50.10806]},"properties":{"name":"Mühlheim am Main","cls":"town","pop":28000,"rank":2}},{"type":"Feature","geometry":{"type":"Point","coordinates":[8.5762,49.86159]},"properties":{"name":"Griesheim","cls":"town","pop":27357,"rank":2}},{"type":"Feature","geometry":{"type":"Point","coordinates":[8.5924,49.9178]},"properties":{"name":"Weiterstadt","cls":"village","pop":25942,"rank":2}},{"type":"Feature","geometry":{"type":"Point","coordinates":[8.62489,50.26209]},"properties":{"name":"Friedrichsdorf","cls":"town","pop":25871,"rank":2}},{"type":"Feature","geometry":{"type":"Point","coordinates":[8.2902,50.2147]},"properties":{"name":"Idstein","cls":"town","pop":25736,"rank":2}},{"type":"Feature","geometry":{"type":"Point","coordinates":[8.5877,49.7943]},"properties":{"name":"Pfungstadt","cls":"town","pop":24885,"rank":2}},{"type":"Feature","geometry":{"type":"Point","coordinates":[8.05473,49.97527]},"properties":{"name":"Ingelheim am Rhein","cls":"town","pop":24283,"rank":2}},{"type":"Feature","geometry":{"type":"Point","coordinates":[8.48997,50.1517]},"properties":{"name":"Bad Soden am Taunus","cls":"town","pop":22871,"rank":2}},{"type":"Feature","geometry":{"type":"Point","coordinates":[8.77177,50.23134]},"properties":{"name":"Karben","cls":"village","pop":22600,"rank":2}},{"type":"Feature","geometry":{"type":"Point","coordinates":[8.95937,50.03471]},"properties":{"name":"Seligenstadt","cls":"town","pop":21226,"rank":2}},{"type":"Feature","geometry":{"type":"Point","coordinates":[8.4265,50.0296]},"properties":{"name":"Flörsheim","cls":"village","pop":20623,"rank":2}},{"type":"Feature","geometry":{"type":"Point","coordinates":[8.87623,50.22903]},"properties":{"name":"Nidderau","cls":"town","pop":20556,"rank":2}},{"type":"Feature","geometry":{"type":"Point","coordinates":[8.9369,50.1845]},"properties":{"name":"Bruchköbel","cls":"town","pop":20512,"rank":2}},{"type":"Feature","geometry":{"type":"Point","coordinates":[8.8236,50.05377]},"properties":{"name":"Heusenstamm","cls":"town","pop":18401,"rank":2}},{"type":"Feature","geometry":{"type":"Point","coordinates":[8.50859,50.17966]},"properties":{"name":"Kronberg im Taunus","cls":"town","pop":18255,"rank":2}},{"type":"Feature","geometry":{"type":"Point","coordinates":[8.65425,49.91135]},"properties":{"name":"Arheilgen","cls":"village","pop":17815,"rank":2}},{"type":"Feature","geometry":{"type":"Point","coordinates":[8.10441,50.02201]},"properties":{"name":"Eltville am Rhein","cls":"town","pop":17031,"rank":2}},{"type":"Feature","geometry":{"type":"Point","coordinates":[8.94603,49.95622]},"properties":{"name":"Babenhausen","cls":"town","pop":16920,"rank":2}},{"type":"Feature","geometry":{"type":"Point","coordinates":[8.3587,50.0277]},"properties":{"name":"Hochheim","cls":"village","pop":16860,"rank":2}},{"type":"Feature","geometry":{"type":"Point","coordinates":[8.46282,50.19513]},"properties":{"name":"Königstein im Taunus","cls":"town","pop":16744,"rank":2}},{"type":"Feature","geometry":{"type":"Point","coordinates":[8.6632,49.7598]},"properties":{"name":"Seeheim-Jugenheim","cls":"village","pop":16451,"rank":2}},{"type":"Feature","geometry":{"type":"Point","coordinates":[8.82382,49.83649]},"properties":{"name":"Reinheim","cls":"town","pop":16385,"rank":2}},{"type":"Feature","geometry":{"type":"Point","coordinates":[8.23836,50.00305]},"properties":{"name":"Hartenberg-Münchfeld","cls":"village","pop":16155,"rank":2}},{"type":"Feature","geometry":{"type":"Point","coordinates":[8.98465,50.16244]},"properties":{"name":"Erlensee","cls":"village","pop":15907,"rank":2}},{"type":"Feature","geometry":{"type":"Point","coordinates":[8.83962,49.89818]},"properties":{"name":"Dieburg","cls":"town","pop":15500,"rank":2}},{"type":"Feature","geometry":{"type":"Point","coordinates":[8.85111,49.92953]},"properties":{"name":"Münster (Hessen)","cls":"village","pop":15043,"rank":2}},{"type":"Feature","geometry":{"type":"Point","coordinates":[8.80147,49.88649]},"properties":{"name":"Groß-Zimmern","cls":"town","pop":14691,"rank":2}},{"type":"Feature","geometry":{"type":"Point","coordinates":[8.50661,50.29626]},"properties":{"name":"Neu-Anspach","cls":"town","pop":14619,"rank":2}},{"type":"Feature","geometry":{"type":"Point","coordinates":[8.95241,50.07159]},"properties":{"name":"Hainburg","cls":"village","pop":14366,"rank":3}},{"type":"Feature","geometry":{"type":"Point","coordinates":[8.29308,50.17324]},"properties":{"name":"Niedernhausen","cls":"town","pop":14345,"rank":2}},{"type":"Feature","geometry":{"type":"Point","coordinates":[8.28053,50.30557]},"properties":{"name":"Bad Camberg","cls":"town","pop":14324,"rank":2}},{"type":"Feature","geometry":{"type":"Point","coordinates":[8.6941,49.8077]},"properties":{"name":"Mühltal","cls":"village","pop":13819,"rank":3}},{"type":"Feature","geometry":{"type":"Point","coordinates":[9.04333,50.17808]},"properties":{"name":"Langenselbold","cls":"town","pop":13553,"rank":2}},{"type":"Feature","geometry":{"type":"Point","coordinates":[8.69673,50.29909]},"properties":{"name":"Rosbach vor der Höhe","cls":"town","pop":13084,"rank":2}},{"type":"Feature","geometry":{"type":"Point","coordinates":[8.95682,50.28489]},"properties":{"name":"Altenstadt","cls":"town","pop":12363,"rank":2}},{"type":"Feature","geometry":{"type":"Point","coordinates":[8.04872,50.13355]},"properties":{"name":"Bad Schwalbach","cls":"town","pop":11532,"rank":2}},{"type":"Feature","geometry":{"type":"Point","coordinates":[9.04065,50.14288]},"properties":{"name":"Rodenbach","cls":"village","pop":11500,"rank":3}},{"type":"Feature","geometry":{"type":"Point","coordinates":[8.83333,50.2056]},"properties":{"name":"Schöneck","cls":"village","pop":11500,"rank":3}},{"type":"Feature","geometry":{"type":"Point","coordinates":[8.66593,49.96684]},"properties":{"name":"Egelsbach","cls":"town","pop":11452,"rank":2}},{"type":"Feature","geometry":{"type":"Point","coordinates":[8.01676,50.00719]},"properties":{"name":"Oestrich-Winkel","cls":"village","pop":11443,"rank":3}},{"type":"Feature","geometry":{"type":"Point","coordinates":[8.57196,50.1674]},"properties":{"name":"Steinbach (Taunus)","cls":"town","pop":10665,"rank":2}},{"type":"Feature","geometry":{"type":"Point","coordinates":[8.18621,50.24816]},"properties":{"name":"Hünstetten","cls":"village","pop":10380,"rank":3}},{"type":"Feature","geometry":{"type":"Point","coordinates":[8.97896,49.78911]},"properties":{"name":"Höchst im Odenwald","cls":"town","pop":10165,"rank":2}},{"type":"Feature","geometry":{"type":"Point","coordinates":[8.14341,50.33159]},"properties":{"name":"Hünfelden","cls":"village","pop":10000,"rank":3}},{"type":"Feature","geometry":{"type":"Point","coordinates":[8.83333,50.2833]},"properties":{"name":"Niddatal","cls":"village","pop":10000,"rank":3}},{"type":"Feature","geometry":{"type":"Point","coordinates":[8.58375,50.30128]},"properties":{"name":"Wehrheim","cls":"village","pop":9827,"rank":3}},{"type":"Feature","geometry":{"type":"Point","coordinates":[9.01061,50.00848]},"properties":{"name":"Mainhausen","cls":"village","pop":9503,"rank":3}},{"type":"Feature","geometry":{"type":"Point","coordinates":[8.44259,50.27026]},"properties":{"name":"Schmitten im Taunus","cls":"town","pop":9487,"rank":2}},{"type":"Feature","geometry":{"type":"Point","coordinates":[8.90501,50.32009]},"properties":{"name":"Florstadt","cls":"village","pop":9097,"rank":3}},{"type":"Feature","geometry":{"type":"Point","coordinates":[8.17265,50.02382]},"properties":{"name":"Budenheim","cls":"village","pop":8596,"rank":3}},{"type":"Feature","geometry":{"type":"Point","coordinates":[8.17752,49.91908]},"properties":{"name":"Nieder-Olm","cls":"town","pop":8452,"rank":2}},{"type":"Feature","geometry":{"type":"Point","coordinates":[9.00791,50.06823]},"properties":{"name":"Kahl am Main","cls":"village","pop":8203,"rank":3}},{"type":"Feature","geometry":{"type":"Point","coordinates":[8.2649,50.34909]},"properties":{"name":"Selters (Taunus)","cls":"village","pop":8099,"rank":3}},{"type":"Feature","geometry":{"type":"Point","coordinates":[8.1385,50.13753]},"properties":{"name":"Bleidenstadt","cls":"village","pop":8092,"rank":3}},{"type":"Feature","geometry":{"type":"Point","coordinates":[8.639,49.95243]},"properties":{"name":"Erzhausen","cls":"village","pop":8004,"rank":3}},{"type":"Feature","geometry":{"type":"Point","coordinates":[9.03378,50.04432]},"properties":{"name":"Karlstein am Main","cls":"village","pop":8000,"rank":3}},{"type":"Feature","geometry":{"type":"Point","coordinates":[8.33654,49.87108]},"properties":{"name":"Nierstein","cls":"town","pop":7877,"rank":2}},{"type":"Feature","geometry":{"type":"Point","coordinates":[8.64954,50.2431]},"properties":{"name":"Seulberg","cls":"village","pop":7858,"rank":3}},{"type":"Feature","geometry":{"type":"Point","coordinates":[8.34124,50.06299]},"properties":{"name":"Nordenstadt","cls":"village","pop":7844,"rank":3}},{"type":"Feature","geometry":{"type":"Point","coordinates":[8.15977,50.14291]},"properties":{"name":"Hahn","cls":"village","pop":7729,"rank":3}},{"type":"Feature","geometry":{"type":"Point","coordinates":[8.1135,49.99468]},"properties":{"name":"Heidesheim am Rhein","cls":"village","pop":7609,"rank":3}},{"type":"Feature","geometry":{"type":"Point","coordinates":[9.02978,49.82378]},"properties":{"name":"Breuberg","cls":"village","pop":7584,"rank":3}},{"type":"Feature","geometry":{"type":"Point","coordinates":[8.12002,49.84535]},"properties":{"name":"Wörrstadt","cls":"town","pop":7577,"rank":2}},{"type":"Feature","geometry":{"type":"Point","coordinates":[8.98374,50.08264]},"properties":{"name":"Großkrotzenburg","cls":"town","pop":7548,"rank":2}},{"type":"Feature","geometry":{"type":"Point","coordinates":[7.96785,50.16721]},"properties":{"name":"Heidenrod","cls":"village","pop":7437,"rank":3}},{"type":"Feature","geometry":{"type":"Point","coordinates":[8.1836,50.15234]},"properties":{"name":"Wehen","cls":"village","pop":7300,"rank":3}},{"type":"Feature","geometry":{"type":"Point","coordinates":[8.15077,49.87494]},"properties":{"name":"Saulheim","cls":"village","pop":7200,"rank":3}},{"type":"Feature","geometry":{"type":"Point","coordinates":[8.30691,49.91178]},"properties":{"name":"Bodenheim","cls":"village","pop":7200,"rank":3}},{"type":"Feature","geometry":{"type":"Point","coordinates":[8.04375,50.09487]},"properties":{"name":"Schlangenbad","cls":"town","pop":7108,"rank":2}},{"type":"Feature","geometry":{"type":"Point","coordinates":[8.35486,49.85276]},"properties":{"name":"Oppenheim","cls":"town","pop":6863,"rank":2}},{"type":"Feature","geometry":{"type":"Point","coordinates":[8.75989,50.2826]},"properties":{"name":"Wöllstadt","cls":"village","pop":6593,"rank":3}},{"type":"Feature","geometry":{"type":"Point","coordinates":[8.3909,50.33067]},"properties":{"name":"Weilrod","cls":"village","pop":6500,"rank":3}},{"type":"Feature","geometry":{"type":"Point","coordinates":[8.9225,49.8261]},"properties":{"name":"Otzberg","cls":"village","pop":6477,"rank":3}},{"type":"Feature","geometry":{"type":"Point","coordinates":[8.03485,49.92524]},"properties":{"name":"Gau-Algesheim","cls":"town","pop":6431,"rank":2}},{"type":"Feature","geometry":{"type":"Point","coordinates":[8.84737,49.94909]},"properties":{"name":"Eppertshausen","cls":"village","pop":6265,"rank":3}},{"type":"Feature","geometry":{"type":"Point","coordinates":[8.0802,50.25163]},"properties":{"name":"Aarbergen","cls":"village","pop":6210,"rank":3}},{"type":"Feature","geometry":{"type":"Point","coordinates":[8.65057,50.27529]},"properties":{"name":"Köppern","cls":"village","pop":6200,"rank":3}},{"type":"Feature","geometry":{"type":"Point","coordinates":[8.54072,50.18299]},"properties":{"name":"Oberhöchstadt","cls":"village","pop":6176,"rank":3}},{"type":"Feature","geometry":{"type":"Point","coordinates":[8.61334,49.754]},"properties":{"name":"Bickenbach","cls":"village","pop":6100,"rank":3}},{"type":"Feature","geometry":{"type":"Point","coordinates":[8.09805,50.19116]},"properties":{"name":"Hohenstein","cls":"village","pop":5829,"rank":3}},{"type":"Feature","geometry":{"type":"Point","coordinates":[8.46025,49.80635]},"properties":{"name":"Stockstadt am Rhein","cls":"village","pop":5779,"rank":3}},{"type":"Feature","geometry":{"type":"Point","coordinates":[8.982,50.2641]},"properties":{"name":"Limeshain","cls":"village","pop":5719,"rank":3}},{"type":"Feature","geometry":{"type":"Point","coordinates":[8.34288,49.91744]},"properties":{"name":"Nackenheim","cls":"village","pop":5705,"rank":3}},{"type":"Feature","geometry":{"type":"Point","coordinates":[8.15309,50.03964]},"properties":{"name":"Walluf","cls":"village","pop":5407,"rank":3}},{"type":"Feature","geometry":{"type":"Point","coordinates":[8.98639,50.19715]},"properties":{"name":"Neuberg","cls":"village","pop":5404,"rank":3}},{"type":"Feature","geometry":{"type":"Point","coordinates":[8.4086,50.21046]},"properties":{"name":"Glashütten","cls":"village","pop":5325,"rank":3}},{"type":"Feature","geometry":{"type":"Point","coordinates":[8.37006,50.26871]},"properties":{"name":"Waldems","cls":"village","pop":5258,"rank":3}},{"type":"Feature","geometry":{"type":"Point","coordinates":[8.36164,50.0475]},"properties":{"name":"Delkenheim","cls":"village","pop":5109,"rank":3}},{"type":"Feature","geometry":{"type":"Point","coordinates":[8.74308,49.75572]},"properties":{"name":"Modautal","cls":"village","pop":5073,"rank":3}},{"type":"Feature","geometry":{"type":"Point","coordinates":[8.99703,50.2303]},"properties":{"name":"Hammersbach","cls":"village","pop":4749,"rank":3}},{"type":"Feature","geometry":{"type":"Point","coordinates":[8.19329,49.9386]},"properties":{"name":"Ober-Olm","cls":"village","pop":4571,"rank":3}},{"type":"Feature","geometry":{"type":"Point","coordinates":[7.96082,49.81231]},"properties":{"name":"Wöllstein","cls":"village","pop":4560,"rank":3}},{"type":"Feature","geometry":{"type":"Point","coordinates":[8.12812,49.91306]},"properties":{"name":"Stadecken-Elsheim","cls":"village","pop":4515,"rank":3}},{"type":"Feature","geometry":{"type":"Point","coordinates":[8.58442,50.2414]},"properties":{"name":"Dornholzhausen","cls":"village","pop":4346,"rank":3}},{"type":"Feature","geometry":{"type":"Point","coordinates":[8.74492,49.93696]},"properties":{"name":"Messel","cls":"village","pop":4090,"rank":3}},{"type":"Feature","geometry":{"type":"Point","coordinates":[8.19475,49.78327]},"properties":{"name":"Gau-Odernheim","cls":"village","pop":3979,"rank":3}},{"type":"Feature","geometry":{"type":"Point","coordinates":[7.98625,49.85989]},"properties":{"name":"Sprendlingen","cls":"village","pop":3942,"rank":3}},{"type":"Feature","geometry":{"type":"Point","coordinates":[8.80304,50.19415]},"properties":{"name":"Niederdorfelden","cls":"village","pop":3875,"rank":3}},{"type":"Feature","geometry":{"type":"Point","coordinates":[8.08402,50.04103]},"properties":{"name":"Kiedrich","cls":"village","pop":3873,"rank":3}},{"type":"Feature","geometry":{"type":"Point","coordinates":[8.51886,50.18327]},"properties":{"name":"Schönberg","cls":"village","pop":3762,"rank":3}},{"type":"Feature","geometry":{"type":"Point","coordinates":[8.34556,49.7975]},"properties":{"name":"Guntersblum","cls":"village","pop":3696,"rank":3}},{"type":"Feature","geometry":{"type":"Point","coordinates":[8.21075,50.17095]},"properties":{"name":"Neuhof","cls":"village","pop":3659,"rank":3}},{"type":"Feature","geometry":{"type":"Point","coordinates":[8.22766,49.88782]},"properties":{"name":"Zornheim","cls":"village","pop":3643,"rank":3}},{"type":"Feature","geometry":{"type":"Point","coordinates":[8.21117,49.93984]},"properties":{"name":"Klein-Winternheim","cls":"village","pop":3602,"rank":3}},{"type":"Feature","geometry":{"type":"Point","coordinates":[8.15641,49.93139]},"properties":{"name":"Essenheim","cls":"village","pop":3439,"rank":3}},{"type":"Feature","geometry":{"type":"Point","coordinates":[8.25431,50.24569]},"properties":{"name":"Wörsdorf","cls":"village","pop":3386,"rank":3}},{"type":"Feature","geometry":{"type":"Point","coordinates":[9.03501,49.93113]},"properties":{"name":"Ringheim","cls":"village","pop":3159,"rank":3}},{"type":"Feature","geometry":{"type":"Point","coordinates":[8.25583,50.33969]},"properties":{"name":"Eisenbach","cls":"village","pop":3121,"rank":3}},{"type":"Feature","geometry":{"type":"Point","coordinates":[8.26949,49.88342]},"properties":{"name":"Mommenheim","cls":"village","pop":3086,"rank":3}},{"type":"Feature","geometry":{"type":"Point","coordinates":[9.00239,50.32174]},"properties":{"name":"Glauburg","cls":"village","pop":3064,"rank":3}},{"type":"Feature","geometry":{"type":"Point","coordinates":[8.22623,50.33675]},"properties":{"name":"Niederselters","cls":"village","pop":3048,"rank":3}},{"type":"Feature","geometry":{"type":"Point","coordinates":[8.06893,50.3048]},"properties":{"name":"Hahnstätten","cls":"village","pop":2955,"rank":3}},{"type":"Feature","geometry":{"type":"Point","coordinates":[8.37465,49.77886]},"properties":{"name":"Gimbsheim","cls":"village","pop":2950,"rank":3}},{"type":"Feature","geometry":{"type":"Point","coordinates":[8.78115,50.19302]},"properties":{"name":"Gronau","cls":"village","pop":2752,"rank":3}},{"type":"Feature","geometry":{"type":"Point","coordinates":[8.8097,49.76736]},"properties":{"name":"Fischbachtal","cls":"town","pop":2722,"rank":2}},{"type":"Feature","geometry":{"type":"Point","coordinates":[8.05896,49.80721]},"properties":{"name":"Armsheim","cls":"village","pop":2640,"rank":3}},{"type":"Feature","geometry":{"type":"Point","coordinates":[8.34179,49.76565]},"properties":{"name":"Alsheim","cls":"village","pop":2637,"rank":3}},{"type":"Feature","geometry":{"type":"Point","coordinates":[8.0366,49.78575]},"properties":{"name":"Flonheim","cls":"village","pop":2627,"rank":3}},{"type":"Feature","geometry":{"type":"Point","coordinates":[7.97244,49.94224]},"properties":{"name":"Ockenheim","cls":"village","pop":2552,"rank":3}},{"type":"Feature","geometry":{"type":"Point","coordinates":[8.09553,49.929]},"properties":{"name":"Schwabenheim an der Selz","cls":"village","pop":2520,"rank":3}},{"type":"Feature","geometry":{"type":"Point","coordinates":[8.21807,49.83967]},"properties":{"name":"Undenheim","cls":"village","pop":2509,"rank":3}},{"type":"Feature","geometry":{"type":"Point","coordinates":[7.97684,50.26762]},"properties":{"name":"Katzenelnbogen","cls":"town","pop":2235,"rank":2}},{"type":"Feature","geometry":{"type":"Point","coordinates":[8.29842,49.8991]},"properties":{"name":"Lörzweiler","cls":"village","pop":2179,"rank":3}},{"type":"Feature","geometry":{"type":"Point","coordinates":[8.02056,49.8353]},"properties":{"name":"Gau-Bickelheim","cls":"village","pop":2152,"rank":3}},{"type":"Feature","geometry":{"type":"Point","coordinates":[9.04368,49.89345]},"properties":{"name":"Wenigumstadt","cls":"village","pop":2092,"rank":3}},{"type":"Feature","geometry":{"type":"Point","coordinates":[8.27111,49.90452]},"properties":{"name":"Harxheim","cls":"village","pop":2030,"rank":3}},{"type":"Feature","geometry":{"type":"Point","coordinates":[8.34972,49.8372]},"properties":{"name":"Dienheim","cls":"village","pop":2015,"rank":3}},{"type":"Feature","geometry":{"type":"Point","coordinates":[8.83474,50.109]},"properties":{"name":"Markwald","cls":"village","pop":2000,"rank":3}},{"type":"Feature","geometry":{"type":"Point","coordinates":[8.27461,49.91419]},"properties":{"name":"Gau-Bischofsheim","cls":"village","pop":1985,"rank":3}},{"type":"Feature","geometry":{"type":"Point","coordinates":[8.12108,50.08738]},"properties":{"name":"Georgenborn","cls":"village","pop":1953,"rank":3}},{"type":"Feature","geometry":{"type":"Point","coordinates":[8.67691,49.79128]},"properties":{"name":"Nieder-Beerbach","cls":"village","pop":1833,"rank":3}},{"type":"Feature","geometry":{"type":"Point","coordinates":[8.19491,49.8041]},"properties":{"name":"Bechtolsheim","cls":"village","pop":1810,"rank":3}},{"type":"Feature","geometry":{"type":"Point","coordinates":[8.05191,49.83644]},"properties":{"name":"Wallertheim","cls":"village","pop":1799,"rank":3}},{"type":"Feature","geometry":{"type":"Point","coordinates":[8.12171,49.77355]},"properties":{"name":"Albig","cls":"village","pop":1646,"rank":3}},{"type":"Feature","geometry":{"type":"Point","coordinates":[8.07686,49.88381]},"properties":{"name":"Partenheim","cls":"village","pop":1630,"rank":3}},{"type":"Feature","geometry":{"type":"Point","coordinates":[8.08466,49.89413]},"properties":{"name":"Jugenheim in Rheinhessen","cls":"village","pop":1601,"rank":3}},{"type":"Feature","geometry":{"type":"Point","coordinates":[8.17489,49.84734]},"properties":{"name":"Schornsheim","cls":"village","pop":1585,"rank":3}},{"type":"Feature","geometry":{"type":"Point","coordinates":[8.33076,50.22104]},"properties":{"name":"Heftrich","cls":"village","pop":1584,"rank":3}},{"type":"Feature","geometry":{"type":"Point","coordinates":[8.17963,49.75867]},"properties":{"name":"Framersheim","cls":"village","pop":1570,"rank":3}},{"type":"Feature","geometry":{"type":"Point","coordinates":[8.24075,49.86192]},"properties":{"name":"Hahnheim","cls":"village","pop":1558,"rank":3}},{"type":"Feature","geometry":{"type":"Point","coordinates":[8.25345,49.8639]},"properties":{"name":"Selzen","cls":"village","pop":1543,"rank":3}},{"type":"Feature","geometry":{"type":"Point","coordinates":[7.9513,49.85032]},"properties":{"name":"Pfaffen-Schwabenheim","cls":"village","pop":1522,"rank":3}},{"type":"Feature","geometry":{"type":"Point","coordinates":[8.31656,49.84616]},"properties":{"name":"Dexheim","cls":"village","pop":1514,"rank":3}},{"type":"Feature","geometry":{"type":"Point","coordinates":[8.91687,50.31145]},"properties":{"name":"Stammheim","cls":"village","pop":1466,"rank":3}},{"type":"Feature","geometry":{"type":"Point","coordinates":[8.07333,50.10232]},"properties":{"name":"Bärstadt","cls":"village","pop":1465,"rank":3}},{"type":"Feature","geometry":{"type":"Point","coordinates":[8.94276,50.33192]},"properties":{"name":"Nieder-Mockstadt","cls":"village","pop":1458,"rank":3}},{"type":"Feature","geometry":{"type":"Point","coordinates":[8.00178,49.76708]},"properties":{"name":"Wendelsheim","cls":"village","pop":1449,"rank":3}},{"type":"Feature","geometry":{"type":"Point","coordinates":[8.28032,50.27058]},"properties":{"name":"Walsdorf","cls":"village","pop":1432,"rank":3}},{"type":"Feature","geometry":{"type":"Point","coordinates":[8.03206,49.75733]},"properties":{"name":"Erbes-Büdesheim","cls":"village","pop":1422,"rank":3}},{"type":"Feature","geometry":{"type":"Point","coordinates":[8.05516,50.33535]},"properties":{"name":"Niederneisen","cls":"village","pop":1422,"rank":3}},{"type":"Feature","geometry":{"type":"Point","coordinates":[8.03331,49.93001]},"properties":{"name":"Appenheim","cls":"village","pop":1406,"rank":3}},{"type":"Feature","geometry":{"type":"Point","coordinates":[8.08124,49.94272]},"properties":{"name":"Großwinternheim","cls":"village","pop":1401,"rank":3}},{"type":"Feature","geometry":{"type":"Point","coordinates":[8.31172,50.23626]},"properties":{"name":"Bermbach","cls":"village","pop":1382,"rank":3}},{"type":"Feature","geometry":{"type":"Point","coordinates":[8.24624,49.84527]},"properties":{"name":"Köngernheim","cls":"village","pop":1335,"rank":3}},{"type":"Feature","geometry":{"type":"Point","coordinates":[8.17135,49.8648]},"properties":{"name":"Udenheim","cls":"village","pop":1298,"rank":3}},{"type":"Feature","geometry":{"type":"Point","coordinates":[8.12075,50.12491]},"properties":{"name":"Seitzenhahn","cls":"village","pop":1291,"rank":3}},{"type":"Feature","geometry":{"type":"Point","coordinates":[7.95703,49.79739]},"properties":{"name":"Siefersheim","cls":"village","pop":1289,"rank":3}},{"type":"Feature","geometry":{"type":"Point","coordinates":[8.1864,50.1812]},"properties":{"name":"Orlen","cls":"village","pop":1184,"rank":3}},{"type":"Feature","geometry":{"type":"Point","coordinates":[8.20161,49.88282]},"properties":{"name":"Sörgenloch","cls":"village","pop":1181,"rank":3}},{"type":"Feature","geometry":{"type":"Point","coordinates":[8.94272,49.82192]},"properties":{"name":"Wiebelsbach","cls":"village","pop":1174,"rank":3}},{"type":"Feature","geometry":{"type":"Point","coordinates":[8.07767,50.28438]},"properties":{"name":"Burgschwalbach","cls":"village","pop":1166,"rank":3}},{"type":"Feature","geometry":{"type":"Point","coordinates":[8.28821,49.81026]},"properties":{"name":"Uelversheim","cls":"village","pop":1136,"rank":3}},{"type":"Feature","geometry":{"type":"Point","coordinates":[8.98287,49.97025]},"properties":{"name":"Harreshausen","cls":"village","pop":1108,"rank":3}},{"type":"Feature","geometry":{"type":"Point","coordinates":[8.74049,49.77167]},"properties":{"name":"Ernsthofen","cls":"village","pop":1095,"rank":3}},{"type":"Feature","geometry":{"type":"Point","coordinates":[8.09378,49.84159]},"properties":{"name":"Sulzheim","cls":"village","pop":1093,"rank":3}},{"type":"Feature","geometry":{"type":"Point","coordinates":[8.31547,50.25021]},"properties":{"name":"Esch","cls":"village","pop":1092,"rank":3}},{"type":"Feature","geometry":{"type":"Point","coordinates":[8.34609,50.27406]},"properties":{"name":"Steinfischbach","cls":"village","pop":1087,"rank":3}},{"type":"Feature","geometry":{"type":"Point","coordinates":[8.09818,50.10855]},"properties":{"name":"Wambach","cls":"village","pop":1086,"rank":3}},{"type":"Feature","geometry":{"type":"Point","coordinates":[8.04953,50.34393]},"properties":{"name":"Flacht","cls":"village","pop":1053,"rank":3}},{"type":"Feature","geometry":{"type":"Point","coordinates":[8.29589,49.82813]},"properties":{"name":"Dalheim","cls":"village","pop":1046,"rank":3}},{"type":"Feature","geometry":{"type":"Point","coordinates":[8.39393,50.3013]},"properties":{"name":"Riedelbach","cls":"village","pop":1043,"rank":3}},{"type":"Feature","geometry":{"type":"Point","coordinates":[8.25694,49.7944]},"properties":{"name":"Dolgesheim","cls":"village","pop":1015,"rank":3}},{"type":"Feature","geometry":{"type":"Point","coordinates":[8.42047,50.31585]},"properties":{"name":"Altweilnau","cls":"village","pop":1012,"rank":3}},{"type":"Feature","geometry":{"type":"Point","coordinates":[8.02996,49.89896]},"properties":{"name":"Ober-Hilbersheim","cls":"village","pop":997,"rank":3}},{"type":"Feature","geometry":{"type":"Point","coordinates":[8.13001,49.80956]},"properties":{"name":"Spiesheim","cls":"village","pop":993,"rank":3}},{"type":"Feature","geometry":{"type":"Point","coordinates":[8.38149,50.33797]},"properties":{"name":"Rod an der Weil","cls":"village","pop":963,"rank":3}},{"type":"Feature","geometry":{"type":"Point","coordinates":[8.3462,50.33804]},"properties":{"name":"Hasselbach","cls":"village","pop":941,"rank":3}},{"type":"Feature","geometry":{"type":"Point","coordinates":[8.26972,49.7686]},"properties":{"name":"Dorn-Dürkheim","cls":"village","pop":910,"rank":3}},{"type":"Feature","geometry":{"type":"Point","coordinates":[8.06375,49.78146]},"properties":{"name":"Bornheim","cls":"village","pop":906,"rank":3}},{"type":"Feature","geometry":{"type":"Point","coordinates":[7.98125,49.9063]},"properties":{"name":"Aspisheim","cls":"village","pop":899,"rank":3}},{"type":"Feature","geometry":{"type":"Point","coordinates":[8.07969,49.92095]},"properties":{"name":"Bubenheim","cls":"village","pop":885,"rank":3}},{"type":"Feature","geometry":{"type":"Point","coordinates":[7.96331,49.7838]},"properties":{"name":"Wonsheim","cls":"village","pop":884,"rank":3}},{"type":"Feature","geometry":{"type":"Point","coordinates":[8.01643,49.86699]},"properties":{"name":"Sankt Johann","cls":"village","pop":850,"rank":3}},{"type":"Feature","geometry":{"type":"Point","coordinates":[8.04454,50.08303]},"properties":{"name":"Hausen vor der Höhe","cls":"village","pop":818,"rank":3}},{"type":"Feature","geometry":{"type":"Point","coordinates":[8.91317,50.32971]},"properties":{"name":"Staden","cls":"village","pop":799,"rank":3}},{"type":"Feature","geometry":{"type":"Point","coordinates":[8.04187,49.87325]},"properties":{"name":"Wolfsheim","cls":"village","pop":764,"rank":3}},{"type":"Feature","geometry":{"type":"Point","coordinates":[8.07568,50.32403]},"properties":{"name":"Oberneisen","cls":"village","pop":764,"rank":3}},{"type":"Feature","geometry":{"type":"Point","coordinates":[8.17142,49.82709]},"properties":{"name":"Gabsheim","cls":"village","pop":759,"rank":3}},{"type":"Feature","geometry":{"type":"Point","coordinates":[8.14918,50.16647]},"properties":{"name":"Wingsbach","cls":"village","pop":755,"rank":3}},{"type":"Feature","geometry":{"type":"Point","coordinates":[8.36068,50.25524]},"properties":{"name":"Niederems","cls":"village","pop":744,"rank":3}},{"type":"Feature","geometry":{"type":"Point","coordinates":[8.06709,49.90414]},"properties":{"name":"Engelstadt","cls":"village","pop":736,"rank":3}},{"type":"Feature","geometry":{"type":"Point","coordinates":[7.96433,49.89837]},"properties":{"name":"Horrweiler","cls":"village","pop":734,"rank":3}},{"type":"Feature","geometry":{"type":"Point","coordinates":[7.99516,50.30281]},"properties":{"name":"Schönborn","cls":"village","pop":722,"rank":3}},{"type":"Feature","geometry":{"type":"Point","coordinates":[8.23739,50.19003]},"properties":{"name":"Eschenhahn","cls":"village","pop":710,"rank":3}},{"type":"Feature","geometry":{"type":"Point","coordinates":[7.96978,50.2737]},"properties":{"name":"Klingelbach","cls":"village","pop":710,"rank":3}},{"type":"Feature","geometry":{"type":"Point","coordinates":[8.27208,49.81581]},"properties":{"name":"Weinolsheim","cls":"village","pop":682,"rank":3}},{"type":"Feature","geometry":{"type":"Point","coordinates":[7.95846,49.77437]},"properties":{"name":"Stein-Bockenheim","cls":"village","pop":677,"rank":3}},{"type":"Feature","geometry":{"type":"Point","coordinates":[8.17013,49.79691]},"properties":{"name":"Biebelnheim","cls":"village","pop":669,"rank":3}},{"type":"Feature","geometry":{"type":"Point","coordinates":[7.99826,50.26795]},"properties":{"name":"Allendorf","cls":"village","pop":654,"rank":3}},{"type":"Feature","geometry":{"type":"Point","coordinates":[8.25625,49.77538]},"properties":{"name":"Hillesheim","cls":"village","pop":652,"rank":3}},{"type":"Feature","geometry":{"type":"Point","coordinates":[8.25405,49.83542]},"properties":{"name":"Friesenheim","cls":"village","pop":650,"rank":3}},{"type":"Feature","geometry":{"type":"Point","coordinates":[8.04788,49.84646]},"properties":{"name":"Gau-Weinheim","cls":"village","pop":642,"rank":3}},{"type":"Feature","geometry":{"type":"Point","coordinates":[8.0422,49.91367]},"properties":{"name":"Nieder-Hilbersheim","cls":"village","pop":631,"rank":3}},{"type":"Feature","geometry":{"type":"Point","coordinates":[8.89744,50.34517]},"properties":{"name":"Leidhecken","cls":"village","pop":617,"rank":3}},{"type":"Feature","geometry":{"type":"Point","coordinates":[7.9688,49.87333]},"properties":{"name":"Zotzenheim","cls":"village","pop":615,"rank":3}},{"type":"Feature","geometry":{"type":"Point","coordinates":[7.96875,49.84162]},"properties":{"name":"Badenheim","cls":"village","pop":605,"rank":3}},{"type":"Feature","geometry":{"type":"Point","coordinates":[7.97334,50.34386]},"properties":{"name":"Balduinstein","cls":"village","pop":593,"rank":3}},{"type":"Feature","geometry":{"type":"Point","coordinates":[8.07929,49.77827]},"properties":{"name":"Lonsheim","cls":"village","pop":590,"rank":3}},{"type":"Feature","geometry":{"type":"Point","coordinates":[8.04967,50.3183]},"properties":{"name":"Lohrheim","cls":"village","pop":579,"rank":3}},{"type":"Feature","geometry":{"type":"Point","coordinates":[7.96234,49.8815]},"properties":{"name":"Welgesheim","cls":"village","pop":574,"rank":3}},{"type":"Feature","geometry":{"type":"Point","coordinates":[8.10531,50.2999]},"properties":{"name":"Kaltenholzhausen","cls":"village","pop":572,"rank":3}},{"type":"Feature","geometry":{"type":"Point","coordinates":[8.37919,50.22622]},"properties":{"name":"Kröftel","cls":"village","pop":566,"rank":3}},{"type":"Feature","geometry":{"type":"Point","coordinates":[8.06861,49.8664]},"properties":{"name":"Vendersheim","cls":"village","pop":564,"rank":3}},{"type":"Feature","geometry":{"type":"Point","coordinates":[7.98606,49.81197]},"properties":{"name":"Gumbsheim","cls":"village","pop":562,"rank":3}},{"type":"Feature","geometry":{"type":"Point","coordinates":[8.34361,49.8167]},"properties":{"name":"Ludwigshöhe","cls":"village","pop":554,"rank":3}},{"type":"Feature","geometry":{"type":"Point","coordinates":[8.37439,50.27351]},"properties":{"name":"Reichenbach","cls":"village","pop":542,"rank":3}},{"type":"Feature","geometry":{"type":"Point","coordinates":[8.36779,50.23325]},"properties":{"name":"Nieder-Oberrod","cls":"village","pop":540,"rank":3}},{"type":"Feature","geometry":{"type":"Point","coordinates":[8.28944,49.7958]},"properties":{"name":"Eimsheim","cls":"village","pop":531,"rank":3}},{"type":"Feature","geometry":{"type":"Point","coordinates":[7.98313,49.79589]},"properties":{"name":"Eckelsheim","cls":"village","pop":531,"rank":3}},{"type":"Feature","geometry":{"type":"Point","coordinates":[8.17195,50.20852]},"properties":{"name":"Niederlibbach","cls":"village","pop":522,"rank":3}},{"type":"Feature","geometry":{"type":"Point","coordinates":[8.99918,49.75882]},"properties":{"name":"Etzen-Gesäß","cls":"village","pop":504,"rank":3}},{"type":"Feature","geometry":{"type":"Point","coordinates":[8.43254,50.34408]},"properties":{"name":"Niederlauken","cls":"village","pop":437,"rank":3}},{"type":"Feature","geometry":{"type":"Point","coordinates":[8.01093,50.24641]},"properties":{"name":"Dörsdorf","cls":"village","pop":432,"rank":3}},{"type":"Feature","geometry":{"type":"Point","coordinates":[8.03987,50.27768]},"properties":{"name":"Mudershausen","cls":"village","pop":431,"rank":3}},{"type":"Feature","geometry":{"type":"Point","coordinates":[8.11523,49.80586]},"properties":{"name":"Ensheim","cls":"village","pop":425,"rank":3}},{"type":"Feature","geometry":{"type":"Point","coordinates":[7.9703,50.23735]},"properties":{"name":"Berndroth","cls":"village","pop":419,"rank":3}},{"type":"Feature","geometry":{"type":"Point","coordinates":[8.38525,50.25461]},"properties":{"name":"Wüstems","cls":"village","pop":411,"rank":3}},{"type":"Feature","geometry":{"type":"Point","coordinates":[8.23396,50.21931]},"properties":{"name":"Niederauroff","cls":"village","pop":398,"rank":3}},{"type":"Feature","geometry":{"type":"Point","coordinates":[8.18019,50.19263]},"properties":{"name":"Hambach","cls":"village","pop":396,"rank":3}},{"type":"Feature","geometry":{"type":"Point","coordinates":[8.09917,49.7783]},"properties":{"name":"Bermersheim vor der Höhe","cls":"village","pop":383,"rank":3}},{"type":"Feature","geometry":{"type":"Point","coordinates":[8.09377,50.31605]},"properties":{"name":"Netzbach","cls":"village","pop":381,"rank":3}},{"type":"Feature","geometry":{"type":"Point","coordinates":[8.01432,50.08838]},"properties":{"name":"Obergladbach","cls":"village","pop":374,"rank":3}},{"type":"Feature","geometry":{"type":"Point","coordinates":[8.39773,50.2839]},"properties":{"name":"Mauloff","cls":"village","pop":367,"rank":3}},{"type":"Feature","geometry":{"type":"Point","coordinates":[7.95222,49.83658]},"properties":{"name":"Pleitersheim","cls":"village","pop":353,"rank":3}},{"type":"Feature","geometry":{"type":"Point","coordinates":[8.43123,50.33356]},"properties":{"name":"Oberlauken","cls":"village","pop":344,"rank":3}},{"type":"Feature","geometry":{"type":"Point","coordinates":[7.9676,50.31832]},"properties":{"name":"Wasenbach","cls":"village","pop":330,"rank":3}},{"type":"Feature","geometry":{"type":"Point","coordinates":[8.23967,50.21318]},"properties":{"name":"Oberauroff","cls":"village","pop":329,"rank":3}},{"type":"Feature","geometry":{"type":"Point","coordinates":[8.29265,50.19763]},"properties":{"name":"Dasbach","cls":"village","pop":321,"rank":3}},{"type":"Feature","geometry":{"type":"Point","coordinates":[7.9545,50.30303]},"properties":{"name":"Biebrich","cls":"village","pop":320,"rank":3}},{"type":"Feature","geometry":{"type":"Point","coordinates":[8.24361,49.76054]},"properties":{"name":"Frettenheim","cls":"village","pop":314,"rank":3}},{"type":"Feature","geometry":{"type":"Point","coordinates":[8.00622,50.25902]},"properties":{"name":"Berghausen","cls":"village","pop":308,"rank":3}},{"type":"Feature","geometry":{"type":"Point","coordinates":[8.2813,49.77826]},"properties":{"name":"Wintersheim","cls":"village","pop":299,"rank":3}},{"type":"Feature","geometry":{"type":"Point","coordinates":[8.22219,50.1998]},"properties":{"name":"Ehrenbach","cls":"village","pop":299,"rank":3}},{"type":"Feature","geometry":{"type":"Point","coordinates":[8.01821,50.23975]},"properties":{"name":"Eisighofen","cls":"village","pop":280,"rank":3}},{"type":"Feature","geometry":{"type":"Point","coordinates":[7.98968,50.10464]},"properties":{"name":"Niedergladbach","cls":"village","pop":274,"rank":3}},{"type":"Feature","geometry":{"type":"Point","coordinates":[8.05554,50.27634]},"properties":{"name":"Schiesheim","cls":"village","pop":272,"rank":3}},{"type":"Feature","geometry":{"type":"Point","coordinates":[8.12357,50.16187]},"properties":{"name":"Watzhahn","cls":"village","pop":271,"rank":3}},{"type":"Feature","geometry":{"type":"Point","coordinates":[8.31554,50.19321]},"properties":{"name":"Lenzhahn","cls":"village","pop":243,"rank":3}},{"type":"Feature","geometry":{"type":"Point","coordinates":[8.38518,50.32517]},"properties":{"name":"Cratzenbach","cls":"village","pop":210,"rank":3}},{"type":"Feature","geometry":{"type":"Point","coordinates":[8.02177,50.22847]},"properties":{"name":"Reckenroth","cls":"village","pop":208,"rank":3}},{"type":"Feature","geometry":{"type":"Point","coordinates":[7.95511,50.24909]},"properties":{"name":"Oberfischbach","cls":"village","pop":173,"rank":3}},{"type":"Feature","geometry":{"type":"Point","coordinates":[8.41306,50.2938]},"properties":{"name":"Finsternthal","cls":"village","pop":168,"rank":3}},{"type":"Feature","geometry":{"type":"Point","coordinates":[8.40847,50.31807]},"properties":{"name":"Neuweilnau","cls":"village","pop":151,"rank":3}},{"type":"Feature","geometry":{"type":"Point","coordinates":[7.98226,50.28209]},"properties":{"name":"Ebertshausen","cls":"village","pop":131,"rank":3}},{"type":"Feature","geometry":{"type":"Point","coordinates":[7.96203,50.25366]},"properties":{"name":"Mittelfischbach","cls":"village","pop":127,"rank":3}},{"type":"Feature","geometry":{"type":"Point","coordinates":[8.09014,49.82375]},"properties":{"name":"Rommersheim","cls":"village","pop":0,"rank":3}},{"type":"Feature","geometry":{"type":"Point","coordinates":[7.993,49.87934]},"properties":{"name":"Sprendlingen-Gensingen","cls":"village","pop":0,"rank":3}},{"type":"Feature","geometry":{"type":"Point","coordinates":[8.39662,49.88194]},"properties":{"name":"Geinsheim","cls":"village","pop":0,"rank":3}},{"type":"Feature","geometry":{"type":"Point","coordinates":[8.37031,49.89109]},"properties":{"name":"Hessenaue","cls":"village","pop":0,"rank":3}},{"type":"Feature","geometry":{"type":"Point","coordinates":[8.45292,49.90488]},"properties":{"name":"Wallerstädten","cls":"village","pop":0,"rank":3}},{"type":"Feature","geometry":{"type":"Point","coordinates":[8.3853,49.9133]},"properties":{"name":"Trebur","cls":"town","pop":0,"rank":2}},{"type":"Feature","geometry":{"type":"Point","coordinates":[8.24848,49.91345]},"properties":{"name":"Ebersheim","cls":"village","pop":0,"rank":3}},{"type":"Feature","geometry":{"type":"Point","coordinates":[8.38218,49.93614]},"properties":{"name":"Astheim","cls":"village","pop":0,"rank":3}},{"type":"Feature","geometry":{"type":"Point","coordinates":[8.48531,49.91926]},"properties":{"name":"Groß-Gerau","cls":"town","pop":0,"rank":2}},{"type":"Feature","geometry":{"type":"Point","coordinates":[8.51984,49.92084]},"properties":{"name":"Klein-Gerau","cls":"village","pop":0,"rank":3}},{"type":"Feature","geometry":{"type":"Point","coordinates":[8.5337,49.9189]},"properties":{"name":"Büttelborn","cls":"village","pop":0,"rank":3}},{"type":"Feature","geometry":{"type":"Point","coordinates":[8.58035,49.92811]},"properties":{"name":"Schneppenhausen","cls":"village","pop":0,"rank":3}},{"type":"Feature","geometry":{"type":"Point","coordinates":[8.60143,49.92847]},"properties":{"name":"Gräfenhausen","cls":"village","pop":0,"rank":3}},{"type":"Feature","geometry":{"type":"Point","coordinates":[8.54936,49.92904]},"properties":{"name":"Worfelden","cls":"village","pop":0,"rank":3}},{"type":"Feature","geometry":{"type":"Point","coordinates":[8.64946,49.93172]},"properties":{"name":"Wixhausen","cls":"village","pop":0,"rank":3}},{"type":"Feature","geometry":{"type":"Point","coordinates":[8.56876,49.91398]},"properties":{"name":"Braunshardt","cls":"village","pop":0,"rank":3}},{"type":"Feature","geometry":{"type":"Point","coordinates":[8.48708,49.90813]},"properties":{"name":"Dornberg","cls":"village","pop":0,"rank":3}},{"type":"Feature","geometry":{"type":"Point","coordinates":[8.48375,49.89909]},"properties":{"name":"Berkach","cls":"village","pop":0,"rank":3}},{"type":"Feature","geometry":{"type":"Point","coordinates":[8.65072,49.88318]},"properties":{"name":"Darmstadt-Nord","cls":"village","pop":0,"rank":3}},{"type":"Feature","geometry":{"type":"Point","coordinates":[8.68476,49.89654]},"properties":{"name":"Kranichstein","cls":"village","pop":0,"rank":3}},{"type":"Feature","geometry":{"type":"Point","coordinates":[8.67246,49.87358]},"properties":{"name":"Darmstadt-Ost","cls":"village","pop":0,"rank":3}},{"type":"Feature","geometry":{"type":"Point","coordinates":[8.6512,49.87275]},"properties":{"name":"Darmstadt-Mitte","cls":"village","pop":0,"rank":3}},{"type":"Feature","geometry":{"type":"Point","coordinates":[8.65366,49.85875]},"properties":{"name":"Bessungen","cls":"village","pop":0,"rank":3}},{"type":"Feature","geometry":{"type":"Point","coordinates":[8.63719,49.85908]},"properties":{"name":"Darmstadt-West","cls":"village","pop":0,"rank":3}},{"type":"Feature","geometry":{"type":"Point","coordinates":[8.49869,49.85367]},"properties":{"name":"Wolfskehlen","cls":"village","pop":0,"rank":3}},{"type":"Feature","geometry":{"type":"Point","coordinates":[8.48251,49.87789]},"properties":{"name":"Dornheim","cls":"village","pop":0,"rank":3}},{"type":"Feature","geometry":{"type":"Point","coordinates":[8.31268,49.8631]},"properties":{"name":"Schwabsburg","cls":"village","pop":0,"rank":3}},{"type":"Feature","geometry":{"type":"Point","coordinates":[8.44017,49.85771]},"properties":{"name":"Leeheim","cls":"village","pop":0,"rank":3}},{"type":"Feature","geometry":{"type":"Point","coordinates":[8.4691,49.83503]},"properties":{"name":"Erfelden","cls":"village","pop":0,"rank":3}},{"type":"Feature","geometry":{"type":"Point","coordinates":[8.29517,49.83301]},"properties":{"name":"Rhein-Selz","cls":"village","pop":0,"rank":3}},{"type":"Feature","geometry":{"type":"Point","coordinates":[8.49569,49.83545]},"properties":{"name":"Goddelau","cls":"village","pop":0,"rank":3}},{"type":"Feature","geometry":{"type":"Point","coordinates":[8.48294,49.84252]},"properties":{"name":"Riedstadt","cls":"village","pop":0,"rank":3}},{"type":"Feature","geometry":{"type":"Point","coordinates":[8.70164,49.84067]},"properties":{"name":"Traisa","cls":"village","pop":0,"rank":3}},{"type":"Feature","geometry":{"type":"Point","coordinates":[8.6437,49.81679]},"properties":{"name":"Eberstadt","cls":"village","pop":0,"rank":3}},{"type":"Feature","geometry":{"type":"Point","coordinates":[8.70795,49.80458]},"properties":{"name":"Waschenbach","cls":"village","pop":0,"rank":3}},{"type":"Feature","geometry":{"type":"Point","coordinates":[8.56619,49.81081]},"properties":{"name":"Eschollbrücken","cls":"village","pop":0,"rank":3}},{"type":"Feature","geometry":{"type":"Point","coordinates":[8.55833,49.81358]},"properties":{"name":"Eschollbrücken/Eich","cls":"village","pop":0,"rank":3}},{"type":"Feature","geometry":{"type":"Point","coordinates":[8.51141,49.81114]},"properties":{"name":"Crumstadt","cls":"village","pop":0,"rank":3}},{"type":"Feature","geometry":{"type":"Point","coordinates":[8.56119,49.80361]},"properties":{"name":"Eich","cls":"village","pop":0,"rank":3}},{"type":"Feature","geometry":{"type":"Point","coordinates":[8.55505,49.79528]},"properties":{"name":"Hahn","cls":"village","pop":0,"rank":3}},{"type":"Feature","geometry":{"type":"Point","coordinates":[8.6519,49.79038]},"properties":{"name":"Malchen","cls":"village","pop":0,"rank":3}},{"type":"Feature","geometry":{"type":"Point","coordinates":[8.70757,49.7873]},"properties":{"name":"Frankenhausen","cls":"village","pop":0,"rank":3}},{"type":"Feature","geometry":{"type":"Point","coordinates":[8.71164,49.77535]},"properties":{"name":"Neutsch","cls":"village","pop":0,"rank":3}},{"type":"Feature","geometry":{"type":"Point","coordinates":[8.64295,49.76994]},"properties":{"name":"Seeheim","cls":"town","pop":0,"rank":2}},{"type":"Feature","geometry":{"type":"Point","coordinates":[8.68563,49.76493]},"properties":{"name":"Ober-Beerbach","cls":"village","pop":0,"rank":3}},{"type":"Feature","geometry":{"type":"Point","coordinates":[8.71515,49.75216]},"properties":{"name":"Allertshofen/Hoxhohl","cls":"village","pop":0,"rank":3}},{"type":"Feature","geometry":{"type":"Point","coordinates":[8.72037,49.7521]},"properties":{"name":"Hoxhohl","cls":"village","pop":0,"rank":3}},{"type":"Feature","geometry":{"type":"Point","coordinates":[8.63534,49.75652]},"properties":{"name":"Jugenheim","cls":"village","pop":0,"rank":3}},{"type":"Feature","geometry":{"type":"Point","coordinates":[8.52695,49.7725]},"properties":{"name":"Allmendfeld","cls":"village","pop":0,"rank":3}},{"type":"Feature","geometry":{"type":"Point","coordinates":[8.46606,49.78157]},"properties":{"name":"Biebesheim am Rhein","cls":"village","pop":0,"rank":3}},{"type":"Feature","geometry":{"type":"Point","coordinates":[8.33363,49.78036]},"properties":{"name":"Hangen-Wahlheim","cls":"village","pop":0,"rank":3}},{"type":"Feature","geometry":{"type":"Point","coordinates":[8.02481,49.78361]},"properties":{"name":"Uffhofen","cls":"village","pop":0,"rank":3}},{"type":"Feature","geometry":{"type":"Point","coordinates":[8.08279,49.76189]},"properties":{"name":"Heimersheim","cls":"village","pop":0,"rank":3}},{"type":"Feature","geometry":{"type":"Point","coordinates":[8.18787,49.77371]},"properties":{"name":"Gau-Köngernheim","cls":"village","pop":0,"rank":3}},{"type":"Feature","geometry":{"type":"Point","coordinates":[8.15221,49.75887]},"properties":{"name":"Schafhausen","cls":"village","pop":0,"rank":3}},{"type":"Feature","geometry":{"type":"Point","coordinates":[8.15221,49.75887]},"properties":{"name":"Schaffhausen","cls":"village","pop":0,"rank":3}},{"type":"Feature","geometry":{"type":"Point","coordinates":[7.95247,50.00455]},"properties":{"name":"Marienthal","cls":"village","pop":0,"rank":3}},{"type":"Feature","geometry":{"type":"Point","coordinates":[8.03259,50.02857]},"properties":{"name":"Hallgarten","cls":"village","pop":0,"rank":3}},{"type":"Feature","geometry":{"type":"Point","coordinates":[8.0563,50.01514]},"properties":{"name":"Hattenheim","cls":"village","pop":0,"rank":3}},{"type":"Feature","geometry":{"type":"Point","coordinates":[8.02566,49.98886]},"properties":{"name":"Frei-Weinheim","cls":"village","pop":0,"rank":3}},{"type":"Feature","geometry":{"type":"Point","coordinates":[8.01725,50.00344]},"properties":{"name":"Mittelheim","cls":"village","pop":0,"rank":3}},{"type":"Feature","geometry":{"type":"Point","coordinates":[8.02915,50.00558]},"properties":{"name":"Oestrich","cls":"village","pop":0,"rank":3}},{"type":"Feature","geometry":{"type":"Point","coordinates":[8.00675,50.00062]},"properties":{"name":"Winkel","cls":"village","pop":0,"rank":3}},{"type":"Feature","geometry":{"type":"Point","coordinates":[7.98119,50.00312]},"properties":{"name":"Johannisberg","cls":"village","pop":0,"rank":3}},{"type":"Feature","geometry":{"type":"Point","coordinates":[8.01002,49.97721]},"properties":{"name":"Sporkenheim","cls":"village","pop":0,"rank":3}},{"type":"Feature","geometry":{"type":"Point","coordinates":[7.95807,49.96613]},"properties":{"name":"Gaulsheim","cls":"village","pop":0,"rank":3}},{"type":"Feature","geometry":{"type":"Point","coordinates":[8.11866,49.97765]},"properties":{"name":"Wackernheim","cls":"village","pop":0,"rank":3}},{"type":"Feature","geometry":{"type":"Point","coordinates":[8.09889,50.00707]},"properties":{"name":"Heidesheim-Heidenfahrt","cls":"village","pop":0,"rank":3}},{"type":"Feature","geometry":{"type":"Point","coordinates":[8.13759,50.00491]},"properties":{"name":"Heidesheim-Uhlerborn","cls":"village","pop":0,"rank":3}},{"type":"Feature","geometry":{"type":"Point","coordinates":[8.17563,49.98544]},"properties":{"name":"Finthen","cls":"village","pop":0,"rank":3}},{"type":"Feature","geometry":{"type":"Point","coordinates":[8.14697,49.9747]},"properties":{"name":"Layenhof","cls":"village","pop":0,"rank":3}},{"type":"Feature","geometry":{"type":"Point","coordinates":[8.19957,49.95955]},"properties":{"name":"Lerchenberg","cls":"village","pop":0,"rank":3}},{"type":"Feature","geometry":{"type":"Point","coordinates":[8.18996,49.97484]},"properties":{"name":"Drais","cls":"village","pop":0,"rank":3}},{"type":"Feature","geometry":{"type":"Point","coordinates":[8.22888,49.96077]},"properties":{"name":"Marienborn","cls":"village","pop":0,"rank":3}},{"type":"Feature","geometry":{"type":"Point","coordinates":[8.27952,49.9605]},"properties":{"name":"Hechtsheim","cls":"village","pop":0,"rank":3}},{"type":"Feature","geometry":{"type":"Point","coordinates":[8.24214,49.98037]},"properties":{"name":"Bretzenheim","cls":"village","pop":0,"rank":3}},{"type":"Feature","geometry":{"type":"Point","coordinates":[8.27604,49.98913]},"properties":{"name":"Oberstadt","cls":"village","pop":0,"rank":3}},{"type":"Feature","geometry":{"type":"Point","coordinates":[8.27146,49.99902]},"properties":{"name":"Altstadt","cls":"village","pop":0,"rank":3}},{"type":"Feature","geometry":{"type":"Point","coordinates":[8.28444,50.00834]},"properties":{"name":"Mainz-Kastel","cls":"village","pop":0,"rank":3}},{"type":"Feature","geometry":{"type":"Point","coordinates":[8.26003,50.00973]},"properties":{"name":"Neustadt","cls":"village","pop":0,"rank":3}},{"type":"Feature","geometry":{"type":"Point","coordinates":[8.2153,50.00533]},"properties":{"name":"Gonsenheim","cls":"village","pop":0,"rank":3}},{"type":"Feature","geometry":{"type":"Point","coordinates":[8.19593,50.04465]},"properties":{"name":"Schierstein","cls":"village","pop":0,"rank":3}},{"type":"Feature","geometry":{"type":"Point","coordinates":[8.22453,50.01808]},"properties":{"name":"Mombach","cls":"village","pop":0,"rank":3}},{"type":"Feature","geometry":{"type":"Point","coordinates":[8.25771,50.03211]},"properties":{"name":"Mainz-Amöneburg","cls":"village","pop":0,"rank":3}},{"type":"Feature","geometry":{"type":"Point","coordinates":[8.2339,50.03975]},"properties":{"name":"Biebrich","cls":"village","pop":0,"rank":3}},{"type":"Feature","geometry":{"type":"Point","coordinates":[8.25757,50.0654]},"properties":{"name":"Südost","cls":"village","pop":0,"rank":3}},{"type":"Feature","geometry":{"type":"Point","coordinates":[8.19567,50.07124]},"properties":{"name":"Dotzheim","cls":"village","pop":0,"rank":3}},{"type":"Feature","geometry":{"type":"Point","coordinates":[8.15485,50.06599]},"properties":{"name":"Frauenstein","cls":"village","pop":0,"rank":3}},{"type":"Feature","geometry":{"type":"Point","coordinates":[8.16099,50.03741]},"properties":{"name":"Niederwalluf","cls":"village","pop":0,"rank":3}},{"type":"Feature","geometry":{"type":"Point","coordinates":[8.14242,50.04194]},"properties":{"name":"Oberwalluf","cls":"village","pop":0,"rank":3}},{"type":"Feature","geometry":{"type":"Point","coordinates":[8.09524,50.02026]},"properties":{"name":"Erbach","cls":"village","pop":0,"rank":3}},{"type":"Feature","geometry":{"type":"Point","coordinates":[8.1209,50.05326]},"properties":{"name":"Martinsthal","cls":"village","pop":0,"rank":3}},{"type":"Feature","geometry":{"type":"Point","coordinates":[8.1103,50.06055]},"properties":{"name":"Rauenthal","cls":"village","pop":0,"rank":3}},{"type":"Feature","geometry":{"type":"Point","coordinates":[8.08853,50.13305]},"properties":{"name":"Hettenhain","cls":"village","pop":0,"rank":3}},{"type":"Feature","geometry":{"type":"Point","coordinates":[8.19934,50.09059]},"properties":{"name":"Klarenthal","cls":"village","pop":0,"rank":3}},{"type":"Feature","geometry":{"type":"Point","coordinates":[8.21826,50.07802]},"properties":{"name":"Rheingauviertel / Hollerborn","cls":"village","pop":0,"rank":3}},{"type":"Feature","geometry":{"type":"Point","coordinates":[8.22696,50.08182]},"properties":{"name":"Westend / Bleichstraße","cls":"village","pop":0,"rank":3}},{"type":"Feature","geometry":{"type":"Point","coordinates":[8.2427,50.08158]},"properties":{"name":"Mitte","cls":"village","pop":0,"rank":3}},{"type":"Feature","geometry":{"type":"Point","coordinates":[8.27759,50.08559]},"properties":{"name":"Bierstadt","cls":"village","pop":0,"rank":3}},{"type":"Feature","geometry":{"type":"Point","coordinates":[8.26466,50.10168]},"properties":{"name":"Sonnenberg","cls":"village","pop":0,"rank":3}},{"type":"Feature","geometry":{"type":"Point","coordinates":[8.23652,50.09447]},"properties":{"name":"Nordost","cls":"village","pop":0,"rank":3}},{"type":"Feature","geometry":{"type":"Point","coordinates":[8.27383,50.11735]},"properties":{"name":"Rambach","cls":"village","pop":0,"rank":3}},{"type":"Feature","geometry":{"type":"Point","coordinates":[8.24931,50.17295]},"properties":{"name":"Engenhahn","cls":"village","pop":0,"rank":3}},{"type":"Feature","geometry":{"type":"Point","coordinates":[8.28422,50.17821]},"properties":{"name":"Niederseelbach","cls":"village","pop":0,"rank":3}},{"type":"Feature","geometry":{"type":"Point","coordinates":[8.19209,50.20701]},"properties":{"name":"Oberlibbach","cls":"village","pop":0,"rank":3}},{"type":"Feature","geometry":{"type":"Point","coordinates":[8.13659,50.20616]},"properties":{"name":"Strinz-Margarethä","cls":"village","pop":0,"rank":3}},{"type":"Feature","geometry":{"type":"Point","coordinates":[8.12441,50.18874]},"properties":{"name":"Steckenroth","cls":"village","pop":0,"rank":3}},{"type":"Feature","geometry":{"type":"Point","coordinates":[8.10365,50.15938]},"properties":{"name":"Born","cls":"village","pop":0,"rank":3}},{"type":"Feature","geometry":{"type":"Point","coordinates":[8.07875,50.16064]},"properties":{"name":"Adolfseck","cls":"village","pop":0,"rank":3}},{"type":"Feature","geometry":{"type":"Point","coordinates":[8.09765,50.19542]},"properties":{"name":"Breithardt","cls":"village","pop":0,"rank":3}},{"type":"Feature","geometry":{"type":"Point","coordinates":[8.05682,50.1912]},"properties":{"name":"Burg-Hohenstein","cls":"village","pop":0,"rank":3}},{"type":"Feature","geometry":{"type":"Point","coordinates":[7.96808,50.17671]},"properties":{"name":"Langschied","cls":"village","pop":0,"rank":3}},{"type":"Feature","geometry":{"type":"Point","coordinates":[8.00635,50.19072]},"properties":{"name":"Huppert","cls":"village","pop":0,"rank":3}},{"type":"Feature","geometry":{"type":"Point","coordinates":[7.9954,50.17101]},"properties":{"name":"Mappershain","cls":"village","pop":0,"rank":3}},{"type":"Feature","geometry":{"type":"Point","coordinates":[7.97868,50.15667]},"properties":{"name":"Wisper","cls":"village","pop":0,"rank":3}},{"type":"Feature","geometry":{"type":"Point","coordinates":[8.0168,50.16531]},"properties":{"name":"Kemel","cls":"village","pop":0,"rank":3}},{"type":"Feature","geometry":{"type":"Point","coordinates":[8.06507,50.16066]},"properties":{"name":"Lindschied","cls":"village","pop":0,"rank":3}},{"type":"Feature","geometry":{"type":"Point","coordinates":[8.04507,50.15459]},"properties":{"name":"Heimbach","cls":"village","pop":0,"rank":3}},{"type":"Feature","geometry":{"type":"Point","coordinates":[8.0353,50.13457]},"properties":{"name":"Ramschied","cls":"village","pop":0,"rank":3}},{"type":"Feature","geometry":{"type":"Point","coordinates":[8.03007,50.1065]},"properties":{"name":"Fischbach","cls":"village","pop":0,"rank":3}},{"type":"Feature","geometry":{"type":"Point","coordinates":[8.00919,50.12037]},"properties":{"name":"Langenseifen","cls":"village","pop":0,"rank":3}},{"type":"Feature","geometry":{"type":"Point","coordinates":[8.00702,50.14019]},"properties":{"name":"Watzelhain","cls":"village","pop":0,"rank":3}},{"type":"Feature","geometry":{"type":"Point","coordinates":[7.98455,50.14274]},"properties":{"name":"Springen","cls":"village","pop":0,"rank":3}},{"type":"Feature","geometry":{"type":"Point","coordinates":[7.95091,50.18866]},"properties":{"name":"Egenroth","cls":"village","pop":0,"rank":3}},{"type":"Feature","geometry":{"type":"Point","coordinates":[7.99607,50.21241]},"properties":{"name":"Laufenselden","cls":"village","pop":0,"rank":3}},{"type":"Feature","geometry":{"type":"Point","coordinates":[8.05887,50.22982]},"properties":{"name":"Michelbach","cls":"village","pop":0,"rank":3}},{"type":"Feature","geometry":{"type":"Point","coordinates":[8.05994,50.25178]},"properties":{"name":"Hausen über Aar","cls":"village","pop":0,"rank":3}},{"type":"Feature","geometry":{"type":"Point","coordinates":[8.05313,50.26502]},"properties":{"name":"Rückershausen","cls":"village","pop":0,"rank":3}},{"type":"Feature","geometry":{"type":"Point","coordinates":[8.02883,50.27096]},"properties":{"name":"Bonscheuer","cls":"village","pop":0,"rank":3}},{"type":"Feature","geometry":{"type":"Point","coordinates":[7.97684,50.26762]},"properties":{"name":"Aar-Einrich","cls":"village","pop":0,"rank":3}},{"type":"Feature","geometry":{"type":"Point","coordinates":[8.06163,50.28764]},"properties":{"name":"Zollhaus","cls":"village","pop":0,"rank":3}},{"type":"Feature","geometry":{"type":"Point","coordinates":[8.10519,50.34274]},"properties":{"name":"Mensfelden","cls":"village","pop":0,"rank":3}},{"type":"Feature","geometry":{"type":"Point","coordinates":[8.13653,50.3453]},"properties":{"name":"Nauheim","cls":"village","pop":0,"rank":3}},{"type":"Feature","geometry":{"type":"Point","coordinates":[8.1635,50.34715]},"properties":{"name":"Werschau","cls":"village","pop":0,"rank":3}},{"type":"Feature","geometry":{"type":"Point","coordinates":[8.24338,50.32188]},"properties":{"name":"Oberselters","cls":"village","pop":0,"rank":3}},{"type":"Feature","geometry":{"type":"Point","coordinates":[8.25556,50.30864]},"properties":{"name":"Erbach","cls":"village","pop":0,"rank":3}},{"type":"Feature","geometry":{"type":"Point","coordinates":[8.26731,50.2996]},"properties":{"name":"Bad Camberg-Kernstadt","cls":"town","pop":0,"rank":2}},{"type":"Feature","geometry":{"type":"Point","coordinates":[8.27906,50.28313]},"properties":{"name":"Würges","cls":"village","pop":0,"rank":3}},{"type":"Feature","geometry":{"type":"Point","coordinates":[8.20955,50.28181]},"properties":{"name":"Beuerbach","cls":"village","pop":0,"rank":3}},{"type":"Feature","geometry":{"type":"Point","coordinates":[8.18757,50.27418]},"properties":{"name":"Bechtheim","cls":"village","pop":0,"rank":3}},{"type":"Feature","geometry":{"type":"Point","coordinates":[8.18698,50.29971]},"properties":{"name":"Ohren","cls":"village","pop":0,"rank":3}},{"type":"Feature","geometry":{"type":"Point","coordinates":[8.17916,50.32936]},"properties":{"name":"Dauborn","cls":"village","pop":0,"rank":3}},{"type":"Feature","geometry":{"type":"Point","coordinates":[8.15312,50.32971]},"properties":{"name":"Neesbach","cls":"village","pop":0,"rank":3}},{"type":"Feature","geometry":{"type":"Point","coordinates":[8.16069,50.30934]},"properties":{"name":"Kirberg","cls":"village","pop":0,"rank":3}},{"type":"Feature","geometry":{"type":"Point","coordinates":[8.112,50.31712]},"properties":{"name":"Heringen","cls":"village","pop":0,"rank":3}},{"type":"Feature","geometry":{"type":"Point","coordinates":[8.15236,50.26436]},"properties":{"name":"Ketternschwalbach","cls":"village","pop":0,"rank":3}},{"type":"Feature","geometry":{"type":"Point","coordinates":[8.1753,50.24484]},"properties":{"name":"Limbach","cls":"village","pop":0,"rank":3}},{"type":"Feature","geometry":{"type":"Point","coordinates":[8.13209,50.25542]},"properties":{"name":"Panrod","cls":"village","pop":0,"rank":3}},{"type":"Feature","geometry":{"type":"Point","coordinates":[8.07852,50.24625]},"properties":{"name":"Kettenbach","cls":"village","pop":0,"rank":3}},{"type":"Feature","geometry":{"type":"Point","coordinates":[8.10655,50.24815]},"properties":{"name":"Daisbach","cls":"village","pop":0,"rank":3}},{"type":"Feature","geometry":{"type":"Point","coordinates":[8.11989,50.22798]},"properties":{"name":"Hennethal","cls":"village","pop":0,"rank":3}},{"type":"Feature","geometry":{"type":"Point","coordinates":[8.08823,50.20957]},"properties":{"name":"Holzhausen über Aar","cls":"village","pop":0,"rank":3}},{"type":"Feature","geometry":{"type":"Point","coordinates":[8.15657,50.23537]},"properties":{"name":"Strinz-Trinitatis","cls":"village","pop":0,"rank":3}},{"type":"Feature","geometry":{"type":"Point","coordinates":[8.20248,50.21909]},"properties":{"name":"Kesselbach","cls":"village","pop":0,"rank":3}},{"type":"Feature","geometry":{"type":"Point","coordinates":[8.21353,50.22626]},"properties":{"name":"Görsroth","cls":"village","pop":0,"rank":3}},{"type":"Feature","geometry":{"type":"Point","coordinates":[8.19723,50.25027]},"properties":{"name":"Wallbach","cls":"village","pop":0,"rank":3}},{"type":"Feature","geometry":{"type":"Point","coordinates":[8.23198,50.26769]},"properties":{"name":"Wallrabenstein","cls":"village","pop":0,"rank":3}},{"type":"Feature","geometry":{"type":"Point","coordinates":[8.43684,50.29565]},"properties":{"name":"Treisberg","cls":"village","pop":0,"rank":3}},{"type":"Feature","geometry":{"type":"Point","coordinates":[8.46097,50.30065]},"properties":{"name":"Hunoldstal","cls":"village","pop":0,"rank":3}},{"type":"Feature","geometry":{"type":"Point","coordinates":[8.46652,50.31794]},"properties":{"name":"Merzhausen","cls":"village","pop":0,"rank":3}},{"type":"Feature","geometry":{"type":"Point","coordinates":[8.29667,50.31289]},"properties":{"name":"Schwickershausen","cls":"village","pop":0,"rank":3}},{"type":"Feature","geometry":{"type":"Point","coordinates":[8.32233,50.30587]},"properties":{"name":"Dombach","cls":"village","pop":0,"rank":3}},{"type":"Feature","geometry":{"type":"Point","coordinates":[8.59583,50.34431]},"properties":{"name":"Kransberg","cls":"village","pop":0,"rank":3}},{"type":"Feature","geometry":{"type":"Point","coordinates":[8.6149,50.34226]},"properties":{"name":"Friedrichsthal","cls":"village","pop":0,"rank":3}},{"type":"Feature","geometry":{"type":"Point","coordinates":[8.72171,50.33275]},"properties":{"name":"Ockstadt","cls":"village","pop":0,"rank":3}},{"type":"Feature","geometry":{"type":"Point","coordinates":[8.70593,50.29915]},"properties":{"name":"Nieder-Rosbach","cls":"village","pop":0,"rank":3}},{"type":"Feature","geometry":{"type":"Point","coordinates":[8.69071,50.30441]},"properties":{"name":"Ober-Rosbach","cls":"village","pop":0,"rank":3}},{"type":"Feature","geometry":{"type":"Point","coordinates":[8.61132,50.32991]},"properties":{"name":"Pfaffenwiesbach","cls":"village","pop":0,"rank":3}},{"type":"Feature","geometry":{"type":"Point","coordinates":[8.54361,50.2791]},"properties":{"name":"Obernhain","cls":"village","pop":0,"rank":3}},{"type":"Feature","geometry":{"type":"Point","coordinates":[8.55548,50.21437]},"properties":{"name":"Oberursel-Nord","cls":"village","pop":0,"rank":3}},{"type":"Feature","geometry":{"type":"Point","coordinates":[8.57491,50.2264]},"properties":{"name":"Oberstedten","cls":"village","pop":0,"rank":3}},{"type":"Feature","geometry":{"type":"Point","coordinates":[8.60113,50.22796]},"properties":{"name":"Berliner Siedlung/Gartenfeld","cls":"village","pop":0,"rank":3}},{"type":"Feature","geometry":{"type":"Point","coordinates":[8.60833,50.24039]},"properties":{"name":"Kirdorf","cls":"village","pop":0,"rank":3}},{"type":"Feature","geometry":{"type":"Point","coordinates":[8.64002,50.22034]},"properties":{"name":"Gonzenheim","cls":"village","pop":0,"rank":3}},{"type":"Feature","geometry":{"type":"Point","coordinates":[8.65022,50.21628]},"properties":{"name":"Ober-Eschbach","cls":"village","pop":0,"rank":3}},{"type":"Feature","geometry":{"type":"Point","coordinates":[8.617,50.22695]},"properties":{"name":"Innenstadt","cls":"village","pop":0,"rank":3}},{"type":"Feature","geometry":{"type":"Point","coordinates":[8.67723,50.25336]},"properties":{"name":"Burgholzhausen","cls":"village","pop":0,"rank":3}},{"type":"Feature","geometry":{"type":"Point","coordinates":[8.70334,50.26548]},"properties":{"name":"Rodheim vor der Höhe","cls":"village","pop":0,"rank":3}},{"type":"Feature","geometry":{"type":"Point","coordinates":[8.71786,50.24245]},"properties":{"name":"Petterweil","cls":"village","pop":0,"rank":3}},{"type":"Feature","geometry":{"type":"Point","coordinates":[8.68281,50.22634]},"properties":{"name":"Ober-Erlenbach","cls":"village","pop":0,"rank":3}},{"type":"Feature","geometry":{"type":"Point","coordinates":[8.71196,50.20261]},"properties":{"name":"Nieder-Erlenbach","cls":"village","pop":0,"rank":3}},{"type":"Feature","geometry":{"type":"Point","coordinates":[8.72079,50.19068]},"properties":{"name":"Massenheim","cls":"village","pop":0,"rank":3}},{"type":"Feature","geometry":{"type":"Point","coordinates":[8.69179,50.186]},"properties":{"name":"Harheim","cls":"village","pop":0,"rank":3}},{"type":"Feature","geometry":{"type":"Point","coordinates":[8.66658,50.20177]},"properties":{"name":"Nieder-Eschbach","cls":"village","pop":0,"rank":3}},{"type":"Feature","geometry":{"type":"Point","coordinates":[8.63917,50.18629]},"properties":{"name":"Kalbach-Riedberg","cls":"village","pop":0,"rank":3}},{"type":"Feature","geometry":{"type":"Point","coordinates":[8.61908,50.16702]},"properties":{"name":"Nord-West","cls":"village","pop":0,"rank":3}},{"type":"Feature","geometry":{"type":"Point","coordinates":[8.66188,50.15484]},"properties":{"name":"Mitte-Nord","cls":"village","pop":0,"rank":3}},{"type":"Feature","geometry":{"type":"Point","coordinates":[8.69391,50.1632]},"properties":{"name":"Nord-Ost","cls":"village","pop":0,"rank":3}},{"type":"Feature","geometry":{"type":"Point","coordinates":[8.72012,50.17059]},"properties":{"name":"Heilsberg","cls":"village","pop":0,"rank":3}},{"type":"Feature","geometry":{"type":"Point","coordinates":[8.68859,50.12931]},"properties":{"name":"Innenstadt 3","cls":"village","pop":0,"rank":3}},{"type":"Feature","geometry":{"type":"Point","coordinates":[8.7123,50.12512]},"properties":{"name":"Bornheim/Ostend","cls":"village","pop":0,"rank":3}},{"type":"Feature","geometry":{"type":"Point","coordinates":[8.64359,50.10399]},"properties":{"name":"Innenstadt 1","cls":"village","pop":0,"rank":3}},{"type":"Feature","geometry":{"type":"Point","coordinates":[8.64855,50.12203]},"properties":{"name":"Innenstadt 2","cls":"village","pop":0,"rank":3}},{"type":"Feature","geometry":{"type":"Point","coordinates":[8.61239,50.13793]},"properties":{"name":"Mitte-West","cls":"village","pop":0,"rank":3}},{"type":"Feature","geometry":{"type":"Point","coordinates":[8.54634,50.09803]},"properties":{"name":"West","cls":"village","pop":0,"rank":3}},{"type":"Feature","geometry":{"type":"Point","coordinates":[8.52795,50.13261]},"properties":{"name":"Sulzbach (Taunus)","cls":"village","pop":0,"rank":3}},{"type":"Feature","geometry":{"type":"Point","coordinates":[8.53574,50.14901]},"properties":{"name":"Schwalbach am Taunus","cls":"town","pop":0,"rank":2}},{"type":"Feature","geometry":{"type":"Point","coordinates":[8.56078,50.15047]},"properties":{"name":"Eschborn","cls":"town","pop":0,"rank":2}},{"type":"Feature","geometry":{"type":"Point","coordinates":[8.57196,50.1674]},"properties":{"name":"Steinbach","cls":"town","pop":0,"rank":2}},{"type":"Feature","geometry":{"type":"Point","coordinates":[8.57813,50.18559]},"properties":{"name":"Stierstadt","cls":"village","pop":0,"rank":3}},{"type":"Feature","geometry":{"type":"Point","coordinates":[8.59673,50.18213]},"properties":{"name":"Weißkirchen","cls":"village","pop":0,"rank":3}},{"type":"Feature","geometry":{"type":"Point","coordinates":[8.59642,50.1977]},"properties":{"name":"Bommersheim","cls":"village","pop":0,"rank":3}},{"type":"Feature","geometry":{"type":"Point","coordinates":[8.58022,50.20098]},"properties":{"name":"Oberursel-Mitte","cls":"village","pop":0,"rank":3}},{"type":"Feature","geometry":{"type":"Point","coordinates":[8.50859,50.17966]},"properties":{"name":"Kronberg","cls":"town","pop":0,"rank":2}},{"type":"Feature","geometry":{"type":"Point","coordinates":[8.47864,50.19047]},"properties":{"name":"Falkenstein","cls":"village","pop":0,"rank":3}},{"type":"Feature","geometry":{"type":"Point","coordinates":[8.46358,50.18315]},"properties":{"name":"Königstein","cls":"town","pop":0,"rank":2}},{"type":"Feature","geometry":{"type":"Point","coordinates":[8.49772,50.17263]},"properties":{"name":"Mammolshain","cls":"village","pop":0,"rank":3}},{"type":"Feature","geometry":{"type":"Point","coordinates":[8.49075,50.15807]},"properties":{"name":"Neuenhain","cls":"village","pop":0,"rank":3}},{"type":"Feature","geometry":{"type":"Point","coordinates":[8.46796,50.15836]},"properties":{"name":"Altenhain","cls":"village","pop":0,"rank":3}},{"type":"Feature","geometry":{"type":"Point","coordinates":[8.45479,50.17291]},"properties":{"name":"Schneidhain","cls":"village","pop":0,"rank":3}},{"type":"Feature","geometry":{"type":"Point","coordinates":[8.42552,50.15051]},"properties":{"name":"Fischbach","cls":"village","pop":0,"rank":3}},{"type":"Feature","geometry":{"type":"Point","coordinates":[8.40142,50.17298]},"properties":{"name":"Ruppertshain","cls":"village","pop":0,"rank":3}},{"type":"Feature","geometry":{"type":"Point","coordinates":[8.29742,50.18713]},"properties":{"name":"Oberseelbach","cls":"village","pop":0,"rank":3}},{"type":"Feature","geometry":{"type":"Point","coordinates":[8.33586,50.17056]},"properties":{"name":"Oberjosbach","cls":"village","pop":0,"rank":3}},{"type":"Feature","geometry":{"type":"Point","coordinates":[8.30525,50.16152]},"properties":{"name":"Königshofen","cls":"village","pop":0,"rank":3}},{"type":"Feature","geometry":{"type":"Point","coordinates":[8.35329,50.15361]},"properties":{"name":"Niederjosbach","cls":"village","pop":0,"rank":3}},{"type":"Feature","geometry":{"type":"Point","coordinates":[8.36835,50.17499]},"properties":{"name":"Ehlhalten","cls":"village","pop":0,"rank":3}},{"type":"Feature","geometry":{"type":"Point","coordinates":[8.39246,50.16797]},"properties":{"name":"Eppenhain","cls":"village","pop":0,"rank":3}},{"type":"Feature","geometry":{"type":"Point","coordinates":[8.3803,50.155]},"properties":{"name":"Eppstein","cls":"village","pop":0,"rank":3}},{"type":"Feature","geometry":{"type":"Point","coordinates":[8.37806,50.14799]},"properties":{"name":"Vockenhausen","cls":"village","pop":0,"rank":3}},{"type":"Feature","geometry":{"type":"Point","coordinates":[8.36185,50.11707]},"properties":{"name":"Wildsachsen","cls":"village","pop":0,"rank":3}},{"type":"Feature","geometry":{"type":"Point","coordinates":[8.35877,50.14022]},"properties":{"name":"Bremthal","cls":"village","pop":0,"rank":3}},{"type":"Feature","geometry":{"type":"Point","coordinates":[8.30131,50.13521]},"properties":{"name":"Naurod","cls":"village","pop":0,"rank":3}},{"type":"Feature","geometry":{"type":"Point","coordinates":[8.29626,50.11071]},"properties":{"name":"Heßloch","cls":"village","pop":0,"rank":3}},{"type":"Feature","geometry":{"type":"Point","coordinates":[8.32888,50.12216]},"properties":{"name":"Auringen","cls":"village","pop":0,"rank":3}},{"type":"Feature","geometry":{"type":"Point","coordinates":[8.34072,50.10481]},"properties":{"name":"Medenbach","cls":"village","pop":0,"rank":3}},{"type":"Feature","geometry":{"type":"Point","coordinates":[8.30652,50.09448]},"properties":{"name":"Kloppenheim","cls":"village","pop":0,"rank":3}},{"type":"Feature","geometry":{"type":"Point","coordinates":[8.32889,50.08185]},"properties":{"name":"Igstadt","cls":"village","pop":0,"rank":3}},{"type":"Feature","geometry":{"type":"Point","coordinates":[8.37204,50.07875]},"properties":{"name":"Breckenheim","cls":"village","pop":0,"rank":3}},{"type":"Feature","geometry":{"type":"Point","coordinates":[8.44699,50.08663]},"properties":{"name":"Hofheim","cls":"village","pop":0,"rank":3}},{"type":"Feature","geometry":{"type":"Point","coordinates":[8.44705,50.08663]},"properties":{"name":"Hofheim am Taunus","cls":"town","pop":0,"rank":2}},{"type":"Feature","geometry":{"type":"Point","coordinates":[8.39846,50.10563]},"properties":{"name":"Langenhain","cls":"village","pop":0,"rank":3}},{"type":"Feature","geometry":{"type":"Point","coordinates":[8.42288,50.11713]},"properties":{"name":"Lorsbach","cls":"village","pop":0,"rank":3}},{"type":"Feature","geometry":{"type":"Point","coordinates":[8.47903,50.1244]},"properties":{"name":"Niederhofheim","cls":"village","pop":0,"rank":3}},{"type":"Feature","geometry":{"type":"Point","coordinates":[8.45318,50.1344]},"properties":{"name":"Kelkheim (Taunus)","cls":"town","pop":0,"rank":2}},{"type":"Feature","geometry":{"type":"Point","coordinates":[8.49392,50.11885]},"properties":{"name":"Oberliederbach","cls":"village","pop":0,"rank":3}},{"type":"Feature","geometry":{"type":"Point","coordinates":[8.48787,50.12305]},"properties":{"name":"Liederbach am Taunus","cls":"village","pop":0,"rank":3}},{"type":"Feature","geometry":{"type":"Point","coordinates":[8.47074,50.085]},"properties":{"name":"Kriftel","cls":"village","pop":0,"rank":3}},{"type":"Feature","geometry":{"type":"Point","coordinates":[8.4819,50.056]},"properties":{"name":"Hattersheim am Main","cls":"town","pop":0,"rank":2}},{"type":"Feature","geometry":{"type":"Point","coordinates":[8.49584,50.05433]},"properties":{"name":"Okriftel","cls":"village","pop":0,"rank":3}},{"type":"Feature","geometry":{"type":"Point","coordinates":[8.46848,50.04012]},"properties":{"name":"Eddersheim","cls":"village","pop":0,"rank":3}},{"type":"Feature","geometry":{"type":"Point","coordinates":[8.42329,50.01678]},"properties":{"name":"Flörsheim am Main","cls":"town","pop":0,"rank":2}},{"type":"Feature","geometry":{"type":"Point","coordinates":[8.42329,50.01678]},"properties":{"name":"Flörsheim","cls":"town","pop":0,"rank":2}},{"type":"Feature","geometry":{"type":"Point","coordinates":[8.40615,50.02886]},"properties":{"name":"Wicker","cls":"village","pop":0,"rank":3}},{"type":"Feature","geometry":{"type":"Point","coordinates":[8.43574,50.04528]},"properties":{"name":"Weilbach","cls":"village","pop":0,"rank":3}},{"type":"Feature","geometry":{"type":"Point","coordinates":[8.43207,50.0724]},"properties":{"name":"Marxheim","cls":"village","pop":0,"rank":3}},{"type":"Feature","geometry":{"type":"Point","coordinates":[8.41898,50.06153]},"properties":{"name":"Diedenbergen","cls":"village","pop":0,"rank":3}},{"type":"Feature","geometry":{"type":"Point","coordinates":[8.37226,50.06204]},"properties":{"name":"Wallau","cls":"village","pop":0,"rank":3}},{"type":"Feature","geometry":{"type":"Point","coordinates":[8.29672,50.05602]},"properties":{"name":"Erbenheim","cls":"village","pop":0,"rank":3}},{"type":"Feature","geometry":{"type":"Point","coordinates":[8.35068,50.01654]},"properties":{"name":"Hochheim","cls":"town","pop":0,"rank":2}},{"type":"Feature","geometry":{"type":"Point","coordinates":[8.35068,50.01654]},"properties":{"name":"Hochheim am Main","cls":"town","pop":0,"rank":2}},{"type":"Feature","geometry":{"type":"Point","coordinates":[8.38829,50.04051]},"properties":{"name":"Massenheim","cls":"village","pop":0,"rank":3}},{"type":"Feature","geometry":{"type":"Point","coordinates":[8.35482,49.98992]},"properties":{"name":"Bischofsheim","cls":"town","pop":0,"rank":2}},{"type":"Feature","geometry":{"type":"Point","coordinates":[8.35187,50.00346]},"properties":{"name":"Südstadt","cls":"village","pop":0,"rank":3}},{"type":"Feature","geometry":{"type":"Point","coordinates":[8.32469,49.9967]},"properties":{"name":"Gustavsburg","cls":"village","pop":0,"rank":3}},{"type":"Feature","geometry":{"type":"Point","coordinates":[8.30387,50.00519]},"properties":{"name":"Mainz-Kostheim","cls":"village","pop":0,"rank":3}},{"type":"Feature","geometry":{"type":"Point","coordinates":[8.3255,49.98453]},"properties":{"name":"Ginsheim-Gustavsburg","cls":"village","pop":0,"rank":3}},{"type":"Feature","geometry":{"type":"Point","coordinates":[8.30019,49.97964]},"properties":{"name":"Weisenau","cls":"village","pop":0,"rank":3}},{"type":"Feature","geometry":{"type":"Point","coordinates":[8.31077,49.96155]},"properties":{"name":"Laubenheim","cls":"village","pop":0,"rank":3}},{"type":"Feature","geometry":{"type":"Point","coordinates":[8.34846,49.97111]},"properties":{"name":"Ginsheim","cls":"village","pop":0,"rank":3}},{"type":"Feature","geometry":{"type":"Point","coordinates":[8.37762,49.96148]},"properties":{"name":"Bauschheim","cls":"village","pop":0,"rank":3}},{"type":"Feature","geometry":{"type":"Point","coordinates":[8.44743,49.96504]},"properties":{"name":"Königstädten","cls":"village","pop":0,"rank":3}},{"type":"Feature","geometry":{"type":"Point","coordinates":[8.41172,49.99485]},"properties":{"name":"Rüsselsheim am Main","cls":"town","pop":0,"rank":2}},{"type":"Feature","geometry":{"type":"Point","coordinates":[8.41164,49.99485]},"properties":{"name":"Rüsselsheim","cls":"village","pop":0,"rank":3}},{"type":"Feature","geometry":{"type":"Point","coordinates":[8.3986,50.00288]},"properties":{"name":"Keramag/Falkenberg","cls":"village","pop":0,"rank":3}},{"type":"Feature","geometry":{"type":"Point","coordinates":[8.44994,50.00977]},"properties":{"name":"Raunheim","cls":"town","pop":0,"rank":2}},{"type":"Feature","geometry":{"type":"Point","coordinates":[8.45453,49.95041]},"properties":{"name":"Nauheim","cls":"village","pop":0,"rank":3}},{"type":"Feature","geometry":{"type":"Point","coordinates":[8.56386,49.97611]},"properties":{"name":"Mörfelden","cls":"town","pop":0,"rank":2}},{"type":"Feature","geometry":{"type":"Point","coordinates":[8.58179,50.00449]},"properties":{"name":"Walldorf","cls":"town","pop":0,"rank":2}},{"type":"Feature","geometry":{"type":"Point","coordinates":[8.52966,50.06515]},"properties":{"name":"Kelsterbach","cls":"town","pop":0,"rank":2}},{"type":"Feature","geometry":{"type":"Point","coordinates":[8.61407,50.0345]},"properties":{"name":"Zeppelinheim","cls":"village","pop":0,"rank":3}},{"type":"Feature","geometry":{"type":"Point","coordinates":[8.66833,50.02183]},"properties":{"name":"Buchschlag","cls":"village","pop":0,"rank":3}},{"type":"Feature","geometry":{"type":"Point","coordinates":[8.63755,50.06191]},"properties":{"name":"Süd","cls":"village","pop":0,"rank":3}},{"type":"Feature","geometry":{"type":"Point","coordinates":[8.69368,50.02477]},"properties":{"name":"Sprendlingen","cls":"town","pop":0,"rank":2}},{"type":"Feature","geometry":{"type":"Point","coordinates":[8.6667,49.99151]},"properties":{"name":"Langen (Hessen)","cls":"town","pop":0,"rank":2}},{"type":"Feature","geometry":{"type":"Point","coordinates":[8.82008,49.75487]},"properties":{"name":"Nonrod","cls":"village","pop":0,"rank":3}},{"type":"Feature","geometry":{"type":"Point","coordinates":[8.79505,49.75518]},"properties":{"name":"Billings","cls":"village","pop":0,"rank":3}},{"type":"Feature","geometry":{"type":"Point","coordinates":[8.76331,49.75685]},"properties":{"name":"Klein-Bieberau/Webern","cls":"village","pop":0,"rank":3}},{"type":"Feature","geometry":{"type":"Point","coordinates":[8.73833,49.76072]},"properties":{"name":"Herchenrode","cls":"village","pop":0,"rank":3}},{"type":"Feature","geometry":{"type":"Point","coordinates":[8.76889,49.77695]},"properties":{"name":"Asbach","cls":"village","pop":0,"rank":3}},{"type":"Feature","geometry":{"type":"Point","coordinates":[8.73866,49.79485]},"properties":{"name":"Modau","cls":"village","pop":0,"rank":3}},{"type":"Feature","geometry":{"type":"Point","coordinates":[8.76381,49.79973]},"properties":{"name":"Rohrbach","cls":"village","pop":0,"rank":3}},{"type":"Feature","geometry":{"type":"Point","coordinates":[8.78485,49.80677]},"properties":{"name":"Wembach","cls":"village","pop":0,"rank":3}},{"type":"Feature","geometry":{"type":"Point","coordinates":[8.78284,49.80934]},"properties":{"name":"Wembach-Hahn","cls":"village","pop":0,"rank":3}},{"type":"Feature","geometry":{"type":"Point","coordinates":[8.8161,49.79025]},"properties":{"name":"Groß-Bieberau","cls":"village","pop":0,"rank":3}},{"type":"Feature","geometry":{"type":"Point","coordinates":[8.81743,49.77398]},"properties":{"name":"Niedernhausen","cls":"village","pop":0,"rank":3}},{"type":"Feature","geometry":{"type":"Point","coordinates":[8.79277,49.78054]},"properties":{"name":"Rodau","cls":"village","pop":0,"rank":3}},{"type":"Feature","geometry":{"type":"Point","coordinates":[8.80447,49.77123]},"properties":{"name":"Lichtenberg","cls":"village","pop":0,"rank":3}},{"type":"Feature","geometry":{"type":"Point","coordinates":[8.86232,49.7774]},"properties":{"name":"Wersau","cls":"village","pop":0,"rank":3}},{"type":"Feature","geometry":{"type":"Point","coordinates":[8.94599,49.80857]},"properties":{"name":"Ober-Nauses","cls":"village","pop":0,"rank":3}},{"type":"Feature","geometry":{"type":"Point","coordinates":[8.93433,49.79037]},"properties":{"name":"Hassenroth","cls":"village","pop":0,"rank":3}},{"type":"Feature","geometry":{"type":"Point","coordinates":[8.9378,49.7805]},"properties":{"name":"Hummetroth","cls":"village","pop":0,"rank":3}},{"type":"Feature","geometry":{"type":"Point","coordinates":[8.90209,49.77893]},"properties":{"name":"Höllerbach","cls":"village","pop":0,"rank":3}},{"type":"Feature","geometry":{"type":"Point","coordinates":[8.8993,49.7695]},"properties":{"name":"Brensbach","cls":"village","pop":0,"rank":3}},{"type":"Feature","geometry":{"type":"Point","coordinates":[8.90969,49.76286]},"properties":{"name":"Wallbach","cls":"village","pop":0,"rank":3}},{"type":"Feature","geometry":{"type":"Point","coordinates":[8.9454,49.76768]},"properties":{"name":"Ober-Kinzig","cls":"village","pop":0,"rank":3}},{"type":"Feature","geometry":{"type":"Point","coordinates":[8.94264,49.75144]},"properties":{"name":"Birkert","cls":"village","pop":0,"rank":3}},{"type":"Feature","geometry":{"type":"Point","coordinates":[9.03213,49.75861]},"properties":{"name":"Fürstengrund","cls":"village","pop":0,"rank":3}},{"type":"Feature","geometry":{"type":"Point","coordinates":[8.97382,49.75538]},"properties":{"name":"Nieder-Kinzig","cls":"village","pop":0,"rank":3}},{"type":"Feature","geometry":{"type":"Point","coordinates":[8.98771,49.77042]},"properties":{"name":"Mümling-Grumbach","cls":"village","pop":0,"rank":3}},{"type":"Feature","geometry":{"type":"Point","coordinates":[8.95944,49.77351]},"properties":{"name":"Forstel","cls":"village","pop":0,"rank":3}},{"type":"Feature","geometry":{"type":"Point","coordinates":[8.96016,49.78094]},"properties":{"name":"Annelsbach","cls":"village","pop":0,"rank":3}},{"type":"Feature","geometry":{"type":"Point","coordinates":[8.96066,49.79092]},"properties":{"name":"Pfirschbach","cls":"village","pop":0,"rank":3}},{"type":"Feature","geometry":{"type":"Point","coordinates":[9.00979,49.80532]},"properties":{"name":"Dusenbach","cls":"village","pop":0,"rank":3}},{"type":"Feature","geometry":{"type":"Point","coordinates":[9.03769,49.78484]},"properties":{"name":"Rimhorn","cls":"village","pop":0,"rank":3}},{"type":"Feature","geometry":{"type":"Point","coordinates":[9.01579,49.97844]},"properties":{"name":"Schaafheimer Wiesen","cls":"village","pop":0,"rank":3}},{"type":"Feature","geometry":{"type":"Point","coordinates":[8.95071,49.92351]},"properties":{"name":"Langstadt","cls":"village","pop":0,"rank":3}},{"type":"Feature","geometry":{"type":"Point","coordinates":[8.97302,49.91229]},"properties":{"name":"Schlierbach","cls":"village","pop":0,"rank":3}},{"type":"Feature","geometry":{"type":"Point","coordinates":[9.0082,49.9107]},"properties":{"name":"Schaafheim","cls":"village","pop":0,"rank":3}},{"type":"Feature","geometry":{"type":"Point","coordinates":[9.02388,49.84847]},"properties":{"name":"Wald-Amorbach","cls":"village","pop":0,"rank":3}},{"type":"Feature","geometry":{"type":"Point","coordinates":[9.04344,49.83531]},"properties":{"name":"Hainstadt","cls":"village","pop":0,"rank":3}},{"type":"Feature","geometry":{"type":"Point","coordinates":[9.03796,49.8162]},"properties":{"name":"Neustadt","cls":"village","pop":0,"rank":3}},{"type":"Feature","geometry":{"type":"Point","coordinates":[9.01762,49.81887]},"properties":{"name":"Sandbach","cls":"village","pop":0,"rank":3}},{"type":"Feature","geometry":{"type":"Point","coordinates":[8.9821,49.81042]},"properties":{"name":"Hetschbach","cls":"village","pop":0,"rank":3}},{"type":"Feature","geometry":{"type":"Point","coordinates":[8.96579,49.84067]},"properties":{"name":"Heubach","cls":"village","pop":0,"rank":3}},{"type":"Feature","geometry":{"type":"Point","coordinates":[8.95669,49.86477]},"properties":{"name":"Groß-Umstadt","cls":"town","pop":0,"rank":2}},{"type":"Feature","geometry":{"type":"Point","coordinates":[8.95898,49.87227]},"properties":{"name":"Raibach","cls":"village","pop":0,"rank":3}},{"type":"Feature","geometry":{"type":"Point","coordinates":[9.01556,49.86588]},"properties":{"name":"Dorndiel","cls":"village","pop":0,"rank":3}},{"type":"Feature","geometry":{"type":"Point","coordinates":[9.0158,49.88954]},"properties":{"name":"Radheim","cls":"village","pop":0,"rank":3}},{"type":"Feature","geometry":{"type":"Point","coordinates":[9.02956,49.89112]},"properties":{"name":"Mosbach","cls":"village","pop":0,"rank":3}},{"type":"Feature","geometry":{"type":"Point","coordinates":[8.95398,49.90238]},"properties":{"name":"Kleestadt","cls":"village","pop":0,"rank":3}},{"type":"Feature","geometry":{"type":"Point","coordinates":[8.94583,49.88964]},"properties":{"name":"Klein-Umstadt","cls":"village","pop":0,"rank":3}},{"type":"Feature","geometry":{"type":"Point","coordinates":[8.92426,49.88656]},"properties":{"name":"Richen","cls":"village","pop":0,"rank":3}},{"type":"Feature","geometry":{"type":"Point","coordinates":[8.88923,49.87322]},"properties":{"name":"Semd","cls":"village","pop":0,"rank":3}},{"type":"Feature","geometry":{"type":"Point","coordinates":[8.84942,49.8683]},"properties":{"name":"Klein-Zimmern","cls":"village","pop":0,"rank":3}},{"type":"Feature","geometry":{"type":"Point","coordinates":[8.90501,49.83401]},"properties":{"name":"Lengfeld","cls":"village","pop":0,"rank":3}},{"type":"Feature","geometry":{"type":"Point","coordinates":[8.91407,49.81976]},"properties":{"name":"Hering","cls":"village","pop":0,"rank":3}},{"type":"Feature","geometry":{"type":"Point","coordinates":[8.89069,49.8192]},"properties":{"name":"Nieder-Klingen","cls":"village","pop":0,"rank":3}},{"type":"Feature","geometry":{"type":"Point","coordinates":[8.89015,49.80985]},"properties":{"name":"Ober-Klingen","cls":"village","pop":0,"rank":3}},{"type":"Feature","geometry":{"type":"Point","coordinates":[8.84702,49.82396]},"properties":{"name":"Ueberau","cls":"village","pop":0,"rank":3}},{"type":"Feature","geometry":{"type":"Point","coordinates":[8.8806,49.85001]},"properties":{"name":"Habitzheim","cls":"village","pop":0,"rank":3}},{"type":"Feature","geometry":{"type":"Point","coordinates":[8.80576,49.84556]},"properties":{"name":"Georgenhausen","cls":"village","pop":0,"rank":3}},{"type":"Feature","geometry":{"type":"Point","coordinates":[8.79048,49.84498]},"properties":{"name":"Zeilhard","cls":"village","pop":0,"rank":3}},{"type":"Feature","geometry":{"type":"Point","coordinates":[8.82926,49.84285]},"properties":{"name":"Spachbrücken","cls":"village","pop":0,"rank":3}},{"type":"Feature","geometry":{"type":"Point","coordinates":[8.78307,49.81444]},"properties":{"name":"Hahn","cls":"village","pop":0,"rank":3}},{"type":"Feature","geometry":{"type":"Point","coordinates":[8.7548,49.8152]},"properties":{"name":"Ober-Ramstadt","cls":"town","pop":0,"rank":2}},{"type":"Feature","geometry":{"type":"Point","coordinates":[8.7643,49.8665]},"properties":{"name":"Roßdorf","cls":"town","pop":0,"rank":2}},{"type":"Feature","geometry":{"type":"Point","coordinates":[8.78843,49.87037]},"properties":{"name":"Gundernhausen","cls":"village","pop":0,"rank":3}},{"type":"Feature","geometry":{"type":"Point","coordinates":[8.89158,49.91522]},"properties":{"name":"Altheim","cls":"village","pop":0,"rank":3}},{"type":"Feature","geometry":{"type":"Point","coordinates":[8.91581,49.92633]},"properties":{"name":"Harpertshausen","cls":"village","pop":0,"rank":3}},{"type":"Feature","geometry":{"type":"Point","coordinates":[8.91255,49.93914]},"properties":{"name":"Hergershausen","cls":"village","pop":0,"rank":3}},{"type":"Feature","geometry":{"type":"Point","coordinates":[8.93076,49.94811]},"properties":{"name":"Sickenhofen","cls":"village","pop":0,"rank":3}},{"type":"Feature","geometry":{"type":"Point","coordinates":[8.81575,50.00265]},"properties":{"name":"Waldacker","cls":"village","pop":0,"rank":3}},{"type":"Feature","geometry":{"type":"Point","coordinates":[8.80172,49.9901]},"properties":{"name":"Messenhausen","cls":"village","pop":0,"rank":3}},{"type":"Feature","geometry":{"type":"Point","coordinates":[8.80883,49.97989]},"properties":{"name":"Rödermark","cls":"village","pop":0,"rank":3}},{"type":"Feature","geometry":{"type":"Point","coordinates":[8.77882,49.97928]},"properties":{"name":"Bulau","cls":"village","pop":0,"rank":3}},{"type":"Feature","geometry":{"type":"Point","coordinates":[8.74348,49.98084]},"properties":{"name":"Offenthal","cls":"village","pop":0,"rank":3}},{"type":"Feature","geometry":{"type":"Point","coordinates":[8.73335,49.99834]},"properties":{"name":"Götzenhain","cls":"village","pop":0,"rank":3}},{"type":"Feature","geometry":{"type":"Point","coordinates":[8.75165,50.05977]},"properties":{"name":"Gravenbruch","cls":"village","pop":0,"rank":3}},{"type":"Feature","geometry":{"type":"Point","coordinates":[8.87328,50.07313]},"properties":{"name":"Obertshausen","cls":"town","pop":0,"rank":2}},{"type":"Feature","geometry":{"type":"Point","coordinates":[8.86717,50.07782]},"properties":{"name":"Hausen","cls":"town","pop":0,"rank":2}},{"type":"Feature","geometry":{"type":"Point","coordinates":[8.85521,50.0977]},"properties":{"name":"Lämmerspiel","cls":"village","pop":0,"rank":3}},{"type":"Feature","geometry":{"type":"Point","coordinates":[8.92806,50.09854]},"properties":{"name":"Klein-Auheim","cls":"village","pop":0,"rank":3}},{"type":"Feature","geometry":{"type":"Point","coordinates":[8.94588,50.10264]},"properties":{"name":"Großauheim","cls":"village","pop":0,"rank":3}},{"type":"Feature","geometry":{"type":"Point","coordinates":[8.93781,50.07722]},"properties":{"name":"Hainstadt","cls":"village","pop":0,"rank":3}},{"type":"Feature","geometry":{"type":"Point","coordinates":[8.9358,50.05344]},"properties":{"name":"Froschhausen","cls":"village","pop":0,"rank":3}},{"type":"Feature","geometry":{"type":"Point","coordinates":[8.85498,50.04933]},"properties":{"name":"Rembrücken","cls":"village","pop":0,"rank":3}},{"type":"Feature","geometry":{"type":"Point","coordinates":[8.99325,50.01424]},"properties":{"name":"Zellhausen","cls":"village","pop":0,"rank":3}},{"type":"Feature","geometry":{"type":"Point","coordinates":[9.00683,50.04049]},"properties":{"name":"Klein-Welzheim","cls":"village","pop":0,"rank":3}},{"type":"Feature","geometry":{"type":"Point","coordinates":[9.01197,50.04834]},"properties":{"name":"Großwelzheim","cls":"village","pop":0,"rank":3}},{"type":"Feature","geometry":{"type":"Point","coordinates":[9.03599,50.04003]},"properties":{"name":"Dettingen","cls":"village","pop":0,"rank":3}},{"type":"Feature","geometry":{"type":"Point","coordinates":[9.02527,50.02945]},"properties":{"name":"Mainflingen","cls":"village","pop":0,"rank":3}},{"type":"Feature","geometry":{"type":"Point","coordinates":[8.96598,50.07486]},"properties":{"name":"Klein-Krotzenburg","cls":"village","pop":0,"rank":3}},{"type":"Feature","geometry":{"type":"Point","coordinates":[8.95937,50.12276]},"properties":{"name":"Wolfgang","cls":"village","pop":0,"rank":3}},{"type":"Feature","geometry":{"type":"Point","coordinates":[9.02373,50.14526]},"properties":{"name":"Niederrodenbach","cls":"village","pop":0,"rank":3}},{"type":"Feature","geometry":{"type":"Point","coordinates":[8.97957,50.17039]},"properties":{"name":"Langendiebach","cls":"village","pop":0,"rank":3}},{"type":"Feature","geometry":{"type":"Point","coordinates":[8.98696,50.15875]},"properties":{"name":"Rückingen","cls":"village","pop":0,"rank":3}},{"type":"Feature","geometry":{"type":"Point","coordinates":[8.99229,50.18889]},"properties":{"name":"Ravolzhausen","cls":"village","pop":0,"rank":3}},{"type":"Feature","geometry":{"type":"Point","coordinates":[8.95364,50.19424]},"properties":{"name":"Oberissigheim","cls":"village","pop":0,"rank":3}},{"type":"Feature","geometry":{"type":"Point","coordinates":[8.93383,50.19363]},"properties":{"name":"Niederissigheim","cls":"village","pop":0,"rank":3}},{"type":"Feature","geometry":{"type":"Point","coordinates":[8.90997,50.198]},"properties":{"name":"Roßdorf","cls":"village","pop":0,"rank":3}},{"type":"Feature","geometry":{"type":"Point","coordinates":[8.85509,50.20048]},"properties":{"name":"Kilianstädten","cls":"village","pop":0,"rank":3}},{"type":"Feature","geometry":{"type":"Point","coordinates":[8.88706,50.17762]},"properties":{"name":"Mittelbuchen","cls":"village","pop":0,"rank":3}},{"type":"Feature","geometry":{"type":"Point","coordinates":[8.85865,50.16882]},"properties":{"name":"Wachenbuchen","cls":"village","pop":0,"rank":3}},{"type":"Feature","geometry":{"type":"Point","coordinates":[8.93501,50.14044]},"properties":{"name":"Lamboy","cls":"village","pop":0,"rank":3}},{"type":"Feature","geometry":{"type":"Point","coordinates":[8.90557,50.14155]},"properties":{"name":"Nordwest","cls":"village","pop":0,"rank":3}},{"type":"Feature","geometry":{"type":"Point","coordinates":[8.91718,50.13397]},"properties":{"name":"Innenstadt","cls":"village","pop":0,"rank":3}},{"type":"Feature","geometry":{"type":"Point","coordinates":[8.92863,50.1272]},"properties":{"name":"Südost","cls":"village","pop":0,"rank":3}},{"type":"Feature","geometry":{"type":"Point","coordinates":[8.90552,50.11173]},"properties":{"name":"Steinheim","cls":"village","pop":0,"rank":3}},{"type":"Feature","geometry":{"type":"Point","coordinates":[8.8577,50.1227]},"properties":{"name":"Dietesheim","cls":"village","pop":0,"rank":3}},{"type":"Feature","geometry":{"type":"Point","coordinates":[8.83932,50.13342]},"properties":{"name":"Dörnigheim","cls":"town","pop":0,"rank":2}},{"type":"Feature","geometry":{"type":"Point","coordinates":[8.89195,50.13056]},"properties":{"name":"Kesselstadt","cls":"village","pop":0,"rank":3}},{"type":"Feature","geometry":{"type":"Point","coordinates":[8.80232,50.14822]},"properties":{"name":"Bischofsheim","cls":"town","pop":0,"rank":2}},{"type":"Feature","geometry":{"type":"Point","coordinates":[8.74795,50.1357]},"properties":{"name":"Ost","cls":"village","pop":0,"rank":3}},{"type":"Feature","geometry":{"type":"Point","coordinates":[8.76189,50.15807]},"properties":{"name":"Bergen-Enkheim","cls":"village","pop":0,"rank":3}},{"type":"Feature","geometry":{"type":"Point","coordinates":[8.83295,50.15315]},"properties":{"name":"Hochstadt","cls":"village","pop":0,"rank":3}},{"type":"Feature","geometry":{"type":"Point","coordinates":[8.82343,50.19571]},"properties":{"name":"Oberdorfelden","cls":"village","pop":0,"rank":3}},{"type":"Feature","geometry":{"type":"Point","coordinates":[8.74918,50.19339]},"properties":{"name":"Bad Vilbel","cls":"town","pop":0,"rank":2}},{"type":"Feature","geometry":{"type":"Point","coordinates":[8.74726,50.20866]},"properties":{"name":"Dortelweil","cls":"village","pop":0,"rank":3}},{"type":"Feature","geometry":{"type":"Point","coordinates":[8.77664,50.2249]},"properties":{"name":"Klein-Karben","cls":"village","pop":0,"rank":3}},{"type":"Feature","geometry":{"type":"Point","coordinates":[8.74926,50.23319]},"properties":{"name":"Kloppenheim","cls":"village","pop":0,"rank":3}},{"type":"Feature","geometry":{"type":"Point","coordinates":[8.77257,50.23897]},"properties":{"name":"Groß-Karben","cls":"village","pop":0,"rank":3}},{"type":"Feature","geometry":{"type":"Point","coordinates":[8.83526,50.21705]},"properties":{"name":"Büdesheim","cls":"village","pop":0,"rank":3}},{"type":"Feature","geometry":{"type":"Point","coordinates":[8.79271,50.21489]},"properties":{"name":"Rendel","cls":"village","pop":0,"rank":3}},{"type":"Feature","geometry":{"type":"Point","coordinates":[8.87925,50.22238]},"properties":{"name":"Windecken","cls":"village","pop":0,"rank":3}},{"type":"Feature","geometry":{"type":"Point","coordinates":[8.93665,50.21123]},"properties":{"name":"Butterstadt","cls":"village","pop":0,"rank":3}},{"type":"Feature","geometry":{"type":"Point","coordinates":[8.90845,50.22424]},"properties":{"name":"Ostheim","cls":"village","pop":0,"rank":3}},{"type":"Feature","geometry":{"type":"Point","coordinates":[8.86738,50.23771]},"properties":{"name":"Heldenbergen","cls":"village","pop":0,"rank":3}},{"type":"Feature","geometry":{"type":"Point","coordinates":[8.83797,50.25454]},"properties":{"name":"Kaichen","cls":"village","pop":0,"rank":3}},{"type":"Feature","geometry":{"type":"Point","coordinates":[8.86345,50.27062]},"properties":{"name":"Erbstadt","cls":"village","pop":0,"rank":3}},{"type":"Feature","geometry":{"type":"Point","coordinates":[8.90707,50.25826]},"properties":{"name":"Eichen","cls":"village","pop":0,"rank":3}},{"type":"Feature","geometry":{"type":"Point","coordinates":[8.92764,50.26981]},"properties":{"name":"Höchst","cls":"village","pop":0,"rank":3}},{"type":"Feature","geometry":{"type":"Point","coordinates":[8.94693,50.27493]},"properties":{"name":"Oberau","cls":"village","pop":0,"rank":3}},{"type":"Feature","geometry":{"type":"Point","coordinates":[8.84652,50.28683]},"properties":{"name":"Bönstadt","cls":"village","pop":0,"rank":3}},{"type":"Feature","geometry":{"type":"Point","coordinates":[8.81596,50.29658]},"properties":{"name":"Assenheim","cls":"village","pop":0,"rank":3}},{"type":"Feature","geometry":{"type":"Point","coordinates":[8.7995,50.27913]},"properties":{"name":"Ilbenstadt","cls":"village","pop":0,"rank":3}},{"type":"Feature","geometry":{"type":"Point","coordinates":[8.79705,50.25827]},"properties":{"name":"Burg-Gräfenrode","cls":"village","pop":0,"rank":3}},{"type":"Feature","geometry":{"type":"Point","coordinates":[8.75487,50.25045]},"properties":{"name":"Okarben","cls":"village","pop":0,"rank":3}},{"type":"Feature","geometry":{"type":"Point","coordinates":[8.77007,50.28137]},"properties":{"name":"Nieder-Wöllstadt","cls":"village","pop":0,"rank":3}},{"type":"Feature","geometry":{"type":"Point","coordinates":[8.75104,50.29868]},"properties":{"name":"Ober-Wöllstadt","cls":"village","pop":0,"rank":3}},{"type":"Feature","geometry":{"type":"Point","coordinates":[8.79435,50.3019]},"properties":{"name":"Bruchenbrücken","cls":"village","pop":0,"rank":3}},{"type":"Feature","geometry":{"type":"Point","coordinates":[8.79432,50.32565]},"properties":{"name":"Ossenheim","cls":"village","pop":0,"rank":3}},{"type":"Feature","geometry":{"type":"Point","coordinates":[8.80612,50.33868]},"properties":{"name":"Bauernheim","cls":"village","pop":0,"rank":3}},{"type":"Feature","geometry":{"type":"Point","coordinates":[8.84216,50.33783]},"properties":{"name":"Dorn-Assenheim","cls":"village","pop":0,"rank":3}},{"type":"Feature","geometry":{"type":"Point","coordinates":[8.86954,50.3149]},"properties":{"name":"Nieder-/Ober-Florstadt","cls":"village","pop":0,"rank":3}},{"type":"Feature","geometry":{"type":"Point","coordinates":[8.95477,50.30092]},"properties":{"name":"Rodenbach","cls":"village","pop":0,"rank":3}},{"type":"Feature","geometry":{"type":"Point","coordinates":[8.97381,50.30758]},"properties":{"name":"Heegheim","cls":"village","pop":0,"rank":3}},{"type":"Feature","geometry":{"type":"Point","coordinates":[9.00197,50.31512]},"properties":{"name":"Glauberg","cls":"village","pop":0,"rank":3}},{"type":"Feature","geometry":{"type":"Point","coordinates":[9.01669,50.32376]},"properties":{"name":"Stockheim","cls":"village","pop":0,"rank":3}},{"type":"Feature","geometry":{"type":"Point","coordinates":[9.04866,50.3269]},"properties":{"name":"Bleichenbach","cls":"village","pop":0,"rank":3}},{"type":"Feature","geometry":{"type":"Point","coordinates":[9.03771,50.34086]},"properties":{"name":"Selters","cls":"village","pop":0,"rank":3}},{"type":"Feature","geometry":{"type":"Point","coordinates":[9.00908,50.34135]},"properties":{"name":"Effolderbach","cls":"village","pop":0,"rank":3}},{"type":"Feature","geometry":{"type":"Point","coordinates":[8.96473,50.34561]},"properties":{"name":"Ober-Mockstadt","cls":"village","pop":0,"rank":3}},{"type":"Feature","geometry":{"type":"Point","coordinates":[9.03105,50.29104]},"properties":{"name":"Düdelsheim","cls":"village","pop":0,"rank":3}},{"type":"Feature","geometry":{"type":"Point","coordinates":[8.98048,50.2907]},"properties":{"name":"Lindheim","cls":"village","pop":0,"rank":3}},{"type":"Feature","geometry":{"type":"Point","coordinates":[8.99484,50.26948]},"properties":{"name":"Hainchen","cls":"village","pop":0,"rank":3}},{"type":"Feature","geometry":{"type":"Point","coordinates":[8.9699,50.2722]},"properties":{"name":"Waldsiedlung","cls":"village","pop":0,"rank":3}},{"type":"Feature","geometry":{"type":"Point","coordinates":[8.97258,50.25973]},"properties":{"name":"Rommelhausen","cls":"village","pop":0,"rank":3}},{"type":"Feature","geometry":{"type":"Point","coordinates":[9.0027,50.25998]},"properties":{"name":"Himbach","cls":"village","pop":0,"rank":3}},{"type":"Feature","geometry":{"type":"Point","coordinates":[9.0262,50.25407]},"properties":{"name":"Eckartshausen","cls":"village","pop":0,"rank":3}},{"type":"Feature","geometry":{"type":"Point","coordinates":[9.04938,50.22743]},"properties":{"name":"Ronneburg","cls":"village","pop":0,"rank":3}},{"type":"Feature","geometry":{"type":"Point","coordinates":[8.99923,50.23553]},"properties":{"name":"Langen-Bergheim","cls":"village","pop":0,"rank":3}},{"type":"Feature","geometry":{"type":"Point","coordinates":[8.98445,50.22268]},"properties":{"name":"Marköbel","cls":"village","pop":0,"rank":3}},{"type":"Feature","geometry":{"type":"Point","coordinates":[8.97714,50.20341]},"properties":{"name":"Rüdigheim","cls":"village","pop":0,"rank":3}},{"type":"Feature","geometry":{"type":"Point","coordinates":[9.0402,50.21658]},"properties":{"name":"Hüttengesäß","cls":"village","pop":0,"rank":3}}]}