{"type":"FeatureCollection","features":[{"type":"Feature","geometry":{"type":"LineString","coordinates":[[7.809,50.31106],[7.81039,50.31116],[7.81436,50.31173],[7.81709,50.31154],[7.8196,50.3107],[7.82349,50.30796],[7.82474,50.30728],[7.82538,50.30707],[7.82641,50.30686],[7.8273,50.3068],[7.82844,50.30688],[7.82899,50.30697],[7.83002,50.30727],[7.83092,50.30771],[7.83131,50.30798],[7.83188,50.30854],[7.83212,50.30887],[7.83339,50.31156],[7.83422,50.31232],[7.8357,50.31306],[7.85387,50.31605],[7.85676,50.31608],[7.8598,50.31565],[7.86126,50.31558],[7.86249,50.31566],[7.86367,50.31586],[7.86503,50.31632],[7.86596,50.31684],[7.86697,50.31768],[7.86836,50.31938],[7.86947,50.32017],[7.87088,50.3207],[7.87297,50.32087],[7.87529,50.32034],[7.87755,50.31888],[7.87839,50.31853],[7.87926,50.31831],[7.88006,50.3182],[7.88108,50.31818],[7.88507,50.3185],[7.89227,50.31671],[7.89363,50.31602],[7.89434,50.31537],[7.89575,50.31271],[7.8965,50.31195],[7.89733,50.31145],[7.89867,50.31097],[7.89947,50.3108],[7.9005,50.31066],[7.902,50.3106],[7.90339,50.31067],[7.9038,50.31073],[7.90502,50.31106],[7.9055,50.31126],[7.906,50.31152],[7.90666,50.31201],[7.90735,50.31286],[7.90757,50.31359],[7.90758,50.31423],[7.90733,50.31497],[7.90711,50.31528],[7.90467,50.318],[7.9038,50.32025],[7.9032,50.32125],[7.90217,50.32224],[7.90073,50.32329],[7.89994,50.32437],[7.89978,50.32524],[7.90003,50.3261],[7.90089,50.32716],[7.90185,50.32775],[7.9054,50.32943],[7.90877,50.32994],[7.90977,50.32988],[7.91368,50.32937],[7.91485,50.32929],[7.92492,50.32973],[7.93361,50.32771],[7.93482,50.32749],[7.93609,50.32737],[7.93803,50.32739],[7.93926,50.3275],[7.94041,50.32766],[7.94207,50.32799],[7.94301,50.32824],[7.94452,50.32873],[7.94631,50.3295],[7.94821,50.33058],[7.9489,50.33108],[7.9497,50.33178],[7.95077,50.33309],[7.95119,50.33378],[7.95135,50.33444],[7.95138,50.33662],[7.95177,50.33745],[7.95582,50.34092],[7.9576,50.34157],[7.96509,50.34228],[7.96617,50.34242],[7.96706,50.34265],[7.96759,50.34288],[7.96807,50.34315],[7.96874,50.34371],[7.969,50.34406],[7.96921,50.34457],[7.96923,50.34539],[7.9691,50.34579],[7.96873,50.34635],[7.96526,50.3497],[7.96486,50.35086],[7.96515,50.35221],[7.96477,50.35111],[7.96519,50.34968],[7.96905,50.34577],[7.96916,50.34458],[7.96869,50.34373],[7.96774,50.34298],[7.96643,50.3425],[7.95757,50.34161],[7.95576,50.34095],[7.95171,50.33747],[7.95133,50.33662],[7.95113,50.33379],[7.94966,50.3318],[7.94692,50.32986],[7.94298,50.32826],[7.93981,50.3276],[7.93609,50.3274],[7.93405,50.32766],[7.92493,50.32975],[7.91485,50.32933],[7.90978,50.32991],[7.9083,50.32997],[7.90536,50.32947],[7.9018,50.32777],[7.90069,50.32704],[7.89997,50.32611],[7.89972,50.32525],[7.89989,50.32436],[7.90069,50.32327],[7.90315,50.32124],[7.90462,50.31799],[7.90706,50.31526],[7.90752,50.31422],[7.90731,50.31287],[7.90663,50.31203],[7.90547,50.31128],[7.90378,50.31075],[7.9005,50.31069],[7.89869,50.31099],[7.89735,50.31148],[7.8958,50.31272],[7.89437,50.31538],[7.89365,50.31605],[7.89231,50.31673],[7.88507,50.31854],[7.88107,50.31822],[7.87927,50.31835],[7.87758,50.31891],[7.87531,50.32039],[7.87298,50.32091],[7.87086,50.32074],[7.86942,50.3202],[7.86831,50.31941],[7.8669,50.31769],[7.86591,50.31686],[7.86366,50.3159],[7.86066,50.31564],[7.85678,50.31612],[7.85386,50.31609],[7.83567,50.31309],[7.83418,50.31235],[7.83334,50.31157],[7.83206,50.30889],[7.83125,50.308],[7.82999,50.3073],[7.82843,50.30691],[7.82667,50.30687],[7.82477,50.30731],[7.81964,50.31073],[7.81826,50.31129],[7.81648,50.31168],[7.81401,50.31174],[7.80864,50.31109],[7.79823,50.31175]]},"properties":{}},{"type":"Feature","geometry":{"type":"LineString","coordinates":[[8.01111,49.95948],[8.00831,49.9585],[8.00594,49.95803],[8.00316,49.95781],[7.99962,49.958],[7.94857,49.96754],[7.93096,49.97017],[7.9173,49.96979],[7.90177,49.96976],[7.89567,49.96946],[7.88687,49.96844],[7.8846,49.96869],[7.87616,49.97075]]},"properties":{}},{"type":"Feature","geometry":{"type":"LineString","coordinates":[[7.90426,49.96965],[7.91765,49.96971],[7.92867,49.97015],[7.93182,49.97002],[7.94319,49.96821],[7.94547,49.9674],[7.948,49.96583],[7.94911,49.96464],[7.9498,49.96341],[7.95013,49.96233],[7.95019,49.96086],[7.94872,49.95274],[7.94822,49.95046],[7.94507,49.93348],[7.94485,49.9328],[7.94629,49.94041],[7.94633,49.94219],[7.94556,49.94398],[7.94336,49.9466],[7.94297,49.94787],[7.94306,49.94874],[7.94363,49.94996],[7.94467,49.95099],[7.94591,49.95174],[7.94773,49.95232],[7.94852,49.95245],[7.94878,49.95248],[7.94924,49.95252],[7.9506,49.95253],[7.96035,49.95058],[7.96329,49.9503],[7.98562,49.95158],[7.98903,49.95227],[8.00795,49.9582]]},"properties":{}},{"type":"Feature","geometry":{"type":"LineString","coordinates":[[7.91498,49.96974],[7.92868,49.97019],[7.93269,49.96995],[7.94856,49.9675],[8.00083,49.95783],[8.00395,49.9578],[8.00671,49.95811],[8.00902,49.95866],[8.0116,49.95962]]},"properties":{}},{"type":"Feature","geometry":{"type":"LineString","coordinates":[[7.91785,49.97719],[7.92856,49.978],[7.93069,49.97881],[7.93594,49.98187],[7.93926,49.98274],[7.94564,49.98277],[7.95318,49.98237],[7.96069,49.98313],[7.96872,49.98585],[7.97514,49.98858],[7.97965,49.98983]]},"properties":{}},{"type":"Feature","geometry":{"type":"LineString","coordinates":[[7.91939,49.97745],[7.9265,49.97775],[7.9288,49.97811],[7.93064,49.97884],[7.93588,49.9819],[7.93886,49.98273],[7.94335,49.98286],[7.95219,49.98241],[7.95514,49.98249],[7.9611,49.98325],[7.96655,49.98512]]},"properties":{}},{"type":"Feature","geometry":{"type":"LineString","coordinates":[[7.98022,49.8601],[7.94545,49.88733],[7.94211,49.88947],[7.93894,49.89253],[7.93816,49.89376],[7.93791,49.8953],[7.93953,49.90483]]},"properties":{}},{"type":"Feature","geometry":{"type":"LineString","coordinates":[[8.00923,49.95865],[7.98901,49.9523],[7.98561,49.95162],[7.9633,49.95034],[7.96036,49.95062],[7.95061,49.95256],[7.94852,49.9525],[7.94587,49.95176],[7.9439,49.95037],[7.94313,49.94918],[7.94294,49.94833],[7.94331,49.94659],[7.9455,49.94394],[7.94627,49.94194],[7.94631,49.94085],[7.94461,49.93184]]},"properties":{}},{"type":"Feature","geometry":{"type":"LineString","coordinates":[[7.96655,49.98512],[7.96543,49.98467]]},"properties":{}},{"type":"Feature","geometry":{"type":"LineString","coordinates":[[7.96655,49.98512],[7.9751,49.98861],[7.97846,49.98961]]},"properties":{}},{"type":"Feature","geometry":{"type":"LineString","coordinates":[[7.97846,49.98961],[7.97965,49.98983]]},"properties":{}},{"type":"Feature","geometry":{"type":"LineString","coordinates":[[7.97846,49.98961],[7.98225,49.99022],[7.98872,49.99064],[7.99579,49.99215],[7.9981,49.99345],[8.00018,49.99597],[8.00198,49.99746],[8.00401,49.99843],[8.01311,50.00176]]},"properties":{}},{"type":"Feature","geometry":{"type":"LineString","coordinates":[[7.97965,49.98983],[7.98872,49.99061],[7.99581,49.99212],[7.9976,49.99299],[8.00066,49.99638],[8.00202,49.99743],[8.0036,49.99824],[8.01417,50.00206],[8.02,50.00278],[8.02431,50.00395],[8.02613,50.00521],[8.0289,50.00849],[8.03065,50.00948],[8.04089,50.01234],[8.04855,50.01308]]},"properties":{}},{"type":"Feature","geometry":{"type":"LineString","coordinates":[[7.98497,49.85646],[7.98022,49.8601]]},"properties":{}},{"type":"Feature","geometry":{"type":"LineString","coordinates":[[7.98497,49.85646],[7.98022,49.8601]]},"properties":{}},{"type":"Feature","geometry":{"type":"LineString","coordinates":[[8.0722,49.8106],[8.05721,49.82766],[8.05545,49.82901],[8.04428,49.83572],[8.04217,49.8366],[8.03957,49.83727],[8.00571,49.84253],[8.00133,49.8435],[7.9986,49.84472],[7.99705,49.84576],[7.98497,49.85646]]},"properties":{}},{"type":"Feature","geometry":{"type":"LineString","coordinates":[[8.00795,49.9582],[8.01549,49.96109]]},"properties":{}},{"type":"Feature","geometry":{"type":"LineString","coordinates":[[8.00795,49.9582],[8.00923,49.95865]]},"properties":{}},{"type":"Feature","geometry":{"type":"LineString","coordinates":[[8.01031,49.95904],[8.00923,49.95865]]},"properties":{}},{"type":"Feature","geometry":{"type":"LineString","coordinates":[[8.01447,49.96073],[8.01031,49.95904]]},"properties":{}},{"type":"Feature","geometry":{"type":"LineString","coordinates":[[8.0116,49.95962],[8.01031,49.95904]]},"properties":{}},{"type":"Feature","geometry":{"type":"LineString","coordinates":[[8.01217,49.95985],[8.01111,49.95948]]},"properties":{}},{"type":"Feature","geometry":{"type":"LineString","coordinates":[[8.01383,49.96061],[8.01111,49.95948]]},"properties":{}},{"type":"Feature","geometry":{"type":"LineString","coordinates":[[8.01217,49.95985],[8.0116,49.95962]]},"properties":{}},{"type":"Feature","geometry":{"type":"LineString","coordinates":[[8.01206,50.00132],[8.01311,50.00176]]},"properties":{}},{"type":"Feature","geometry":{"type":"LineString","coordinates":[[8.01225,49.95988],[8.01217,49.95985]]},"properties":{}},{"type":"Feature","geometry":{"type":"LineString","coordinates":[[8.01359,49.96042],[8.01225,49.95988]]},"properties":{}},{"type":"Feature","geometry":{"type":"LineString","coordinates":[[8.01383,49.96061],[8.01225,49.95988]]},"properties":{}},{"type":"Feature","geometry":{"type":"LineString","coordinates":[[8.01311,50.00176],[8.01464,50.00221],[8.01676,50.00242]]},"properties":{}},{"type":"Feature","geometry":{"type":"LineString","coordinates":[[8.01447,49.96073],[8.01359,49.96042]]},"properties":{}},{"type":"Feature","geometry":{"type":"LineString","coordinates":[[8.02897,49.96642],[8.01359,49.96042]]},"properties":{}},{"type":"Feature","geometry":{"type":"LineString","coordinates":[[8.02847,49.96627],[8.01383,49.96061]]},"properties":{}},{"type":"Feature","geometry":{"type":"LineString","coordinates":[[8.01457,49.96077],[8.01447,49.96073]]},"properties":{}},{"type":"Feature","geometry":{"type":"LineString","coordinates":[[8.01549,49.96109],[8.01457,49.96077]]},"properties":{}},{"type":"Feature","geometry":{"type":"LineString","coordinates":[[8.027,49.9656],[8.01457,49.96077]]},"properties":{}},{"type":"Feature","geometry":{"type":"LineString","coordinates":[[8.01549,49.96109],[8.02897,49.96642]]},"properties":{}},{"type":"Feature","geometry":{"type":"LineString","coordinates":[[8.01676,50.00242],[8.02308,50.00353],[8.02458,50.00414],[8.02591,50.00508]]},"properties":{}},{"type":"Feature","geometry":{"type":"LineString","coordinates":[[8.01676,50.00242],[8.02307,50.00357],[8.02449,50.00415],[8.02591,50.00508]]},"properties":{}},{"type":"Feature","geometry":{"type":"LineString","coordinates":[[8.02847,49.96627],[8.01869,49.96254]]},"properties":{}},{"type":"Feature","geometry":{"type":"LineString","coordinates":[[8.06198,50.28961],[8.06177,50.29565],[8.06215,50.29757],[8.06327,50.29932],[8.06718,50.30294],[8.06791,50.30418],[8.06821,50.30535],[8.06792,50.30693],[8.06525,50.31099],[8.0652,50.31203],[8.06577,50.31528],[8.06651,50.31652],[8.06893,50.31827],[8.06992,50.31947],[8.07077,50.32252],[8.07059,50.32387],[8.06944,50.32516],[8.0631,50.32841],[8.06149,50.32981],[8.06086,50.33137],[8.06083,50.33514],[8.0605,50.33675],[8.05761,50.34187],[8.05638,50.34346],[8.04935,50.34972],[8.0469,50.35241],[8.04531,50.35312],[8.0409,50.35403],[8.03867,50.35518],[8.03695,50.35692],[8.03549,50.35927],[8.03311,50.36124],[8.03184,50.36276],[8.02995,50.36614],[8.02952,50.36798],[8.02906,50.36876],[8.02774,50.36963],[8.02584,50.37027]]},"properties":{}},{"type":"Feature","geometry":{"type":"LineString","coordinates":[[8.02591,50.00508],[8.02886,50.00852],[8.03115,50.0097],[8.04065,50.01233],[8.04952,50.01319]]},"properties":{}},{"type":"Feature","geometry":{"type":"LineString","coordinates":[[8.02691,50.00623],[8.02739,50.00677]]},"properties":{}},{"type":"Feature","geometry":{"type":"LineString","coordinates":[[8.02846,49.96616],[8.03223,49.96767]]},"properties":{}},{"type":"Feature","geometry":{"type":"LineString","coordinates":[[8.03056,49.96709],[8.02847,49.96627]]},"properties":{}},{"type":"Feature","geometry":{"type":"LineString","coordinates":[[8.02897,49.96642],[8.02924,49.96653]]},"properties":{}},{"type":"Feature","geometry":{"type":"LineString","coordinates":[[8.02924,49.96653],[8.05636,49.97728],[8.05856,49.97847],[8.06113,49.98062]]},"properties":{}},{"type":"Feature","geometry":{"type":"LineString","coordinates":[[8.03056,49.96709],[8.02924,49.96653]]},"properties":{}},{"type":"Feature","geometry":{"type":"LineString","coordinates":[[8.05031,49.97493],[8.03056,49.96709]]},"properties":{}},{"type":"Feature","geometry":{"type":"LineString","coordinates":[[8.03678,50.22217],[8.03991,50.22388],[8.04143,50.22604],[8.04236,50.22667],[8.04625,50.22747],[8.0491,50.22916],[8.05368,50.23136],[8.05629,50.23309],[8.05967,50.23393],[8.06111,50.2346],[8.06301,50.2368],[8.06364,50.23963],[8.06681,50.24386],[8.06676,50.24517],[8.06528,50.24709],[8.0598,50.2519],[8.05958,50.25292],[8.05999,50.25475],[8.05958,50.25586],[8.05867,50.25666],[8.05572,50.25807],[8.05484,50.25883],[8.05449,50.25959],[8.05373,50.26357],[8.05441,50.26661],[8.05446,50.26849],[8.05576,50.27062],[8.05802,50.27545],[8.05837,50.27843],[8.05907,50.27937],[8.06117,50.28076],[8.06172,50.28158],[8.06218,50.28322],[8.06212,50.28579]]},"properties":{}},{"type":"Feature","geometry":{"type":"LineString","coordinates":[[8.03732,49.9701],[8.04503,49.97289],[8.04801,49.97437],[8.05165,49.97567]]},"properties":{}},{"type":"Feature","geometry":{"type":"LineString","coordinates":[[8.0386,49.97065],[8.03759,49.97026]]},"properties":{}},{"type":"Feature","geometry":{"type":"LineString","coordinates":[[8.0386,49.97065],[8.03792,49.97033]]},"properties":{}},{"type":"Feature","geometry":{"type":"LineString","coordinates":[[8.04107,49.97163],[8.0386,49.97065]]},"properties":{}},{"type":"Feature","geometry":{"type":"LineString","coordinates":[[8.04257,49.97215],[8.04018,49.97151]]},"properties":{}},{"type":"Feature","geometry":{"type":"LineString","coordinates":[[8.04107,49.97163],[8.04036,49.9713]]},"properties":{}},{"type":"Feature","geometry":{"type":"LineString","coordinates":[[8.04257,49.97215],[8.04107,49.97163]]},"properties":{}},{"type":"Feature","geometry":{"type":"LineString","coordinates":[[8.0459,49.97324],[8.04427,49.97272],[8.042,49.97244]]},"properties":{}},{"type":"Feature","geometry":{"type":"LineString","coordinates":[[8.04427,49.97272],[8.04201,49.97239]]},"properties":{}},{"type":"Feature","geometry":{"type":"LineString","coordinates":[[8.04219,49.97252],[8.04441,49.97289]]},"properties":{}},{"type":"Feature","geometry":{"type":"LineString","coordinates":[[8.04289,49.97221],[8.04257,49.97215]]},"properties":{}},{"type":"Feature","geometry":{"type":"LineString","coordinates":[[8.04855,50.01308],[8.05704,50.01368],[8.06433,50.01619]]},"properties":{}},{"type":"Feature","geometry":{"type":"LineString","coordinates":[[8.04855,50.01308],[8.04952,50.01319]]},"properties":{}},{"type":"Feature","geometry":{"type":"LineString","coordinates":[[8.05165,49.97567],[8.04951,49.97459]]},"properties":{}},{"type":"Feature","geometry":{"type":"LineString","coordinates":[[8.04952,50.01319],[8.05684,50.01366],[8.06348,50.01596]]},"properties":{}},{"type":"Feature","geometry":{"type":"LineString","coordinates":[[8.06085,49.9805],[8.05924,49.97905],[8.05752,49.97796],[8.05031,49.97493]]},"properties":{}},{"type":"Feature","geometry":{"type":"LineString","coordinates":[[8.06085,49.9805],[8.05747,49.97799],[8.05031,49.97493]]},"properties":{}},{"type":"Feature","geometry":{"type":"LineString","coordinates":[[8.05064,49.97499],[8.05756,49.97793],[8.05928,49.97902],[8.06113,49.98062]]},"properties":{}},{"type":"Feature","geometry":{"type":"LineString","coordinates":[[8.05165,49.97567],[8.05403,49.97664]]},"properties":{}},{"type":"Feature","geometry":{"type":"LineString","coordinates":[[8.05172,49.9757],[8.05403,49.97664]]},"properties":{}},{"type":"Feature","geometry":{"type":"LineString","coordinates":[[8.05344,49.97635],[8.05432,49.9767]]},"properties":{}},{"type":"Feature","geometry":{"type":"LineString","coordinates":[[8.05403,49.97664],[8.05463,49.97695]]},"properties":{}},{"type":"Feature","geometry":{"type":"LineString","coordinates":[[8.24845,50.01037],[8.24312,50.01478],[8.24242,50.01586],[8.24138,50.01836],[8.24062,50.01944],[8.23929,50.02044],[8.23738,50.02122],[8.19438,50.02941],[8.18899,50.02983],[8.18316,50.02941],[8.17763,50.02813],[8.16941,50.02528],[8.16626,50.02395],[8.12599,50.00143],[8.12241,49.9997],[8.11904,49.99854],[8.11523,49.99764],[8.08348,49.99281],[8.07795,49.99164],[8.0738,49.99015],[8.06995,49.98813],[8.06693,49.9859],[8.06085,49.9805]]},"properties":{}},{"type":"Feature","geometry":{"type":"LineString","coordinates":[[8.06113,49.98062],[8.06903,49.98748],[8.07224,49.98937],[8.07628,49.99107],[8.08146,49.99243],[8.11525,49.9976],[8.11867,49.99839],[8.12245,49.99967],[8.12603,50.0014],[8.1663,50.02391],[8.16945,50.02525],[8.17673,50.02778],[8.18142,50.02906],[8.18716,50.02976],[8.1938,50.02946],[8.23658,50.02136],[8.23848,50.02079],[8.24016,50.01979],[8.24111,50.01872],[8.24191,50.01695]]},"properties":{}},{"type":"Feature","geometry":{"type":"LineString","coordinates":[[8.06212,50.28579],[8.06198,50.28961]]},"properties":{}},{"type":"Feature","geometry":{"type":"LineString","coordinates":[[8.06211,50.28605],[8.06198,50.28961]]},"properties":{}},{"type":"Feature","geometry":{"type":"LineString","coordinates":[[8.06207,50.28607],[8.06202,50.2863]]},"properties":{}},{"type":"Feature","geometry":{"type":"LineString","coordinates":[[8.06212,50.28579],[8.06203,50.28697]]},"properties":{}},{"type":"Feature","geometry":{"type":"LineString","coordinates":[[8.06348,50.01596],[8.06433,50.01619]]},"properties":{}},{"type":"Feature","geometry":{"type":"LineString","coordinates":[[8.06348,50.01596],[8.0684,50.0178],[8.07288,50.0186],[8.08385,50.01896],[8.08805,50.01934],[8.09023,50.0201],[8.09141,50.02083],[8.09367,50.02279],[8.09582,50.02369],[8.10086,50.02434],[8.10737,50.02427],[8.1098,50.02448],[8.11257,50.02519],[8.11578,50.02661],[8.11767,50.02712]]},"properties":{}},{"type":"Feature","geometry":{"type":"LineString","coordinates":[[8.06433,50.01619],[8.06844,50.01776],[8.07289,50.01856],[8.08385,50.01892],[8.08808,50.0193],[8.09096,50.02046],[8.09404,50.02295],[8.09663,50.02385],[8.10088,50.02431],[8.10945,50.02438],[8.1126,50.02516],[8.11602,50.02665],[8.11826,50.0272],[8.12732,50.02795],[8.13315,50.02896]]},"properties":{}},{"type":"Feature","geometry":{"type":"LineString","coordinates":[[8.07166,49.8113],[8.0696,49.8139],[8.06928,49.81488],[8.0693,49.81583],[8.0702,49.81985],[8.07334,49.82436],[8.07564,49.8257],[8.08284,49.82845],[8.08421,49.82923],[8.08518,49.83003],[8.08582,49.83101],[8.08838,49.83603],[8.08911,49.8369],[8.09058,49.83786],[8.09259,49.83855],[8.10065,49.8405],[8.10268,49.84155],[8.10656,49.84415],[8.11199,49.84559]]},"properties":{}},{"type":"Feature","geometry":{"type":"LineString","coordinates":[[8.0722,49.8106],[8.07166,49.8113]]},"properties":{}},{"type":"Feature","geometry":{"type":"LineString","coordinates":[[8.07599,49.80631],[8.07166,49.8113]]},"properties":{}},{"type":"Feature","geometry":{"type":"LineString","coordinates":[[8.07241,49.81035],[8.0722,49.8106]]},"properties":{}},{"type":"Feature","geometry":{"type":"LineString","coordinates":[[8.07241,49.81035],[8.07741,49.80454]]},"properties":{}},{"type":"Feature","geometry":{"type":"LineString","coordinates":[[8.07599,49.80631],[8.07241,49.81035]]},"properties":{}},{"type":"Feature","geometry":{"type":"LineString","coordinates":[[8.077,49.80509],[8.07599,49.80631]]},"properties":{}},{"type":"Feature","geometry":{"type":"LineString","coordinates":[[8.077,49.80509],[8.07741,49.80454]]},"properties":{}},{"type":"Feature","geometry":{"type":"LineString","coordinates":[[8.077,49.80509],[8.08071,49.80081],[8.08269,49.79891],[8.11403,49.77741],[8.11564,49.77568],[8.11627,49.77398],[8.11717,49.76615],[8.11428,49.75535],[8.11235,49.75253]]},"properties":{}},{"type":"Feature","geometry":{"type":"LineString","coordinates":[[8.07741,49.80454],[8.0811,49.80031],[8.08283,49.79873],[8.11398,49.77739],[8.11559,49.77566],[8.11621,49.77398],[8.11711,49.76615],[8.11423,49.75536],[8.11311,49.75369]]},"properties":{}},{"type":"Feature","geometry":{"type":"LineString","coordinates":[[8.09943,50.37949],[8.10293,50.37641],[8.10698,50.37348],[8.11157,50.37084],[8.11602,50.36883],[8.13382,50.36194],[8.15498,50.3564],[8.16018,50.35463],[8.16479,50.35263],[8.16953,50.35003],[8.18692,50.33943],[8.19159,50.33732],[8.20886,50.33032],[8.21337,50.32811],[8.21626,50.32642],[8.21998,50.32378],[8.22295,50.32118],[8.22499,50.31903],[8.23452,50.3066],[8.23642,50.30379],[8.23867,50.29957],[8.2405,50.29416],[8.24129,50.2892],[8.24237,50.27749],[8.24302,50.27464],[8.24561,50.26647],[8.24645,50.26202],[8.2465,50.25798],[8.2454,50.24936],[8.24562,50.24475],[8.24638,50.24142],[8.2519,50.2242],[8.25249,50.21994],[8.25226,50.20895],[8.25303,50.20571],[8.25488,50.20128],[8.25669,50.19837],[8.25887,50.19556],[8.27328,50.1795],[8.28137,50.17319],[8.3009,50.16017],[8.31176,50.1505],[8.3265,50.14036],[8.33111,50.13647],[8.3343,50.13329],[8.33819,50.12872],[8.34831,50.1159],[8.35152,50.11093],[8.35353,50.10665],[8.35464,50.10311],[8.3565,50.09395],[8.35739,50.09097],[8.35849,50.08829],[8.36049,50.08466],[8.36364,50.08037],[8.3659,50.07787],[8.37269,50.07222]]},"properties":{}},{"type":"Feature","geometry":{"type":"LineString","coordinates":[[8.37276,50.07224],[8.36597,50.0779],[8.36261,50.08177],[8.36055,50.08468],[8.35856,50.0883],[8.35727,50.09148],[8.35656,50.09397],[8.35484,50.10312],[8.35372,50.10665],[8.35172,50.11097],[8.34838,50.11592],[8.33435,50.13332],[8.33005,50.13749],[8.32617,50.14069],[8.31181,50.15052],[8.30095,50.16019],[8.28142,50.17322],[8.27335,50.17953],[8.25846,50.19613],[8.25494,50.20129],[8.25309,50.20573],[8.25233,50.20896],[8.25257,50.21993],[8.2519,50.22452],[8.2469,50.23997],[8.24571,50.24475],[8.24546,50.24936],[8.24657,50.25798],[8.24653,50.26202],[8.24567,50.26648],[8.24309,50.27464],[8.24245,50.27746],[8.24136,50.2892],[8.24058,50.29417],[8.23873,50.29957],[8.23648,50.3038],[8.23458,50.30661],[8.22505,50.31905],[8.223,50.3212],[8.22002,50.32381],[8.21631,50.32645],[8.21342,50.32814],[8.20784,50.33081],[8.19162,50.33735],[8.18698,50.33949],[8.18293,50.34175],[8.16958,50.35005],[8.16483,50.35266],[8.16021,50.35467],[8.155,50.35644],[8.13825,50.36067],[8.13384,50.36198],[8.11605,50.36886],[8.11161,50.37088],[8.10702,50.37351],[8.10298,50.37644],[8.09959,50.37941]]},"properties":{}},{"type":"Feature","geometry":{"type":"LineString","coordinates":[[8.11126,49.75184],[8.10786,49.749],[8.10652,49.74757]]},"properties":{}},{"type":"Feature","geometry":{"type":"LineString","coordinates":[[8.11229,49.7528],[8.10702,49.74807]]},"properties":{}},{"type":"Feature","geometry":{"type":"LineString","coordinates":[[8.11114,49.75181],[8.1075,49.74864]]},"properties":{}},{"type":"Feature","geometry":{"type":"LineString","coordinates":[[8.11199,49.84559],[8.11873,49.8471]]},"properties":{}},{"type":"Feature","geometry":{"type":"LineString","coordinates":[[8.11199,49.84559],[8.11873,49.8471]]},"properties":{}},{"type":"Feature","geometry":{"type":"LineString","coordinates":[[8.11311,49.75369],[8.11229,49.7528]]},"properties":{}},{"type":"Feature","geometry":{"type":"LineString","coordinates":[[8.11288,49.75337],[8.11148,49.75176],[8.10726,49.74821],[8.11125,49.75163],[8.11229,49.7528]]},"properties":{}},{"type":"Feature","geometry":{"type":"LineString","coordinates":[[8.11235,49.75253],[8.11143,49.75155],[8.10736,49.7482],[8.11159,49.75162],[8.11235,49.75253]]},"properties":{}},{"type":"Feature","geometry":{"type":"LineString","coordinates":[[8.11239,49.75259],[8.11288,49.75337]]},"properties":{}},{"type":"Feature","geometry":{"type":"LineString","coordinates":[[8.11311,49.75369],[8.11288,49.75337]]},"properties":{}},{"type":"Feature","geometry":{"type":"LineString","coordinates":[[8.11767,50.02712],[8.11654,50.02681]]},"properties":{}},{"type":"Feature","geometry":{"type":"LineString","coordinates":[[8.11767,50.02712],[8.11849,50.02727]]},"properties":{}},{"type":"Feature","geometry":{"type":"LineString","coordinates":[[8.11849,50.02727],[8.12738,50.02802],[8.13133,50.02868]]},"properties":{}},{"type":"Feature","geometry":{"type":"LineString","coordinates":[[8.11849,50.02727],[8.12059,50.02763],[8.12659,50.02797],[8.13133,50.02868]]},"properties":{}},{"type":"Feature","geometry":{"type":"LineString","coordinates":[[8.11873,49.8471],[8.1212,49.84789],[8.12315,49.84943],[8.12593,49.85556],[8.12726,49.85715],[8.13185,49.8602],[8.13307,49.86077],[8.13523,49.86127],[8.14133,49.86179],[8.14448,49.86291],[8.14616,49.86438],[8.14937,49.86943],[8.15246,49.87218]]},"properties":{}},{"type":"Feature","geometry":{"type":"LineString","coordinates":[[8.12951,50.00336],[8.12874,50.00298]]},"properties":{}},{"type":"Feature","geometry":{"type":"LineString","coordinates":[[8.14055,50.00955],[8.12999,50.00363]]},"properties":{}},{"type":"Feature","geometry":{"type":"LineString","coordinates":[[8.13133,50.02868],[8.13171,50.02875]]},"properties":{}},{"type":"Feature","geometry":{"type":"LineString","coordinates":[[8.13171,50.02875],[8.13315,50.02896]]},"properties":{}},{"type":"Feature","geometry":{"type":"LineString","coordinates":[[8.13171,50.02875],[8.15421,50.03288],[8.15606,50.0335],[8.15775,50.03487],[8.16558,50.04495],[8.16807,50.0467],[8.17128,50.04785],[8.17566,50.04829],[8.19259,50.04744],[8.20422,50.04858],[8.20704,50.04919],[8.21258,50.051],[8.21606,50.05161],[8.22058,50.0517],[8.22518,50.051]]},"properties":{}},{"type":"Feature","geometry":{"type":"LineString","coordinates":[[8.13315,50.02896],[8.15422,50.03285],[8.15597,50.03341],[8.15781,50.03485],[8.16563,50.04494],[8.16808,50.04666],[8.17109,50.04777],[8.17533,50.04826],[8.19016,50.04739],[8.19301,50.04742],[8.20422,50.04854],[8.20716,50.04919],[8.21263,50.05097],[8.21536,50.05149],[8.21985,50.05169],[8.22396,50.05119]]},"properties":{}},{"type":"Feature","geometry":{"type":"LineString","coordinates":[[8.13338,50.029],[8.14496,50.03115]]},"properties":{}},{"type":"Feature","geometry":{"type":"LineString","coordinates":[[8.14162,50.01021],[8.14078,50.00969]]},"properties":{}},{"type":"Feature","geometry":{"type":"LineString","coordinates":[[8.15246,49.87218],[8.15684,49.87589]]},"properties":{}},{"type":"Feature","geometry":{"type":"LineString","coordinates":[[8.15246,49.87218],[8.15684,49.87589]]},"properties":{}},{"type":"Feature","geometry":{"type":"LineString","coordinates":[[8.30978,50.16122],[8.30604,50.1629],[8.30434,50.16428],[8.30358,50.16556],[8.30255,50.16905],[8.30143,50.17057],[8.29094,50.17766],[8.28648,50.18157],[8.28301,50.18316],[8.27429,50.18501],[8.27206,50.18599],[8.27066,50.18694],[8.26956,50.18803],[8.26321,50.1966],[8.26183,50.19894],[8.26151,50.20025],[8.26097,50.20613],[8.25854,50.21198],[8.25606,50.22153],[8.25612,50.22417],[8.25795,50.22973],[8.25796,50.23182],[8.25691,50.23401],[8.25278,50.23782],[8.25162,50.23935],[8.24843,50.24721],[8.24818,50.24914],[8.24866,50.25124],[8.25135,50.25659],[8.25264,50.26122],[8.25337,50.26275],[8.2549,50.26454],[8.2597,50.26826],[8.26134,50.27045],[8.26486,50.28024],[8.26519,50.28171],[8.26515,50.28286],[8.2645,50.28475],[8.26342,50.28621],[8.25795,50.29025],[8.25632,50.29211],[8.25576,50.29335],[8.25446,50.29962],[8.25395,50.30099],[8.25307,50.30238],[8.24982,50.30627],[8.24856,50.30881],[8.24817,50.31077],[8.24771,50.3172],[8.24673,50.31871],[8.24345,50.32119],[8.24186,50.32295],[8.24124,50.32424],[8.24005,50.32898],[8.23942,50.33007],[8.23802,50.33121],[8.23597,50.33197],[8.22593,50.33301],[8.22314,50.33377],[8.22119,50.33493],[8.21124,50.34268],[8.21006,50.34382],[8.20806,50.34645],[8.2069,50.34735],[8.20454,50.34813],[8.19987,50.34815],[8.19754,50.34875],[8.18239,50.35782],[8.18047,50.35871],[8.17732,50.35947],[8.1736,50.3598],[8.1714,50.35958],[8.16752,50.35866],[8.16507,50.35858],[8.15252,50.36135]]},"properties":{}},{"type":"Feature","geometry":{"type":"LineString","coordinates":[[8.1532,50.36116],[8.16491,50.35855],[8.1673,50.35859],[8.17141,50.35955],[8.17361,50.35976],[8.17727,50.35944],[8.18044,50.35868],[8.18267,50.35761],[8.19751,50.34872],[8.19985,50.34812],[8.20453,50.34809],[8.20685,50.34733],[8.20801,50.34643],[8.21,50.34381],[8.21118,50.34266],[8.22253,50.33401],[8.22422,50.33333],[8.22591,50.33296],[8.2359,50.33194],[8.23804,50.33115],[8.23936,50.33006],[8.24008,50.32878],[8.24118,50.32425],[8.24166,50.32316],[8.24341,50.32117],[8.24629,50.31909],[8.24765,50.3172],[8.24811,50.31077],[8.24849,50.30884],[8.25005,50.30585],[8.2532,50.30212],[8.25389,50.30094],[8.25431,50.29995],[8.25565,50.29356],[8.25625,50.29213],[8.25797,50.29018],[8.26336,50.28619],[8.26444,50.28474],[8.26509,50.28286],[8.26513,50.28171],[8.26481,50.28025],[8.26128,50.27046],[8.25965,50.26828],[8.25485,50.26456],[8.25316,50.26252],[8.25257,50.26122],[8.25135,50.25679],[8.24861,50.25125],[8.24812,50.24914],[8.24849,50.24684],[8.25156,50.23934],[8.25303,50.23751],[8.25646,50.23445],[8.25733,50.23329],[8.25785,50.23204],[8.25793,50.22994],[8.25613,50.22454],[8.25599,50.22152],[8.25864,50.2114],[8.2609,50.20613],[8.26145,50.20024],[8.26191,50.19859],[8.26247,50.19755],[8.26921,50.18839],[8.27061,50.18691],[8.27254,50.18568],[8.27425,50.18497],[8.28298,50.18312],[8.28644,50.18154],[8.29088,50.17763],[8.30138,50.17055],[8.30249,50.16903],[8.30351,50.16555],[8.30431,50.16425],[8.306,50.16287],[8.30942,50.16131]]},"properties":{}},{"type":"Feature","geometry":{"type":"LineString","coordinates":[[8.15684,49.87589],[8.16045,49.87872],[8.17748,49.88832],[8.18812,49.89674],[8.19109,49.89778],[8.19647,49.89815],[8.19839,49.89854],[8.20064,49.89966],[8.20232,49.90163]]},"properties":{}},{"type":"Feature","geometry":{"type":"LineString","coordinates":[[8.18528,50.02967],[8.18423,50.02952]]},"properties":{}},{"type":"Feature","geometry":{"type":"LineString","coordinates":[[8.18854,50.04118],[8.18957,50.04107]]},"properties":{}},{"type":"Feature","geometry":{"type":"LineString","coordinates":[[8.18961,50.04107],[8.18974,50.04105]]},"properties":{}},{"type":"Feature","geometry":{"type":"LineString","coordinates":[[8.20232,49.90163],[8.20609,49.90738]]},"properties":{}},{"type":"Feature","geometry":{"type":"LineString","coordinates":[[8.20232,49.90163],[8.20609,49.90738]]},"properties":{}},{"type":"Feature","geometry":{"type":"LineString","coordinates":[[8.20288,50.0801],[8.20333,50.07903],[8.2033,50.07521],[8.20405,50.0743],[8.21494,50.06968],[8.22764,50.06228],[8.23573,50.05918],[8.24185,50.05524]]},"properties":{}},{"type":"Feature","geometry":{"type":"LineString","coordinates":[[8.2041,49.90438],[8.20296,49.9028]]},"properties":{}},{"type":"Feature","geometry":{"type":"LineString","coordinates":[[8.20609,49.90738],[8.20632,49.90953],[8.20517,49.91406],[8.19989,49.9314],[8.1998,49.93267],[8.20017,49.93429],[8.20108,49.93582],[8.20246,49.9372],[8.20679,49.93962],[8.212,49.94188],[8.2177,49.94277],[8.22016,49.94375],[8.22837,49.95024],[8.22913,49.95117],[8.22958,49.95235],[8.22958,49.95328],[8.22922,49.95427],[8.22789,49.95573],[8.22419,49.95813]]},"properties":{}},{"type":"Feature","geometry":{"type":"LineString","coordinates":[[8.2102,49.9973],[8.21907,49.99811]]},"properties":{}},{"type":"Feature","geometry":{"type":"LineString","coordinates":[[8.2102,49.9973],[8.21907,49.99811]]},"properties":{}},{"type":"Feature","geometry":{"type":"LineString","coordinates":[[8.2102,49.9973],[8.20817,49.99662],[8.20662,49.9955],[8.20582,49.99401],[8.20598,49.99237],[8.22057,49.96772],[8.22185,49.96451]]},"properties":{}},{"type":"Feature","geometry":{"type":"LineString","coordinates":[[8.21907,49.99811],[8.22531,49.99862],[8.22704,49.99898],[8.23139,50.00092],[8.2335,50.00239],[8.23573,50.0055],[8.2361,50.00674],[8.23572,50.00842],[8.23365,50.01111],[8.23338,50.0119],[8.23356,50.01328],[8.23478,50.0147],[8.23732,50.01581],[8.23949,50.0161],[8.24165,50.0156],[8.24326,50.01429]]},"properties":{}},{"type":"Feature","geometry":{"type":"LineString","coordinates":[[8.22091,50.0244],[8.21927,50.02466]]},"properties":{}},{"type":"Feature","geometry":{"type":"LineString","coordinates":[[8.22141,50.02431],[8.23729,50.02132],[8.24269,50.01953],[8.24498,50.0195],[8.24894,50.02038]]},"properties":{}},{"type":"Feature","geometry":{"type":"LineString","coordinates":[[8.22185,49.96451],[8.22312,49.95949],[8.22419,49.95813]]},"properties":{}},{"type":"Feature","geometry":{"type":"LineString","coordinates":[[8.22185,49.96451],[8.2232,49.9595],[8.22419,49.95813]]},"properties":{}},{"type":"Feature","geometry":{"type":"LineString","coordinates":[[8.25173,50.02153],[8.24902,50.02044],[8.24525,50.01957],[8.24336,50.01949],[8.24131,50.0199],[8.23735,50.02136],[8.22233,50.02416]]},"properties":{}},{"type":"Feature","geometry":{"type":"LineString","coordinates":[[8.2238,50.0238],[8.2228,50.02404]]},"properties":{}},{"type":"Feature","geometry":{"type":"LineString","coordinates":[[8.22396,50.05119],[8.24077,50.04813],[8.24373,50.04739],[8.24558,50.04665]]},"properties":{}},{"type":"Feature","geometry":{"type":"LineString","coordinates":[[8.22396,50.05119],[8.22518,50.051]]},"properties":{}},{"type":"Feature","geometry":{"type":"LineString","coordinates":[[8.22728,50.02651],[8.22475,50.02734]]},"properties":{}},{"type":"Feature","geometry":{"type":"LineString","coordinates":[[8.24574,50.04663],[8.24376,50.04743],[8.24078,50.04817],[8.22518,50.051]]},"properties":{}},{"type":"Feature","geometry":{"type":"LineString","coordinates":[[8.22633,50.02721],[8.22651,50.02763]]},"properties":{}},{"type":"Feature","geometry":{"type":"LineString","coordinates":[[8.22656,50.02761],[8.22637,50.02709],[8.22728,50.02651]]},"properties":{}},{"type":"Feature","geometry":{"type":"LineString","coordinates":[[8.23187,50.02501],[8.22728,50.02651]]},"properties":{}},{"type":"Feature","geometry":{"type":"LineString","coordinates":[[8.22734,50.02312],[8.2346,50.0217]]},"properties":{}},{"type":"Feature","geometry":{"type":"LineString","coordinates":[[8.22816,50.02293],[8.22748,50.02306]]},"properties":{}},{"type":"Feature","geometry":{"type":"LineString","coordinates":[[8.22821,50.02621],[8.22785,50.02638]]},"properties":{}},{"type":"Feature","geometry":{"type":"LineString","coordinates":[[8.23081,50.02235],[8.23533,50.02156]]},"properties":{}},{"type":"Feature","geometry":{"type":"LineString","coordinates":[[8.23231,50.02214],[8.23152,50.02224]]},"properties":{}},{"type":"Feature","geometry":{"type":"LineString","coordinates":[[8.23166,50.02517],[8.23403,50.0243]]},"properties":{}},{"type":"Feature","geometry":{"type":"LineString","coordinates":[[8.23187,50.02501],[8.23436,50.02419]]},"properties":{}},{"type":"Feature","geometry":{"type":"LineString","coordinates":[[8.23436,50.02419],[8.23187,50.02501]]},"properties":{}},{"type":"Feature","geometry":{"type":"LineString","coordinates":[[8.23212,50.02502],[8.23376,50.02439]]},"properties":{}},{"type":"Feature","geometry":{"type":"LineString","coordinates":[[8.23453,50.02185],[8.2336,50.02208]]},"properties":{}},{"type":"Feature","geometry":{"type":"LineString","coordinates":[[8.23486,50.02174],[8.23362,50.02192]]},"properties":{}},{"type":"Feature","geometry":{"type":"LineString","coordinates":[[8.25007,50.01815],[8.24351,50.02099],[8.23436,50.02419]]},"properties":{}},{"type":"Feature","geometry":{"type":"LineString","coordinates":[[8.2346,50.0217],[8.23533,50.02156]]},"properties":{}},{"type":"Feature","geometry":{"type":"LineString","coordinates":[[8.2346,50.0217],[8.23543,50.02159]]},"properties":{}},{"type":"Feature","geometry":{"type":"LineString","coordinates":[[8.23567,50.02158],[8.23468,50.02182]]},"properties":{}},{"type":"Feature","geometry":{"type":"LineString","coordinates":[[8.2358,50.01874],[8.23514,50.01915]]},"properties":{}},{"type":"Feature","geometry":{"type":"LineString","coordinates":[[8.23533,50.02156],[8.2361,50.02141]]},"properties":{}},{"type":"Feature","geometry":{"type":"LineString","coordinates":[[8.23546,50.01973],[8.23504,50.01914],[8.23649,50.01844]]},"properties":{}},{"type":"Feature","geometry":{"type":"LineString","coordinates":[[8.23572,50.02157],[8.23708,50.02136]]},"properties":{}},{"type":"Feature","geometry":{"type":"LineString","coordinates":[[8.23587,50.0215],[8.2367,50.02138]]},"properties":{}},{"type":"Feature","geometry":{"type":"LineString","coordinates":[[8.23592,50.02127],[8.23682,50.02099],[8.23778,50.02001]]},"properties":{}},{"type":"Feature","geometry":{"type":"LineString","coordinates":[[8.23599,50.01794],[8.23649,50.0184]]},"properties":{}},{"type":"Feature","geometry":{"type":"LineString","coordinates":[[8.2361,50.02141],[8.23673,50.02123]]},"properties":{}},{"type":"Feature","geometry":{"type":"LineString","coordinates":[[8.2361,50.02141],[8.23921,50.02038],[8.24104,50.01875]]},"properties":{}},{"type":"Feature","geometry":{"type":"LineString","coordinates":[[8.23616,50.01976],[8.23721,50.01938]]},"properties":{}},{"type":"Feature","geometry":{"type":"LineString","coordinates":[[8.23744,50.01929],[8.23621,50.01979]]},"properties":{}},{"type":"Feature","geometry":{"type":"LineString","coordinates":[[8.23765,50.01941],[8.2378,50.0199],[8.23761,50.02053],[8.23635,50.02119]]},"properties":{}},{"type":"Feature","geometry":{"type":"LineString","coordinates":[[8.23655,50.01844],[8.23746,50.01924]]},"properties":{}},{"type":"Feature","geometry":{"type":"LineString","coordinates":[[8.23665,50.02108],[8.23765,50.02029]]},"properties":{}},{"type":"Feature","geometry":{"type":"LineString","coordinates":[[8.23877,50.02028],[8.23673,50.02123]]},"properties":{}},{"type":"Feature","geometry":{"type":"LineString","coordinates":[[8.23673,50.02123],[8.23711,50.02114]]},"properties":{}},{"type":"Feature","geometry":{"type":"LineString","coordinates":[[8.23712,50.02063],[8.23691,50.02093]]},"properties":{}},{"type":"Feature","geometry":{"type":"LineString","coordinates":[[8.23749,50.0192],[8.23698,50.01878]]},"properties":{}},{"type":"Feature","geometry":{"type":"LineString","coordinates":[[8.23711,50.02114],[8.23874,50.02053]]},"properties":{}},{"type":"Feature","geometry":{"type":"LineString","coordinates":[[8.23711,50.02114],[8.23925,50.02031],[8.24069,50.01919]]},"properties":{}},{"type":"Feature","geometry":{"type":"LineString","coordinates":[[8.23729,50.02132],[8.23849,50.02103]]},"properties":{}},{"type":"Feature","geometry":{"type":"LineString","coordinates":[[8.23752,50.0193],[8.23797,50.01977],[8.23803,50.02018],[8.23739,50.021]]},"properties":{}},{"type":"Feature","geometry":{"type":"LineString","coordinates":[[8.23777,50.01952],[8.23802,50.01965]]},"properties":{}},{"type":"Feature","geometry":{"type":"LineString","coordinates":[[8.24187,50.01704],[8.24161,50.01787]]},"properties":{}},{"type":"Feature","geometry":{"type":"LineString","coordinates":[[8.24418,50.05436],[8.24185,50.05524]]},"properties":{}},{"type":"Feature","geometry":{"type":"LineString","coordinates":[[8.24185,50.05524],[8.24526,50.05425],[8.24957,50.05398],[8.25054,50.05365],[8.25167,50.05289],[8.25214,50.05225],[8.25226,50.05106],[8.25049,50.04799],[8.25037,50.04715],[8.25055,50.04642],[8.2513,50.0454],[8.25534,50.04216],[8.25766,50.03966]]},"properties":{}},{"type":"Feature","geometry":{"type":"LineString","coordinates":[[8.24191,50.01695],[8.24244,50.01543],[8.24326,50.01429]]},"properties":{}},{"type":"Feature","geometry":{"type":"LineString","coordinates":[[8.24191,50.01695],[8.24254,50.01549],[8.24324,50.01458],[8.24821,50.01049]]},"properties":{}},{"type":"Feature","geometry":{"type":"LineString","coordinates":[[8.2425,50.05486],[8.24192,50.05505]]},"properties":{}},{"type":"Feature","geometry":{"type":"LineString","coordinates":[[8.24316,50.02639],[8.2514,50.02138]]},"properties":{}},{"type":"Feature","geometry":{"type":"LineString","coordinates":[[8.24321,50.07037],[8.2466,50.06457],[8.24771,50.06312]]},"properties":{}},{"type":"Feature","geometry":{"type":"LineString","coordinates":[[8.24972,50.00909],[8.24738,50.01075],[8.24326,50.01429]]},"properties":{}},{"type":"Feature","geometry":{"type":"LineString","coordinates":[[8.24614,50.06569],[8.24333,50.0704]]},"properties":{}},{"type":"Feature","geometry":{"type":"LineString","coordinates":[[8.24614,50.06569],[8.24347,50.07043]]},"properties":{}},{"type":"Feature","geometry":{"type":"LineString","coordinates":[[8.24354,50.06889],[8.24588,50.06498]]},"properties":{}},{"type":"Feature","geometry":{"type":"LineString","coordinates":[[8.24482,50.06823],[8.24356,50.07045]]},"properties":{}},{"type":"Feature","geometry":{"type":"LineString","coordinates":[[8.24368,50.07048],[8.24536,50.06755]]},"properties":{}},{"type":"Feature","geometry":{"type":"LineString","coordinates":[[8.25042,50.02183],[8.24372,50.02607]]},"properties":{}},{"type":"Feature","geometry":{"type":"LineString","coordinates":[[8.24378,50.0705],[8.24572,50.0671]]},"properties":{}},{"type":"Feature","geometry":{"type":"LineString","coordinates":[[8.24392,50.07053],[8.24596,50.067]]},"properties":{}},{"type":"Feature","geometry":{"type":"LineString","coordinates":[[8.24555,50.0122],[8.24394,50.01357]]},"properties":{}},{"type":"Feature","geometry":{"type":"LineString","coordinates":[[8.24575,50.06752],[8.24402,50.07055]]},"properties":{}},{"type":"Feature","geometry":{"type":"LineString","coordinates":[[8.24412,50.02581],[8.25103,50.02154]]},"properties":{}},{"type":"Feature","geometry":{"type":"LineString","coordinates":[[8.24542,50.06838],[8.24412,50.07058]]},"properties":{}},{"type":"Feature","geometry":{"type":"LineString","coordinates":[[8.24414,50.05438],[8.24438,50.05431]]},"properties":{}},{"type":"Feature","geometry":{"type":"LineString","coordinates":[[8.24417,50.06766],[8.24556,50.0653],[8.24621,50.06459]]},"properties":{}},{"type":"Feature","geometry":{"type":"LineString","coordinates":[[8.24421,50.0706],[8.24721,50.06564]]},"properties":{}},{"type":"Feature","geometry":{"type":"LineString","coordinates":[[8.24686,50.06399],[8.24422,50.06802]]},"properties":{}},{"type":"Feature","geometry":{"type":"LineString","coordinates":[[8.24426,50.05436],[8.24458,50.05429]]},"properties":{}},{"type":"Feature","geometry":{"type":"LineString","coordinates":[[8.24429,50.05435],[8.24458,50.05432]]},"properties":{}},{"type":"Feature","geometry":{"type":"LineString","coordinates":[[8.24436,50.06776],[8.2464,50.06445]]},"properties":{}},{"type":"Feature","geometry":{"type":"LineString","coordinates":[[8.24716,50.02376],[8.24442,50.02536]]},"properties":{}},{"type":"Feature","geometry":{"type":"LineString","coordinates":[[8.24446,50.02539],[8.24716,50.02376]]},"properties":{}},{"type":"Feature","geometry":{"type":"LineString","coordinates":[[8.24454,50.06753],[8.24611,50.0648]]},"properties":{}},{"type":"Feature","geometry":{"type":"LineString","coordinates":[[8.24664,50.06523],[8.24482,50.06823]]},"properties":{}},{"type":"Feature","geometry":{"type":"LineString","coordinates":[[8.24482,50.06823],[8.24536,50.06755]]},"properties":{}},{"type":"Feature","geometry":{"type":"LineString","coordinates":[[8.24686,50.06399],[8.24484,50.06734]]},"properties":{}},{"type":"Feature","geometry":{"type":"LineString","coordinates":[[8.2451,50.06696],[8.24659,50.0644],[8.24816,50.06275]]},"properties":{}},{"type":"Feature","geometry":{"type":"LineString","coordinates":[[8.24514,50.06587],[8.24589,50.06489]]},"properties":{}},{"type":"Feature","geometry":{"type":"LineString","coordinates":[[8.2452,50.06908],[8.24697,50.06595]]},"properties":{}},{"type":"Feature","geometry":{"type":"LineString","coordinates":[[8.24542,50.06838],[8.24528,50.06873]]},"properties":{}},{"type":"Feature","geometry":{"type":"LineString","coordinates":[[8.24536,50.06755],[8.24653,50.06553]]},"properties":{}},{"type":"Feature","geometry":{"type":"LineString","coordinates":[[8.24536,50.06755],[8.24572,50.0671]]},"properties":{}},{"type":"Feature","geometry":{"type":"LineString","coordinates":[[8.24542,50.06838],[8.24575,50.06752]]},"properties":{}},{"type":"Feature","geometry":{"type":"LineString","coordinates":[[8.24721,50.06564],[8.24542,50.06838]]},"properties":{}},{"type":"Feature","geometry":{"type":"LineString","coordinates":[[8.24584,50.0119],[8.24555,50.0122]]},"properties":{}},{"type":"Feature","geometry":{"type":"LineString","coordinates":[[8.24747,50.01057],[8.24555,50.0122]]},"properties":{}},{"type":"Feature","geometry":{"type":"LineString","coordinates":[[8.24558,50.04665],[8.25329,50.04305],[8.25496,50.04199],[8.25848,50.0383],[8.26011,50.03601],[8.26497,50.03131],[8.26744,50.02956]]},"properties":{}},{"type":"Feature","geometry":{"type":"LineString","coordinates":[[8.24558,50.04665],[8.24667,50.04615]]},"properties":{}},{"type":"Feature","geometry":{"type":"LineString","coordinates":[[8.24629,50.06513],[8.24562,50.06641]]},"properties":{}},{"type":"Feature","geometry":{"type":"LineString","coordinates":[[8.24564,50.06752],[8.24617,50.0668]]},"properties":{}},{"type":"Feature","geometry":{"type":"LineString","coordinates":[[8.24572,50.0671],[8.24633,50.06603]]},"properties":{}},{"type":"Feature","geometry":{"type":"LineString","coordinates":[[8.24572,50.0671],[8.24643,50.06616]]},"properties":{}},{"type":"Feature","geometry":{"type":"LineString","coordinates":[[8.24667,50.04615],[8.24574,50.04663]]},"properties":{}},{"type":"Feature","geometry":{"type":"LineString","coordinates":[[8.24768,50.06511],[8.25209,50.06037],[8.25381,50.05784],[8.25566,50.05354],[8.25594,50.04986],[8.25564,50.04813],[8.25499,50.04698],[8.25378,50.04597],[8.25235,50.04531],[8.25074,50.04505],[8.24936,50.04516],[8.24574,50.04663]]},"properties":{}},{"type":"Feature","geometry":{"type":"LineString","coordinates":[[8.24575,50.06752],[8.24596,50.067]]},"properties":{}},{"type":"Feature","geometry":{"type":"LineString","coordinates":[[8.24588,50.06729],[8.24575,50.06752]]},"properties":{}},{"type":"Feature","geometry":{"type":"LineString","coordinates":[[8.24635,50.01129],[8.24584,50.0119]]},"properties":{}},{"type":"Feature","geometry":{"type":"LineString","coordinates":[[8.2479,50.01017],[8.24584,50.0119]]},"properties":{}},{"type":"Feature","geometry":{"type":"LineString","coordinates":[[8.24618,50.06659],[8.24588,50.06729]]},"properties":{}},{"type":"Feature","geometry":{"type":"LineString","coordinates":[[8.24617,50.0668],[8.24588,50.06729]]},"properties":{}},{"type":"Feature","geometry":{"type":"LineString","coordinates":[[8.24596,50.067],[8.24633,50.06603]]},"properties":{}},{"type":"Feature","geometry":{"type":"LineString","coordinates":[[8.24596,50.067],[8.24618,50.06659]]},"properties":{}},{"type":"Feature","geometry":{"type":"LineString","coordinates":[[8.24622,50.06555],[8.24614,50.06569]]},"properties":{}},{"type":"Feature","geometry":{"type":"LineString","coordinates":[[8.24701,50.06568],[8.24617,50.0668]]},"properties":{}},{"type":"Feature","geometry":{"type":"LineString","coordinates":[[8.24694,50.06586],[8.24617,50.0668]]},"properties":{}},{"type":"Feature","geometry":{"type":"LineString","coordinates":[[8.24673,50.06519],[8.24618,50.06659]]},"properties":{}},{"type":"Feature","geometry":{"type":"LineString","coordinates":[[8.2471,50.06526],[8.24618,50.06659]]},"properties":{}},{"type":"Feature","geometry":{"type":"LineString","coordinates":[[8.24724,50.06377],[8.24622,50.06555]]},"properties":{}},{"type":"Feature","geometry":{"type":"LineString","coordinates":[[8.24622,50.06555],[8.24662,50.06496]]},"properties":{}},{"type":"Feature","geometry":{"type":"LineString","coordinates":[[8.24629,50.06659],[8.24671,50.06586]]},"properties":{}},{"type":"Feature","geometry":{"type":"LineString","coordinates":[[8.2479,50.01017],[8.24632,50.01139]]},"properties":{}},{"type":"Feature","geometry":{"type":"LineString","coordinates":[[8.24633,50.06603],[8.24653,50.06553]]},"properties":{}},{"type":"Feature","geometry":{"type":"LineString","coordinates":[[8.24633,50.06603],[8.24861,50.06256]]},"properties":{}},{"type":"Feature","geometry":{"type":"LineString","coordinates":[[8.24713,50.01022],[8.24635,50.01129]]},"properties":{}},{"type":"Feature","geometry":{"type":"LineString","coordinates":[[8.24658,50.01104],[8.24635,50.01129]]},"properties":{}},{"type":"Feature","geometry":{"type":"LineString","coordinates":[[8.24792,50.02223],[8.24637,50.02217]]},"properties":{}},{"type":"Feature","geometry":{"type":"LineString","coordinates":[[8.24686,50.06531],[8.24644,50.06614]]},"properties":{}},{"type":"Feature","geometry":{"type":"LineString","coordinates":[[8.2501,50.0622],[8.24651,50.06622]]},"properties":{}},{"type":"Feature","geometry":{"type":"LineString","coordinates":[[8.24653,50.06553],[8.24664,50.06523]]},"properties":{}},{"type":"Feature","geometry":{"type":"LineString","coordinates":[[8.24653,50.06553],[8.24673,50.06519]]},"properties":{}},{"type":"Feature","geometry":{"type":"LineString","coordinates":[[8.24672,50.06567],[8.24657,50.06592]]},"properties":{}},{"type":"Feature","geometry":{"type":"LineString","coordinates":[[8.24658,50.01104],[8.24891,50.00904]]},"properties":{}},{"type":"Feature","geometry":{"type":"LineString","coordinates":[[8.24732,50.01049],[8.24658,50.01104]]},"properties":{}},{"type":"Feature","geometry":{"type":"LineString","coordinates":[[8.24662,50.06496],[8.247,50.06429]]},"properties":{}},{"type":"Feature","geometry":{"type":"LineString","coordinates":[[8.24707,50.06435],[8.24662,50.06496]]},"properties":{}},{"type":"Feature","geometry":{"type":"LineString","coordinates":[[8.24664,50.06523],[8.247,50.06429]]},"properties":{}},{"type":"Feature","geometry":{"type":"LineString","coordinates":[[8.24664,50.06523],[8.24694,50.06472]]},"properties":{}},{"type":"Feature","geometry":{"type":"LineString","coordinates":[[8.24691,50.04604],[8.24667,50.04615]]},"properties":{}},{"type":"Feature","geometry":{"type":"LineString","coordinates":[[8.24671,50.06586],[8.2471,50.06526]]},"properties":{}},{"type":"Feature","geometry":{"type":"LineString","coordinates":[[8.24671,50.06586],[8.25013,50.06211]]},"properties":{}},{"type":"Feature","geometry":{"type":"LineString","coordinates":[[8.24672,50.06567],[8.24902,50.06297]]},"properties":{}},{"type":"Feature","geometry":{"type":"LineString","coordinates":[[8.24928,50.06276],[8.24672,50.06567]]},"properties":{}},{"type":"Feature","geometry":{"type":"LineString","coordinates":[[8.24694,50.06472],[8.24673,50.06519]]},"properties":{}},{"type":"Feature","geometry":{"type":"LineString","coordinates":[[8.24673,50.06519],[8.24782,50.06344]]},"properties":{}},{"type":"Feature","geometry":{"type":"LineString","coordinates":[[8.24725,50.06361],[8.24686,50.06399]]},"properties":{}},{"type":"Feature","geometry":{"type":"LineString","coordinates":[[8.24686,50.06531],[8.24703,50.065]]},"properties":{}},{"type":"Feature","geometry":{"type":"LineString","coordinates":[[8.25093,50.06138],[8.24874,50.0632],[8.24686,50.06531]]},"properties":{}},{"type":"Feature","geometry":{"type":"LineString","coordinates":[[8.25794,50.03924],[8.25445,50.04261],[8.24691,50.04604]]},"properties":{}},{"type":"Feature","geometry":{"type":"LineString","coordinates":[[8.24691,50.04604],[8.24978,50.04506],[8.25129,50.04502],[8.25286,50.04534],[8.25382,50.0458],[8.25463,50.04655],[8.2554,50.04894]]},"properties":{}},{"type":"Feature","geometry":{"type":"LineString","coordinates":[[8.24738,50.06397],[8.24694,50.06472]]},"properties":{}},{"type":"Feature","geometry":{"type":"LineString","coordinates":[[8.24816,50.06452],[8.24694,50.06586]]},"properties":{}},{"type":"Feature","geometry":{"type":"LineString","coordinates":[[8.24694,50.06586],[8.24749,50.06533]]},"properties":{}},{"type":"Feature","geometry":{"type":"LineString","coordinates":[[8.247,50.06429],[8.24724,50.06377]]},"properties":{}},{"type":"Feature","geometry":{"type":"LineString","coordinates":[[8.247,50.06429],[8.25005,50.06067]]},"properties":{}},{"type":"Feature","geometry":{"type":"LineString","coordinates":[[8.2501,50.0622],[8.24701,50.06568]]},"properties":{}},{"type":"Feature","geometry":{"type":"LineString","coordinates":[[8.25069,50.06164],[8.24701,50.06568]]},"properties":{}},{"type":"Feature","geometry":{"type":"LineString","coordinates":[[8.24804,50.06361],[8.24982,50.06152],[8.24742,50.06425],[8.24703,50.065]]},"properties":{}},{"type":"Feature","geometry":{"type":"LineString","coordinates":[[8.24703,50.065],[8.24804,50.06361]]},"properties":{}},{"type":"Feature","geometry":{"type":"LineString","coordinates":[[8.24768,50.06352],[8.24707,50.06435]]},"properties":{}},{"type":"Feature","geometry":{"type":"LineString","coordinates":[[8.24738,50.06397],[8.24707,50.06435]]},"properties":{}},{"type":"Feature","geometry":{"type":"LineString","coordinates":[[8.24957,50.06253],[8.2471,50.06526]]},"properties":{}},{"type":"Feature","geometry":{"type":"LineString","coordinates":[[8.24713,50.01022],[8.24729,50.00994]]},"properties":{}},{"type":"Feature","geometry":{"type":"LineString","coordinates":[[8.24731,50.00997],[8.24713,50.01022]]},"properties":{}},{"type":"Feature","geometry":{"type":"LineString","coordinates":[[8.24716,50.02376],[8.2476,50.02355]]},"properties":{}},{"type":"Feature","geometry":{"type":"LineString","coordinates":[[8.24721,50.06564],[8.24749,50.06533]]},"properties":{}},{"type":"Feature","geometry":{"type":"LineString","coordinates":[[8.24744,50.06352],[8.24724,50.06377]]},"properties":{}},{"type":"Feature","geometry":{"type":"LineString","coordinates":[[8.24745,50.00947],[8.24729,50.00994]]},"properties":{}},{"type":"Feature","geometry":{"type":"LineString","coordinates":[[8.24729,50.00994],[8.24744,50.00967]]},"properties":{}},{"type":"Feature","geometry":{"type":"LineString","coordinates":[[8.24731,50.00997],[8.24755,50.00969]]},"properties":{}},{"type":"Feature","geometry":{"type":"LineString","coordinates":[[8.24731,50.00997],[8.25012,50.00768]]},"properties":{}},{"type":"Feature","geometry":{"type":"LineString","coordinates":[[8.24732,50.01049],[8.24957,50.00862]]},"properties":{}},{"type":"Feature","geometry":{"type":"LineString","coordinates":[[8.24804,50.01001],[8.24732,50.01049]]},"properties":{}},{"type":"Feature","geometry":{"type":"LineString","coordinates":[[8.24768,50.06352],[8.24738,50.06397]]},"properties":{}},{"type":"Feature","geometry":{"type":"LineString","coordinates":[[8.24782,50.06344],[8.24738,50.06397]]},"properties":{}},{"type":"Feature","geometry":{"type":"LineString","coordinates":[[8.24744,50.00967],[8.24777,50.00901]]},"properties":{}},{"type":"Feature","geometry":{"type":"LineString","coordinates":[[8.24744,50.00967],[8.24797,50.00892],[8.24947,50.00768]]},"properties":{}},{"type":"Feature","geometry":{"type":"LineString","coordinates":[[8.24744,50.06352],[8.24771,50.06312]]},"properties":{}},{"type":"Feature","geometry":{"type":"LineString","coordinates":[[8.26757,50.05419],[8.26397,50.05513],[8.258,50.05549],[8.25551,50.05623],[8.25152,50.05911],[8.24744,50.06352]]},"properties":{}},{"type":"Feature","geometry":{"type":"LineString","coordinates":[[8.24909,50.00754],[8.24783,50.00861],[8.24745,50.00947]]},"properties":{}},{"type":"Feature","geometry":{"type":"LineString","coordinates":[[8.24745,50.00947],[8.24785,50.00871],[8.24918,50.00759]]},"properties":{}},{"type":"Feature","geometry":{"type":"LineString","coordinates":[[8.24863,50.00962],[8.24747,50.01057]]},"properties":{}},{"type":"Feature","geometry":{"type":"LineString","coordinates":[[8.24972,50.00909],[8.24747,50.01057]]},"properties":{}},{"type":"Feature","geometry":{"type":"LineString","coordinates":[[8.24749,50.06533],[8.24768,50.06511]]},"properties":{}},{"type":"Feature","geometry":{"type":"LineString","coordinates":[[8.24755,50.00969],[8.24775,50.00946]]},"properties":{}},{"type":"Feature","geometry":{"type":"LineString","coordinates":[[8.24755,50.00969],[8.25005,50.00764]]},"properties":{}},{"type":"Feature","geometry":{"type":"LineString","coordinates":[[8.24757,50.01029],[8.24952,50.00861]]},"properties":{}},{"type":"Feature","geometry":{"type":"LineString","coordinates":[[8.24816,50.06452],[8.24768,50.06511]]},"properties":{}},{"type":"Feature","geometry":{"type":"LineString","coordinates":[[8.24768,50.06352],[8.24978,50.06113],[8.25311,50.05849],[8.25463,50.05527]]},"properties":{}},{"type":"Feature","geometry":{"type":"LineString","coordinates":[[8.24771,50.06312],[8.25188,50.05873]]},"properties":{}},{"type":"Feature","geometry":{"type":"LineString","coordinates":[[8.25095,50.0086],[8.24825,50.01094],[8.24781,50.01172],[8.24773,50.01253]]},"properties":{}},{"type":"Feature","geometry":{"type":"LineString","coordinates":[[8.24775,50.00946],[8.2499,50.00757]]},"properties":{}},{"type":"Feature","geometry":{"type":"LineString","coordinates":[[8.24775,50.00946],[8.24998,50.00761]]},"properties":{}},{"type":"Feature","geometry":{"type":"LineString","coordinates":[[8.24777,50.00901],[8.24952,50.00743]]},"properties":{}},{"type":"Feature","geometry":{"type":"LineString","coordinates":[[8.24777,50.00901],[8.24959,50.00747]]},"properties":{}},{"type":"Feature","geometry":{"type":"LineString","coordinates":[[8.24782,50.06344],[8.24807,50.06313]]},"properties":{}},{"type":"Feature","geometry":{"type":"LineString","coordinates":[[8.24828,50.0099],[8.2479,50.01017]]},"properties":{}},{"type":"Feature","geometry":{"type":"LineString","coordinates":[[8.24899,50.03382],[8.24863,50.0336],[8.24792,50.03377]]},"properties":{}},{"type":"Feature","geometry":{"type":"LineString","coordinates":[[8.25153,50.02125],[8.24986,50.02202],[8.24792,50.02223]]},"properties":{}},{"type":"Feature","geometry":{"type":"LineString","coordinates":[[8.25042,50.02183],[8.24935,50.02219],[8.24792,50.02223]]},"properties":{}},{"type":"Feature","geometry":{"type":"LineString","coordinates":[[8.24801,50.06355],[8.24833,50.06327]]},"properties":{}},{"type":"Feature","geometry":{"type":"LineString","coordinates":[[8.24804,50.01001],[8.25517,50.00407]]},"properties":{}},{"type":"Feature","geometry":{"type":"LineString","coordinates":[[8.24965,50.00885],[8.24804,50.01001]]},"properties":{}},{"type":"Feature","geometry":{"type":"LineString","coordinates":[[8.24804,50.06361],[8.24826,50.0634]]},"properties":{}},{"type":"Feature","geometry":{"type":"LineString","coordinates":[[8.24807,50.06313],[8.24983,50.06115],[8.25267,50.05904],[8.2536,50.05779],[8.25547,50.05294],[8.25561,50.05059],[8.25533,50.04818]]},"properties":{}},{"type":"Feature","geometry":{"type":"LineString","coordinates":[[8.24807,50.06313],[8.24861,50.06256]]},"properties":{}},{"type":"Feature","geometry":{"type":"LineString","coordinates":[[8.25006,50.00931],[8.24814,50.01097]]},"properties":{}},{"type":"Feature","geometry":{"type":"LineString","coordinates":[[8.24815,50.04092],[8.24872,50.04205],[8.24948,50.04255]]},"properties":{}},{"type":"Feature","geometry":{"type":"LineString","coordinates":[[8.25515,50.04416],[8.25513,50.04565],[8.25579,50.0506],[8.25562,50.05292],[8.25523,50.05446],[8.25377,50.05783],[8.25283,50.05925],[8.24816,50.06452]]},"properties":{}},{"type":"Feature","geometry":{"type":"LineString","coordinates":[[8.24821,50.01049],[8.24896,50.00981]]},"properties":{}},{"type":"Feature","geometry":{"type":"LineString","coordinates":[[8.24821,50.01049],[8.24956,50.00936]]},"properties":{}},{"type":"Feature","geometry":{"type":"LineString","coordinates":[[8.24825,50.03852],[8.25052,50.0421],[8.25157,50.04226]]},"properties":{}},{"type":"Feature","geometry":{"type":"LineString","coordinates":[[8.24925,50.03434],[8.24835,50.03307]]},"properties":{}},{"type":"Feature","geometry":{"type":"LineString","coordinates":[[8.25368,50.04077],[8.25091,50.04262],[8.24987,50.04272],[8.24838,50.04233]]},"properties":{}},{"type":"Feature","geometry":{"type":"LineString","coordinates":[[8.25267,50.04092],[8.25055,50.03799],[8.24931,50.03438],[8.24841,50.03295]]},"properties":{}},{"type":"Feature","geometry":{"type":"LineString","coordinates":[[8.24842,50.04229],[8.25023,50.04267],[8.25165,50.04226]]},"properties":{}},{"type":"Feature","geometry":{"type":"LineString","coordinates":[[8.25188,50.04212],[8.25007,50.04263],[8.24844,50.04225]]},"properties":{}},{"type":"Feature","geometry":{"type":"LineString","coordinates":[[8.249,50.00983],[8.24845,50.01037]]},"properties":{}},{"type":"Feature","geometry":{"type":"LineString","coordinates":[[8.24907,50.00983],[8.24845,50.01037]]},"properties":{}},{"type":"Feature","geometry":{"type":"LineString","coordinates":[[8.24845,50.0105],[8.24756,50.01188],[8.2477,50.01326],[8.24856,50.01445],[8.25211,50.01751]]},"properties":{}},{"type":"Feature","geometry":{"type":"LineString","coordinates":[[8.24845,50.0105],[8.24875,50.01017]]},"properties":{}},{"type":"Feature","geometry":{"type":"LineString","coordinates":[[8.25095,50.0086],[8.24845,50.0105]]},"properties":{}},{"type":"Feature","geometry":{"type":"LineString","coordinates":[[8.24861,50.06256],[8.24987,50.06117],[8.25324,50.05852],[8.2553,50.05405],[8.25574,50.05059],[8.25504,50.04451]]},"properties":{}},{"type":"Feature","geometry":{"type":"LineString","coordinates":[[8.25635,50.00327],[8.2487,50.00973]]},"properties":{}},{"type":"Feature","geometry":{"type":"LineString","coordinates":[[8.25286,50.04152],[8.25065,50.04273],[8.2496,50.04275],[8.24872,50.04246]]},"properties":{}},{"type":"Feature","geometry":{"type":"LineString","coordinates":[[8.24875,50.01017],[8.24374,50.01451],[8.24309,50.01547],[8.24291,50.01651],[8.24337,50.01785],[8.24468,50.01904],[8.24616,50.01967],[8.24894,50.02038]]},"properties":{}},{"type":"Feature","geometry":{"type":"LineString","coordinates":[[8.24875,50.01017],[8.24907,50.00983]]},"properties":{}},{"type":"Feature","geometry":{"type":"LineString","coordinates":[[8.24875,50.01017],[8.25439,50.00541]]},"properties":{}},{"type":"Feature","geometry":{"type":"LineString","coordinates":[[8.24894,50.02038],[8.25084,50.02103],[8.26088,50.02624]]},"properties":{}},{"type":"Feature","geometry":{"type":"LineString","coordinates":[[8.24896,50.00981],[8.24359,50.01427],[8.24256,50.01591],[8.24247,50.01725],[8.24322,50.01862],[8.24493,50.01975],[8.24961,50.02071],[8.25173,50.02153]]},"properties":{}},{"type":"Feature","geometry":{"type":"LineString","coordinates":[[8.25,50.00892],[8.24896,50.00981]]},"properties":{}},{"type":"Feature","geometry":{"type":"LineString","coordinates":[[8.24903,50.03978],[8.25061,50.04205]]},"properties":{}},{"type":"Feature","geometry":{"type":"LineString","coordinates":[[8.24903,50.03383],[8.25056,50.03559]]},"properties":{}},{"type":"Feature","geometry":{"type":"LineString","coordinates":[[8.24914,50.00977],[8.24907,50.00983]]},"properties":{}},{"type":"Feature","geometry":{"type":"LineString","coordinates":[[8.25055,50.03799],[8.2491,50.03398]]},"properties":{}},{"type":"Feature","geometry":{"type":"LineString","coordinates":[[8.24914,50.00977],[8.24956,50.00936]]},"properties":{}},{"type":"Feature","geometry":{"type":"LineString","coordinates":[[8.25285,50.00664],[8.24914,50.00977]]},"properties":{}},{"type":"Feature","geometry":{"type":"LineString","coordinates":[[8.2493,50.04489],[8.25333,50.04318],[8.25514,50.04205],[8.25883,50.0382],[8.26017,50.03616],[8.26408,50.03225]]},"properties":{}},{"type":"Feature","geometry":{"type":"LineString","coordinates":[[8.24944,50.06132],[8.25243,50.05883]]},"properties":{}},{"type":"Feature","geometry":{"type":"LineString","coordinates":[[8.25046,50.00833],[8.24945,50.00917]]},"properties":{}},{"type":"Feature","geometry":{"type":"LineString","coordinates":[[8.25391,50.00613],[8.24952,50.00962]]},"properties":{}},{"type":"Feature","geometry":{"type":"LineString","coordinates":[[8.24956,50.00936],[8.24964,50.0093]]},"properties":{}},{"type":"Feature","geometry":{"type":"LineString","coordinates":[[8.24964,50.0093],[8.25,50.00892]]},"properties":{}},{"type":"Feature","geometry":{"type":"LineString","coordinates":[[8.24964,50.0093],[8.2523,50.00704]]},"properties":{}},{"type":"Feature","geometry":{"type":"LineString","coordinates":[[8.25517,50.00407],[8.24965,50.00885]]},"properties":{}},{"type":"Feature","geometry":{"type":"LineString","coordinates":[[8.2507,50.00811],[8.24965,50.00885]]},"properties":{}},{"type":"Feature","geometry":{"type":"LineString","coordinates":[[8.2498,50.03599],[8.24972,50.03565]]},"properties":{}},{"type":"Feature","geometry":{"type":"LineString","coordinates":[[8.24978,50.00904],[8.24972,50.00909]]},"properties":{}},{"type":"Feature","geometry":{"type":"LineString","coordinates":[[8.25012,50.0368],[8.24976,50.03591]]},"properties":{}},{"type":"Feature","geometry":{"type":"LineString","coordinates":[[8.25046,50.00833],[8.24978,50.00904]]},"properties":{}},{"type":"Feature","geometry":{"type":"LineString","coordinates":[[8.25029,50.0086],[8.24978,50.00904]]},"properties":{}},{"type":"Feature","geometry":{"type":"LineString","coordinates":[[8.24983,50.03468],[8.25072,50.03599]]},"properties":{}},{"type":"Feature","geometry":{"type":"LineString","coordinates":[[8.24997,50.03636],[8.24985,50.03587]]},"properties":{}},{"type":"Feature","geometry":{"type":"LineString","coordinates":[[8.24993,50.01821],[8.25007,50.01815]]},"properties":{}},{"type":"Feature","geometry":{"type":"LineString","coordinates":[[8.24993,50.00925],[8.25435,50.00551]]},"properties":{}},{"type":"Feature","geometry":{"type":"LineString","coordinates":[[8.25162,50.00722],[8.24997,50.00858]]},"properties":{}},{"type":"Feature","geometry":{"type":"LineString","coordinates":[[8.25,50.00892],[8.25029,50.0086]]},"properties":{}},{"type":"Feature","geometry":{"type":"LineString","coordinates":[[8.25091,50.00815],[8.25,50.00892]]},"properties":{}},{"type":"Feature","geometry":{"type":"LineString","coordinates":[[8.25277,50.01829],[8.25166,50.01769],[8.25007,50.01815]]},"properties":{}},{"type":"Feature","geometry":{"type":"LineString","coordinates":[[8.25066,50.00823],[8.25007,50.00874]]},"properties":{}},{"type":"Feature","geometry":{"type":"LineString","coordinates":[[8.25036,50.06192],[8.2501,50.0622]]},"properties":{}},{"type":"Feature","geometry":{"type":"LineString","coordinates":[[8.25034,50.04183],[8.25012,50.04126]]},"properties":{}},{"type":"Feature","geometry":{"type":"LineString","coordinates":[[8.25567,50.00374],[8.2502,50.00836]]},"properties":{}},{"type":"Feature","geometry":{"type":"LineString","coordinates":[[8.2502,50.0353],[8.25079,50.03752]]},"properties":{}},{"type":"Feature","geometry":{"type":"LineString","coordinates":[[8.25066,50.00823],[8.25029,50.0086]]},"properties":{}},{"type":"Feature","geometry":{"type":"LineString","coordinates":[[8.25043,50.00849],[8.25029,50.0086]]},"properties":{}},{"type":"Feature","geometry":{"type":"LineString","coordinates":[[8.2503,50.03527],[8.25076,50.03598]]},"properties":{}},{"type":"Feature","geometry":{"type":"LineString","coordinates":[[8.25031,50.00893],[8.25174,50.00792],[8.25435,50.00551]]},"properties":{}},{"type":"Feature","geometry":{"type":"LineString","coordinates":[[8.2504,50.03638],[8.25069,50.03755]]},"properties":{}},{"type":"Feature","geometry":{"type":"LineString","coordinates":[[8.25103,50.02154],[8.25042,50.02183]]},"properties":{}},{"type":"Feature","geometry":{"type":"LineString","coordinates":[[8.25043,50.00849],[8.2568,50.00289]]},"properties":{}},{"type":"Feature","geometry":{"type":"LineString","coordinates":[[8.25043,50.00849],[8.25091,50.00815]]},"properties":{}},{"type":"Feature","geometry":{"type":"LineString","coordinates":[[8.25044,50.04217],[8.25113,50.04242]]},"properties":{}},{"type":"Feature","geometry":{"type":"LineString","coordinates":[[8.2507,50.00811],[8.25046,50.00833]]},"properties":{}},{"type":"Feature","geometry":{"type":"LineString","coordinates":[[8.25048,50.04432],[8.25373,50.04288],[8.25496,50.04206],[8.25817,50.03874],[8.26033,50.03584],[8.26497,50.03131]]},"properties":{}},{"type":"Feature","geometry":{"type":"LineString","coordinates":[[8.25192,50.00715],[8.25066,50.00823]]},"properties":{}},{"type":"Feature","geometry":{"type":"LineString","coordinates":[[8.25087,50.00797],[8.2507,50.00811]]},"properties":{}},{"type":"Feature","geometry":{"type":"LineString","coordinates":[[8.25417,50.00571],[8.25071,50.00863]]},"properties":{}},{"type":"Feature","geometry":{"type":"LineString","coordinates":[[8.25115,50.00741],[8.25073,50.00783]]},"properties":{}},{"type":"Feature","geometry":{"type":"LineString","coordinates":[[8.25162,50.00722],[8.25087,50.00797]]},"properties":{}},{"type":"Feature","geometry":{"type":"LineString","coordinates":[[8.2514,50.00752],[8.25087,50.00797]]},"properties":{}},{"type":"Feature","geometry":{"type":"LineString","coordinates":[[8.25422,50.00535],[8.25091,50.00815]]},"properties":{}},{"type":"Feature","geometry":{"type":"LineString","coordinates":[[8.25136,50.00756],[8.25092,50.008]]},"properties":{}},{"type":"Feature","geometry":{"type":"LineString","coordinates":[[8.25093,50.06138],[8.25112,50.06109]]},"properties":{}},{"type":"Feature","geometry":{"type":"LineString","coordinates":[[8.25196,50.06024],[8.25093,50.06138]]},"properties":{}},{"type":"Feature","geometry":{"type":"LineString","coordinates":[[8.25318,50.00684],[8.25095,50.0086]]},"properties":{}},{"type":"Feature","geometry":{"type":"LineString","coordinates":[[8.25103,50.02154],[8.2514,50.02138]]},"properties":{}},{"type":"Feature","geometry":{"type":"LineString","coordinates":[[8.2525,50.05883],[8.25134,50.05982]]},"properties":{}},{"type":"Feature","geometry":{"type":"LineString","coordinates":[[8.25609,50.00355],[8.2514,50.00752]]},"properties":{}},{"type":"Feature","geometry":{"type":"LineString","coordinates":[[8.25192,50.00715],[8.2514,50.00752]]},"properties":{}},{"type":"Feature","geometry":{"type":"LineString","coordinates":[[8.2514,50.02138],[8.25254,50.02067],[8.25291,50.02014]]},"properties":{}},{"type":"Feature","geometry":{"type":"LineString","coordinates":[[8.25396,50.00596],[8.25147,50.00812]]},"properties":{}},{"type":"Feature","geometry":{"type":"LineString","coordinates":[[8.25153,50.02125],[8.25288,50.02009],[8.25303,50.01934],[8.25277,50.01829]]},"properties":{}},{"type":"Feature","geometry":{"type":"LineString","coordinates":[[8.25291,50.02014],[8.25153,50.02125]]},"properties":{}},{"type":"Feature","geometry":{"type":"LineString","coordinates":[[8.25599,50.00352],[8.25162,50.00722]]},"properties":{}},{"type":"Feature","geometry":{"type":"LineString","coordinates":[[8.26514,50.02851],[8.25173,50.02153]]},"properties":{}},{"type":"Feature","geometry":{"type":"LineString","coordinates":[[8.25667,50.03508],[8.25399,50.03351],[8.25185,50.03173]]},"properties":{}},{"type":"Feature","geometry":{"type":"LineString","coordinates":[[8.25188,50.05873],[8.25371,50.05693],[8.25463,50.05527]]},"properties":{}},{"type":"Feature","geometry":{"type":"LineString","coordinates":[[8.25188,50.05873],[8.25477,50.05658],[8.25672,50.05572],[8.2585,50.05539],[8.26364,50.05515],[8.26581,50.05465]]},"properties":{}},{"type":"Feature","geometry":{"type":"LineString","coordinates":[[8.25609,50.00355],[8.25192,50.00715]]},"properties":{}},{"type":"Feature","geometry":{"type":"LineString","coordinates":[[8.25202,50.03994],[8.25273,50.04105],[8.25252,50.0417]]},"properties":{}},{"type":"Feature","geometry":{"type":"LineString","coordinates":[[8.25211,50.01751],[8.25291,50.01846],[8.25311,50.01954],[8.25291,50.02014]]},"properties":{}},{"type":"Feature","geometry":{"type":"LineString","coordinates":[[8.25277,50.01829],[8.25211,50.01751]]},"properties":{}},{"type":"Feature","geometry":{"type":"LineString","coordinates":[[8.25219,50.03208],[8.25436,50.03385],[8.25691,50.03518]]},"properties":{}},{"type":"Feature","geometry":{"type":"LineString","coordinates":[[8.25585,50.03928],[8.25581,50.03861],[8.25219,50.03445]]},"properties":{}},{"type":"Feature","geometry":{"type":"LineString","coordinates":[[8.25227,50.04193],[8.25483,50.04094]]},"properties":{}},{"type":"Feature","geometry":{"type":"LineString","coordinates":[[8.2523,50.00704],[8.25348,50.00604]]},"properties":{}},{"type":"Feature","geometry":{"type":"LineString","coordinates":[[8.2523,50.00704],[8.25285,50.00664]]},"properties":{}},{"type":"Feature","geometry":{"type":"LineString","coordinates":[[8.25286,50.04152],[8.2524,50.04179]]},"properties":{}},{"type":"Feature","geometry":{"type":"LineString","coordinates":[[8.25353,50.04139],[8.25268,50.04188]]},"properties":{}},{"type":"Feature","geometry":{"type":"LineString","coordinates":[[8.25323,50.04106],[8.25272,50.04154]]},"properties":{}},{"type":"Feature","geometry":{"type":"LineString","coordinates":[[8.25452,50.04104],[8.25274,50.04192]]},"properties":{}},{"type":"Feature","geometry":{"type":"LineString","coordinates":[[8.25362,50.00599],[8.25285,50.00664]]},"properties":{}},{"type":"Feature","geometry":{"type":"LineString","coordinates":[[8.25286,50.04152],[8.25544,50.0398],[8.25585,50.03928]]},"properties":{}},{"type":"Feature","geometry":{"type":"LineString","coordinates":[[8.25286,50.04152],[8.25358,50.04102]]},"properties":{}},{"type":"Feature","geometry":{"type":"LineString","coordinates":[[8.25391,50.00613],[8.25318,50.00684]]},"properties":{}},{"type":"Feature","geometry":{"type":"LineString","coordinates":[[8.25659,50.00389],[8.25318,50.00684]]},"properties":{}},{"type":"Feature","geometry":{"type":"LineString","coordinates":[[8.25333,50.04033],[8.25346,50.04072],[8.25326,50.04111]]},"properties":{}},{"type":"Feature","geometry":{"type":"LineString","coordinates":[[8.25592,50.03912],[8.25763,50.03668],[8.25764,50.03574],[8.25639,50.03491],[8.25547,50.03472],[8.25329,50.03551]]},"properties":{}},{"type":"Feature","geometry":{"type":"LineString","coordinates":[[8.2578,50.03945],[8.25507,50.04224],[8.25334,50.0433]]},"properties":{}},{"type":"Feature","geometry":{"type":"LineString","coordinates":[[8.25336,50.00601],[8.25387,50.00564]]},"properties":{}},{"type":"Feature","geometry":{"type":"LineString","coordinates":[[8.25354,50.04045],[8.25343,50.04098]]},"properties":{}},{"type":"Feature","geometry":{"type":"LineString","coordinates":[[8.25402,50.04126],[8.25343,50.04161]]},"properties":{}},{"type":"Feature","geometry":{"type":"LineString","coordinates":[[8.25399,50.03351],[8.25345,50.03315]]},"properties":{}},{"type":"Feature","geometry":{"type":"LineString","coordinates":[[8.25348,50.00604],[8.25422,50.00535]]},"properties":{}},{"type":"Feature","geometry":{"type":"LineString","coordinates":[[8.25348,50.00604],[8.25392,50.00567]]},"properties":{}},{"type":"Feature","geometry":{"type":"LineString","coordinates":[[8.25483,50.04094],[8.25349,50.04164]]},"properties":{}},{"type":"Feature","geometry":{"type":"LineString","coordinates":[[8.25476,50.00503],[8.25362,50.00599]]},"properties":{}},{"type":"Feature","geometry":{"type":"LineString","coordinates":[[8.25462,50.00522],[8.25362,50.00599]]},"properties":{}},{"type":"Feature","geometry":{"type":"LineString","coordinates":[[8.25382,50.30125],[8.25398,50.30073]]},"properties":{}},{"type":"Feature","geometry":{"type":"LineString","coordinates":[[8.25671,50.04018],[8.2553,50.04161],[8.25384,50.04266]]},"properties":{}},{"type":"Feature","geometry":{"type":"LineString","coordinates":[[8.25517,50.00482],[8.25391,50.00613]]},"properties":{}},{"type":"Feature","geometry":{"type":"LineString","coordinates":[[8.25392,50.00567],[8.25528,50.00454]]},"properties":{}},{"type":"Feature","geometry":{"type":"LineString","coordinates":[[8.25392,50.00567],[8.25476,50.00503]]},"properties":{}},{"type":"Feature","geometry":{"type":"LineString","coordinates":[[8.25415,50.30032],[8.25478,50.29733]]},"properties":{}},{"type":"Feature","geometry":{"type":"LineString","coordinates":[[8.25444,50.00517],[8.25422,50.00535]]},"properties":{}},{"type":"Feature","geometry":{"type":"LineString","coordinates":[[8.25425,50.00588],[8.25627,50.00401]]},"properties":{}},{"type":"Feature","geometry":{"type":"LineString","coordinates":[[8.25435,50.00551],[8.25462,50.00522]]},"properties":{}},{"type":"Feature","geometry":{"type":"LineString","coordinates":[[8.25435,50.00551],[8.25479,50.00514]]},"properties":{}},{"type":"Feature","geometry":{"type":"LineString","coordinates":[[8.25609,50.00374],[8.25444,50.00517]]},"properties":{}},{"type":"Feature","geometry":{"type":"LineString","coordinates":[[8.25444,50.00517],[8.25528,50.00454]]},"properties":{}},{"type":"Feature","geometry":{"type":"LineString","coordinates":[[8.25462,50.00522],[8.25499,50.00484]]},"properties":{}},{"type":"Feature","geometry":{"type":"LineString","coordinates":[[8.25477,50.00509],[8.25462,50.00522]]},"properties":{}},{"type":"Feature","geometry":{"type":"LineString","coordinates":[[8.2554,50.04894],[8.25546,50.05241],[8.25463,50.05527]]},"properties":{}},{"type":"Feature","geometry":{"type":"LineString","coordinates":[[8.25505,50.00479],[8.25476,50.00503]]},"properties":{}},{"type":"Feature","geometry":{"type":"LineString","coordinates":[[8.25589,50.00414],[8.25477,50.00509]]},"properties":{}},{"type":"Feature","geometry":{"type":"LineString","coordinates":[[8.25558,50.00447],[8.25477,50.00509]]},"properties":{}},{"type":"Feature","geometry":{"type":"LineString","coordinates":[[8.25484,50.29705],[8.25478,50.29733]]},"properties":{}},{"type":"Feature","geometry":{"type":"LineString","coordinates":[[8.25478,50.29733],[8.25492,50.29693]]},"properties":{}},{"type":"Feature","geometry":{"type":"LineString","coordinates":[[8.25483,50.04094],[8.25602,50.04068],[8.25671,50.04018],[8.25751,50.03925],[8.25919,50.03643]]},"properties":{}},{"type":"Feature","geometry":{"type":"LineString","coordinates":[[8.25546,50.00465],[8.25486,50.00509]]},"properties":{}},{"type":"Feature","geometry":{"type":"LineString","coordinates":[[8.25487,50.03412],[8.25517,50.03428]]},"properties":{}},{"type":"Feature","geometry":{"type":"LineString","coordinates":[[8.25504,50.04451],[8.25533,50.04303]]},"properties":{}},{"type":"Feature","geometry":{"type":"LineString","coordinates":[[8.2552,50.04364],[8.25504,50.04451]]},"properties":{}},{"type":"Feature","geometry":{"type":"LineString","coordinates":[[8.25505,50.00479],[8.25551,50.00435]]},"properties":{}},{"type":"Feature","geometry":{"type":"LineString","coordinates":[[8.2554,50.00449],[8.25505,50.00479]]},"properties":{}},{"type":"Feature","geometry":{"type":"LineString","coordinates":[[8.25533,50.04818],[8.25492,50.04517],[8.25515,50.04344]]},"properties":{}},{"type":"Feature","geometry":{"type":"LineString","coordinates":[[8.25515,50.04344],[8.25618,50.0415],[8.26744,50.02956]]},"properties":{}},{"type":"Feature","geometry":{"type":"LineString","coordinates":[[8.25533,50.04303],[8.25515,50.04344]]},"properties":{}},{"type":"Feature","geometry":{"type":"LineString","coordinates":[[8.2552,50.04364],[8.25515,50.04416]]},"properties":{}},{"type":"Feature","geometry":{"type":"LineString","coordinates":[[8.26723,50.02979],[8.25607,50.04209],[8.25552,50.04292],[8.25515,50.04416]]},"properties":{}},{"type":"Feature","geometry":{"type":"LineString","coordinates":[[8.25517,50.00482],[8.25589,50.00414]]},"properties":{}},{"type":"Feature","geometry":{"type":"LineString","coordinates":[[8.25517,50.00482],[8.25558,50.00447]]},"properties":{}},{"type":"Feature","geometry":{"type":"LineString","coordinates":[[8.25567,50.00374],[8.25517,50.00407]]},"properties":{}},{"type":"Feature","geometry":{"type":"LineString","coordinates":[[8.26984,50.03176],[8.26924,50.03267],[8.26841,50.03335],[8.26298,50.03577],[8.26025,50.03761],[8.2563,50.04163],[8.2552,50.04364]]},"properties":{}},{"type":"Feature","geometry":{"type":"LineString","coordinates":[[8.25528,50.00454],[8.25551,50.00435]]},"properties":{}},{"type":"Feature","geometry":{"type":"LineString","coordinates":[[8.2554,50.04894],[8.25533,50.04818]]},"properties":{}},{"type":"Feature","geometry":{"type":"LineString","coordinates":[[8.25533,50.04303],[8.25622,50.04165],[8.25998,50.03775],[8.26293,50.03574],[8.2661,50.03417],[8.26685,50.03357],[8.26769,50.03212],[8.26747,50.03055]]},"properties":{}},{"type":"Feature","geometry":{"type":"LineString","coordinates":[[8.25649,50.00356],[8.2554,50.00449]]},"properties":{}},{"type":"Feature","geometry":{"type":"LineString","coordinates":[[8.2554,50.00449],[8.25625,50.00385]]},"properties":{}},{"type":"Feature","geometry":{"type":"LineString","coordinates":[[8.25551,50.00435],[8.25558,50.00428]]},"properties":{}},{"type":"Feature","geometry":{"type":"LineString","coordinates":[[8.25792,50.00269],[8.25551,50.00461]]},"properties":{}},{"type":"Feature","geometry":{"type":"LineString","coordinates":[[8.25558,50.00428],[8.25609,50.00374]]},"properties":{}},{"type":"Feature","geometry":{"type":"LineString","coordinates":[[8.25558,50.00428],[8.2559,50.00401]]},"properties":{}},{"type":"Feature","geometry":{"type":"LineString","coordinates":[[8.25563,50.00443],[8.25558,50.00447]]},"properties":{}},{"type":"Feature","geometry":{"type":"LineString","coordinates":[[8.25558,50.29383],[8.25576,50.29335]]},"properties":{}},{"type":"Feature","geometry":{"type":"LineString","coordinates":[[8.25696,50.00331],[8.25563,50.00443]]},"properties":{}},{"type":"Feature","geometry":{"type":"LineString","coordinates":[[8.25627,50.00401],[8.25563,50.00443]]},"properties":{}},{"type":"Feature","geometry":{"type":"LineString","coordinates":[[8.25665,50.00295],[8.25567,50.00374]]},"properties":{}},{"type":"Feature","geometry":{"type":"LineString","coordinates":[[8.25767,50.03674],[8.25585,50.03928]]},"properties":{}},{"type":"Feature","geometry":{"type":"LineString","coordinates":[[8.25625,50.00385],[8.25589,50.00414]]},"properties":{}},{"type":"Feature","geometry":{"type":"LineString","coordinates":[[8.2559,50.00401],[8.26056,49.99891]]},"properties":{}},{"type":"Feature","geometry":{"type":"LineString","coordinates":[[8.2559,50.00401],[8.25649,50.00356]]},"properties":{}},{"type":"Feature","geometry":{"type":"LineString","coordinates":[[8.25619,50.00363],[8.25609,50.00374]]},"properties":{}},{"type":"Feature","geometry":{"type":"LineString","coordinates":[[8.25609,50.00355],[8.25729,50.00223]]},"properties":{}},{"type":"Feature","geometry":{"type":"LineString","coordinates":[[8.2568,50.00289],[8.25619,50.00363]]},"properties":{}},{"type":"Feature","geometry":{"type":"LineString","coordinates":[[8.25619,50.00363],[8.25992,49.99948]]},"properties":{}},{"type":"Feature","geometry":{"type":"LineString","coordinates":[[8.25794,50.03924],[8.25621,50.04147]]},"properties":{}},{"type":"Feature","geometry":{"type":"LineString","coordinates":[[8.25632,50.00379],[8.25625,50.00385]]},"properties":{}},{"type":"Feature","geometry":{"type":"LineString","coordinates":[[8.25627,50.00401],[8.25806,50.00246]]},"properties":{}},{"type":"Feature","geometry":{"type":"LineString","coordinates":[[8.25986,50.00009],[8.25632,50.00379]]},"properties":{}},{"type":"Feature","geometry":{"type":"LineString","coordinates":[[8.25696,50.00331],[8.25632,50.00379]]},"properties":{}},{"type":"Feature","geometry":{"type":"LineString","coordinates":[[8.25659,50.00389],[8.25633,50.00405]]},"properties":{}},{"type":"Feature","geometry":{"type":"LineString","coordinates":[[8.25647,50.21971],[8.25655,50.21917]]},"properties":{}},{"type":"Feature","geometry":{"type":"LineString","coordinates":[[8.25966,50.00008],[8.25649,50.00356]]},"properties":{}},{"type":"Feature","geometry":{"type":"LineString","coordinates":[[8.25798,50.00271],[8.25659,50.00389]]},"properties":{}},{"type":"Feature","geometry":{"type":"LineString","coordinates":[[8.2571,50.00239],[8.25676,50.00283]]},"properties":{}},{"type":"Feature","geometry":{"type":"LineString","coordinates":[[8.25687,50.00281],[8.2568,50.00289]]},"properties":{}},{"type":"Feature","geometry":{"type":"LineString","coordinates":[[8.25729,50.00223],[8.25687,50.00281]]},"properties":{}},{"type":"Feature","geometry":{"type":"LineString","coordinates":[[8.25941,49.99998],[8.25687,50.00281]]},"properties":{}},{"type":"Feature","geometry":{"type":"LineString","coordinates":[[8.25688,50.21796],[8.25864,50.2114]]},"properties":{}},{"type":"Feature","geometry":{"type":"LineString","coordinates":[[8.25944,50.00064],[8.25696,50.00331]]},"properties":{}},{"type":"Feature","geometry":{"type":"LineString","coordinates":[[8.25716,50.03969],[8.2596,50.03764]]},"properties":{}},{"type":"Feature","geometry":{"type":"LineString","coordinates":[[8.2576,50.03984],[8.25718,50.04031]]},"properties":{}},{"type":"Feature","geometry":{"type":"LineString","coordinates":[[8.25729,50.00223],[8.25863,50.00066]]},"properties":{}},{"type":"Feature","geometry":{"type":"LineString","coordinates":[[8.25915,50.03695],[8.25732,50.03951]]},"properties":{}},{"type":"Feature","geometry":{"type":"LineString","coordinates":[[8.25781,50.03892],[8.25908,50.03716],[8.2593,50.03628],[8.25902,50.035],[8.26007,50.03335]]},"properties":{}},{"type":"Feature","geometry":{"type":"LineString","coordinates":[[8.25834,50.03873],[8.25794,50.03924]]},"properties":{}},{"type":"Feature","geometry":{"type":"LineString","coordinates":[[8.25822,50.03894],[8.25794,50.03924]]},"properties":{}},{"type":"Feature","geometry":{"type":"LineString","coordinates":[[8.25822,50.03894],[8.2593,50.03781]]},"properties":{}},{"type":"Feature","geometry":{"type":"LineString","coordinates":[[8.2596,50.03764],[8.25822,50.03894]]},"properties":{}},{"type":"Feature","geometry":{"type":"LineString","coordinates":[[8.26389,50.03247],[8.26003,50.03623],[8.25846,50.03852]]},"properties":{}},{"type":"Feature","geometry":{"type":"LineString","coordinates":[[8.26028,49.99864],[8.25846,50.00085]]},"properties":{}},{"type":"Feature","geometry":{"type":"LineString","coordinates":[[8.25945,49.99976],[8.25863,50.00066]]},"properties":{}},{"type":"Feature","geometry":{"type":"LineString","coordinates":[[8.25863,50.00066],[8.25941,49.99998]]},"properties":{}},{"type":"Feature","geometry":{"type":"LineString","coordinates":[[8.25907,50.03793],[8.25883,50.0382]]},"properties":{}},{"type":"Feature","geometry":{"type":"LineString","coordinates":[[8.26102,50.03539],[8.26007,50.03637],[8.25907,50.03793]]},"properties":{}},{"type":"Feature","geometry":{"type":"LineString","coordinates":[[8.25945,50.0375],[8.25907,50.03793]]},"properties":{}},{"type":"Feature","geometry":{"type":"LineString","coordinates":[[8.25998,49.99925],[8.25912,50.00013]]},"properties":{}},{"type":"Feature","geometry":{"type":"LineString","coordinates":[[8.25949,50.20962],[8.25913,50.21026]]},"properties":{}},{"type":"Feature","geometry":{"type":"LineString","coordinates":[[8.26016,50.03337],[8.25913,50.03491],[8.25918,50.03575]]},"properties":{}},{"type":"Feature","geometry":{"type":"LineString","coordinates":[[8.26723,50.02979],[8.26328,50.03478],[8.26026,50.03689],[8.2593,50.03781]]},"properties":{}},{"type":"Feature","geometry":{"type":"LineString","coordinates":[[8.2593,50.03781],[8.26089,50.03653],[8.26672,50.03317],[8.26756,50.03187],[8.26747,50.03055]]},"properties":{}},{"type":"Feature","geometry":{"type":"LineString","coordinates":[[8.25941,49.99998],[8.25943,49.99995]]},"properties":{}},{"type":"Feature","geometry":{"type":"LineString","coordinates":[[8.25941,50.03444],[8.25968,50.03394]]},"properties":{}},{"type":"Feature","geometry":{"type":"LineString","coordinates":[[8.26005,49.99925],[8.25943,49.99995]]},"properties":{}},{"type":"Feature","geometry":{"type":"LineString","coordinates":[[8.25943,49.99995],[8.25992,49.99948]]},"properties":{}},{"type":"Feature","geometry":{"type":"LineString","coordinates":[[8.25986,50.00009],[8.25944,50.00064]]},"properties":{}},{"type":"Feature","geometry":{"type":"LineString","coordinates":[[8.26073,49.99894],[8.25944,50.00064]]},"properties":{}},{"type":"Feature","geometry":{"type":"LineString","coordinates":[[8.26044,49.99856],[8.25945,49.99976]]},"properties":{}},{"type":"Feature","geometry":{"type":"LineString","coordinates":[[8.26014,49.99901],[8.25945,49.99976]]},"properties":{}},{"type":"Feature","geometry":{"type":"LineString","coordinates":[[8.26126,50.03517],[8.25945,50.0375]]},"properties":{}},{"type":"Feature","geometry":{"type":"LineString","coordinates":[[8.26009,50.03694],[8.25945,50.0375]]},"properties":{}},{"type":"Feature","geometry":{"type":"LineString","coordinates":[[8.26984,50.03176],[8.26829,50.03327],[8.26409,50.03487],[8.26075,50.03669],[8.2596,50.03764]]},"properties":{}},{"type":"Feature","geometry":{"type":"LineString","coordinates":[[8.25966,50.00008],[8.25999,49.99964]]},"properties":{}},{"type":"Feature","geometry":{"type":"LineString","coordinates":[[8.26036,49.99927],[8.25966,50.00008]]},"properties":{}},{"type":"Feature","geometry":{"type":"LineString","coordinates":[[8.26011,49.99978],[8.25986,50.00009]]},"properties":{}},{"type":"Feature","geometry":{"type":"LineString","coordinates":[[8.25992,49.99948],[8.26028,49.99908]]},"properties":{}},{"type":"Feature","geometry":{"type":"LineString","coordinates":[[8.26102,50.03539],[8.26001,50.03666]]},"properties":{}},{"type":"Feature","geometry":{"type":"LineString","coordinates":[[8.2608,49.99825],[8.26005,49.99925]]},"properties":{}},{"type":"Feature","geometry":{"type":"LineString","coordinates":[[8.26087,49.99824],[8.26005,49.99925]]},"properties":{}},{"type":"Feature","geometry":{"type":"LineString","coordinates":[[8.26009,50.03694],[8.26361,50.0329]]},"properties":{}},{"type":"Feature","geometry":{"type":"LineString","coordinates":[[8.26009,50.03694],[8.2616,50.03564],[8.26381,50.03281]]},"properties":{}},{"type":"Feature","geometry":{"type":"LineString","coordinates":[[8.26036,49.99927],[8.26011,49.99978]]},"properties":{}},{"type":"Feature","geometry":{"type":"LineString","coordinates":[[8.26025,49.99958],[8.26011,49.99978]]},"properties":{}},{"type":"Feature","geometry":{"type":"LineString","coordinates":[[8.26025,49.99958],[8.26091,49.99862]]},"properties":{}},{"type":"Feature","geometry":{"type":"LineString","coordinates":[[8.26073,49.99894],[8.26025,49.99958]]},"properties":{}},{"type":"Feature","geometry":{"type":"LineString","coordinates":[[8.26028,49.99908],[8.26133,49.99772]]},"properties":{}},{"type":"Feature","geometry":{"type":"LineString","coordinates":[[8.26071,49.99871],[8.26028,49.99908]]},"properties":{}},{"type":"Feature","geometry":{"type":"LineString","coordinates":[[8.26056,49.99891],[8.26036,49.99927]]},"properties":{}},{"type":"Feature","geometry":{"type":"LineString","coordinates":[[8.26091,49.99862],[8.26036,49.99927]]},"properties":{}},{"type":"Feature","geometry":{"type":"LineString","coordinates":[[8.26039,50.03652],[8.26175,50.0347]]},"properties":{}},{"type":"Feature","geometry":{"type":"LineString","coordinates":[[8.26045,50.03666],[8.26413,50.03241]]},"properties":{}},{"type":"Feature","geometry":{"type":"LineString","coordinates":[[8.26056,49.99891],[8.26071,49.99871]]},"properties":{}},{"type":"Feature","geometry":{"type":"LineString","coordinates":[[8.26067,50.03605],[8.26154,50.03491]]},"properties":{}},{"type":"Feature","geometry":{"type":"LineString","coordinates":[[8.26071,49.99871],[8.26096,49.99833]]},"properties":{}},{"type":"Feature","geometry":{"type":"LineString","coordinates":[[8.26125,49.99824],[8.26071,49.99871]]},"properties":{}},{"type":"Feature","geometry":{"type":"LineString","coordinates":[[8.27104,49.99422],[8.26759,49.99397],[8.26505,49.99464],[8.2636,49.99567],[8.26073,49.99894]]},"properties":{}},{"type":"Feature","geometry":{"type":"LineString","coordinates":[[8.26088,50.02624],[8.26279,50.02692],[8.26671,50.02748],[8.26844,50.02823],[8.26933,50.02897],[8.26992,50.02989],[8.2701,50.03078],[8.26984,50.03176]]},"properties":{}},{"type":"Feature","geometry":{"type":"LineString","coordinates":[[8.26088,50.02624],[8.27153,50.03178],[8.27464,50.03275],[8.27709,50.03277],[8.29092,50.03077],[8.29244,50.03038],[8.29402,50.02961],[8.29528,50.0285],[8.30177,50.01896],[8.30968,50.00805],[8.3114,50.00696],[8.31332,50.00637],[8.31513,50.00619],[8.31926,50.00629]]},"properties":{}},{"type":"Feature","geometry":{"type":"LineString","coordinates":[[8.26125,49.99824],[8.26091,49.99862]]},"properties":{}},{"type":"Feature","geometry":{"type":"LineString","coordinates":[[8.26095,50.03623],[8.26376,50.03292]]},"properties":{}},{"type":"Feature","geometry":{"type":"LineString","coordinates":[[8.26095,50.03589],[8.26201,50.03447]]},"properties":{}},{"type":"Feature","geometry":{"type":"LineString","coordinates":[[8.26096,49.99833],[8.26133,49.99772]]},"properties":{}},{"type":"Feature","geometry":{"type":"LineString","coordinates":[[8.26096,49.99833],[8.26177,49.99722]]},"properties":{}},{"type":"Feature","geometry":{"type":"LineString","coordinates":[[8.26265,50.19135],[8.26101,50.19313]]},"properties":{}},{"type":"Feature","geometry":{"type":"LineString","coordinates":[[8.26102,50.03539],[8.26126,50.03517]]},"properties":{}},{"type":"Feature","geometry":{"type":"LineString","coordinates":[[8.26977,49.99403],[8.26759,49.99395],[8.26501,49.99462],[8.26377,49.99545],[8.26125,49.99824]]},"properties":{}},{"type":"Feature","geometry":{"type":"LineString","coordinates":[[8.26126,50.03517],[8.26154,50.03491]]},"properties":{}},{"type":"Feature","geometry":{"type":"LineString","coordinates":[[8.26127,50.03593],[8.26371,50.03302]]},"properties":{}},{"type":"Feature","geometry":{"type":"LineString","coordinates":[[8.26133,49.99772],[8.26145,49.99753]]},"properties":{}},{"type":"Feature","geometry":{"type":"LineString","coordinates":[[8.26145,49.99753],[8.26366,49.995],[8.26616,49.99374],[8.26848,49.99341],[8.27334,49.99394],[8.27548,49.99384],[8.28226,49.99231],[8.2871,49.99057],[8.29045,49.99022],[8.29198,49.98983],[8.29482,49.98855],[8.30003,49.98554],[8.30539,49.98278],[8.31045,49.97915],[8.31242,49.97704],[8.31323,49.97538],[8.31478,49.96926],[8.31514,49.96682],[8.31508,49.96503],[8.31423,49.96152],[8.30729,49.93938],[8.307,49.93705],[8.3075,49.9348],[8.30857,49.93297],[8.31022,49.93126],[8.31844,49.92504],[8.32093,49.92356],[8.32365,49.92248],[8.32602,49.92186],[8.34126,49.91928],[8.34406,49.91799],[8.34527,49.91701],[8.34614,49.9159],[8.34666,49.91471],[8.34678,49.91369],[8.34591,49.90755],[8.34329,49.90155],[8.34105,49.89796],[8.34018,49.89585],[8.33802,49.88708],[8.33795,49.88436],[8.34079,49.87445],[8.34139,49.87333],[8.35383,49.86261]]},"properties":{}},{"type":"Feature","geometry":{"type":"LineString","coordinates":[[8.26145,49.99753],[8.26177,49.99722]]},"properties":{}},{"type":"Feature","geometry":{"type":"LineString","coordinates":[[8.26154,50.03491],[8.26175,50.0347]]},"properties":{}},{"type":"Feature","geometry":{"type":"LineString","coordinates":[[8.26175,50.0347],[8.26201,50.03447]]},"properties":{}},{"type":"Feature","geometry":{"type":"LineString","coordinates":[[8.26177,49.99722],[8.26404,49.99477],[8.26622,49.99377],[8.26848,49.99345],[8.27326,49.99398],[8.27549,49.99388],[8.28228,49.99235],[8.28656,49.99075],[8.28821,49.99046],[8.29048,49.99063],[8.30077,49.99332],[8.30959,49.99399]]},"properties":{}},{"type":"Feature","geometry":{"type":"LineString","coordinates":[[8.26201,50.03447],[8.26427,50.03228]]},"properties":{}},{"type":"Feature","geometry":{"type":"LineString","coordinates":[[8.26459,50.18907],[8.26304,50.19093]]},"properties":{}},{"type":"Feature","geometry":{"type":"LineString","coordinates":[[8.31883,50.00631],[8.31333,50.00641],[8.31111,50.00714],[8.30953,50.00824],[8.30182,50.01897],[8.29533,50.02851],[8.29429,50.02949],[8.29275,50.0303],[8.28843,50.03117],[8.27709,50.03281],[8.27527,50.03285],[8.2723,50.03218],[8.26514,50.02851]]},"properties":{}},{"type":"Feature","geometry":{"type":"LineString","coordinates":[[8.26747,50.03055],[8.26666,50.0295],[8.26514,50.02851]]},"properties":{}},{"type":"Feature","geometry":{"type":"LineString","coordinates":[[8.26581,50.05465],[8.27629,50.05188],[8.28552,50.04911],[8.28831,50.0486],[8.29191,50.04835],[8.29562,50.04855],[8.29933,50.04925],[8.30278,50.05039],[8.31106,50.05386],[8.31484,50.05481],[8.31844,50.05528],[8.3232,50.05534],[8.33636,50.05434],[8.35118,50.05528],[8.36109,50.0552],[8.36846,50.0544],[8.37238,50.0546],[8.376,50.05559],[8.37894,50.05728],[8.38117,50.05977],[8.38171,50.0609],[8.38198,50.06246],[8.38151,50.06463],[8.38032,50.0664],[8.37276,50.07224]]},"properties":{}},{"type":"Feature","geometry":{"type":"LineString","coordinates":[[8.26757,50.05419],[8.26581,50.05465]]},"properties":{}},{"type":"Feature","geometry":{"type":"LineString","coordinates":[[8.2662,50.03122],[8.2665,50.03081]]},"properties":{}},{"type":"Feature","geometry":{"type":"LineString","coordinates":[[8.29639,50.00381],[8.29172,50.00351],[8.28873,50.00395],[8.28609,50.00494],[8.28202,50.00742],[8.2809,50.00888],[8.27786,50.01782],[8.27602,50.02121],[8.27298,50.02476],[8.26723,50.02979]]},"properties":{}},{"type":"Feature","geometry":{"type":"LineString","coordinates":[[8.26744,50.02956],[8.27361,50.02407],[8.27648,50.02042],[8.27796,50.01741],[8.28085,50.00884],[8.28198,50.00739],[8.28605,50.00491],[8.2887,50.00391],[8.29171,50.00348],[8.29658,50.0038]]},"properties":{}},{"type":"Feature","geometry":{"type":"LineString","coordinates":[[8.26751,50.02955],[8.26792,50.02913]]},"properties":{}},{"type":"Feature","geometry":{"type":"LineString","coordinates":[[8.26777,50.05414],[8.26757,50.05419]]},"properties":{}},{"type":"Feature","geometry":{"type":"LineString","coordinates":[[8.26951,50.05361],[8.26777,50.05414]]},"properties":{}},{"type":"Feature","geometry":{"type":"LineString","coordinates":[[8.2688,50.05386],[8.26777,50.05414]]},"properties":{}},{"type":"Feature","geometry":{"type":"LineString","coordinates":[[8.268,50.02907],[8.26862,50.02858]]},"properties":{}},{"type":"Feature","geometry":{"type":"LineString","coordinates":[[8.37269,50.07222],[8.37665,50.06897],[8.37992,50.06591],[8.38101,50.06427],[8.38146,50.06247],[8.38143,50.06145],[8.38101,50.06006],[8.38027,50.0588],[8.37921,50.05768],[8.37645,50.05591],[8.37235,50.05466],[8.36847,50.05444],[8.36107,50.05525],[8.35147,50.05532],[8.33642,50.05438],[8.32322,50.05537],[8.31842,50.05532],[8.31487,50.05485],[8.311,50.05389],[8.30272,50.05044],[8.29929,50.04928],[8.29636,50.04869],[8.29264,50.04839],[8.28903,50.04855],[8.28554,50.04915],[8.27632,50.05192],[8.2688,50.05386]]},"properties":{}},{"type":"Feature","geometry":{"type":"LineString","coordinates":[[8.2688,50.05386],[8.27165,50.05333],[8.28007,50.05298],[8.28612,50.05163],[8.28858,50.05175],[8.29072,50.05237],[8.29883,50.05632],[8.3004,50.05765],[8.30112,50.0594],[8.30104,50.06328],[8.30123,50.06429],[8.30198,50.06576],[8.30337,50.06716],[8.3057,50.06846],[8.31016,50.06973],[8.31446,50.07169],[8.31648,50.07215],[8.32178,50.07272],[8.32455,50.07369],[8.32643,50.07509],[8.32741,50.07669],[8.32761,50.07827],[8.32687,50.08022]]},"properties":{}},{"type":"Feature","geometry":{"type":"LineString","coordinates":[[8.2831,49.99213],[8.27394,49.99426],[8.27261,49.99434],[8.26977,49.99403]]},"properties":{}},{"type":"Feature","geometry":{"type":"LineString","coordinates":[[8.27104,49.99422],[8.26977,49.99403]]},"properties":{}},{"type":"Feature","geometry":{"type":"LineString","coordinates":[[8.28052,49.99288],[8.27395,49.99429],[8.27104,49.99422]]},"properties":{}},{"type":"Feature","geometry":{"type":"LineString","coordinates":[[8.28029,50.01084],[8.2804,50.01027]]},"properties":{}},{"type":"Feature","geometry":{"type":"LineString","coordinates":[[8.28045,50.01007],[8.28062,50.00919]]},"properties":{}},{"type":"Feature","geometry":{"type":"LineString","coordinates":[[8.28134,49.99264],[8.28052,49.99288]]},"properties":{}},{"type":"Feature","geometry":{"type":"LineString","coordinates":[[8.28052,49.99288],[8.28539,49.99209],[8.29141,49.99013],[8.2945,49.98878],[8.30576,49.98259],[8.31082,49.97891],[8.31282,49.97648],[8.31328,49.97539],[8.31502,49.96851],[8.31521,49.96644],[8.31505,49.96445],[8.30734,49.93937],[8.30705,49.9376],[8.30736,49.93537],[8.30832,49.9334],[8.30981,49.93166],[8.31151,49.93033]]},"properties":{}},{"type":"Feature","geometry":{"type":"LineString","coordinates":[[8.28062,50.00919],[8.28086,50.00841],[8.28178,50.0073],[8.28675,50.00444],[8.29074,50.00342],[8.29375,50.00343]]},"properties":{}},{"type":"Feature","geometry":{"type":"LineString","coordinates":[[8.28062,50.00919],[8.28124,50.00796],[8.28203,50.00717],[8.28759,50.00417],[8.29122,50.00343],[8.29375,50.00343],[8.29658,50.0038]]},"properties":{}},{"type":"Feature","geometry":{"type":"LineString","coordinates":[[8.2831,49.99213],[8.28416,49.9917]]},"properties":{}},{"type":"Feature","geometry":{"type":"LineString","coordinates":[[8.28741,49.99059],[8.2831,49.99213]]},"properties":{}},{"type":"Feature","geometry":{"type":"LineString","coordinates":[[8.28368,49.99185],[8.28472,49.99147]]},"properties":{}},{"type":"Feature","geometry":{"type":"LineString","coordinates":[[8.28477,49.99145],[8.28578,49.99099]]},"properties":{}},{"type":"Feature","geometry":{"type":"LineString","coordinates":[[8.28623,49.99086],[8.28741,49.99059]]},"properties":{}},{"type":"Feature","geometry":{"type":"LineString","coordinates":[[8.35314,49.99454],[8.35001,49.9951],[8.34638,49.99533],[8.31663,49.99451],[8.3012,49.99343],[8.29021,49.99064],[8.28741,49.99059]]},"properties":{}},{"type":"Feature","geometry":{"type":"LineString","coordinates":[[8.29458,50.00351],[8.29639,50.00381]]},"properties":{}},{"type":"Feature","geometry":{"type":"LineString","coordinates":[[8.31733,50.00619],[8.3136,50.00593],[8.29639,50.00381]]},"properties":{}},{"type":"Feature","geometry":{"type":"LineString","coordinates":[[8.29658,50.0038],[8.3165,50.00613]]},"properties":{}},{"type":"Feature","geometry":{"type":"LineString","coordinates":[[8.30567,50.16295],[8.30862,50.16161]]},"properties":{}},{"type":"Feature","geometry":{"type":"LineString","coordinates":[[8.30622,49.99372],[8.30785,49.99366]]},"properties":{}},{"type":"Feature","geometry":{"type":"LineString","coordinates":[[8.3067,49.9938],[8.30803,49.99393]]},"properties":{}},{"type":"Feature","geometry":{"type":"LineString","coordinates":[[8.31369,49.99348],[8.30769,49.99326]]},"properties":{}},{"type":"Feature","geometry":{"type":"LineString","coordinates":[[8.30773,49.99321],[8.31299,49.99341]]},"properties":{}},{"type":"Feature","geometry":{"type":"LineString","coordinates":[[8.30777,49.99315],[8.31189,49.99329],[8.32752,49.99472],[8.33076,49.99477]]},"properties":{}},{"type":"Feature","geometry":{"type":"LineString","coordinates":[[8.30781,49.9931],[8.31404,49.99351]]},"properties":{}},{"type":"Feature","geometry":{"type":"LineString","coordinates":[[8.30785,49.99366],[8.30964,49.99345],[8.31572,49.9937]]},"properties":{}},{"type":"Feature","geometry":{"type":"LineString","coordinates":[[8.30785,49.99366],[8.30982,49.9935],[8.31648,49.99373],[8.32768,49.99477]]},"properties":{}},{"type":"Feature","geometry":{"type":"LineString","coordinates":[[8.30888,50.16156],[8.30807,50.16197]]},"properties":{}},{"type":"Feature","geometry":{"type":"LineString","coordinates":[[8.30815,49.99394],[8.30946,49.99399]]},"properties":{}},{"type":"Feature","geometry":{"type":"LineString","coordinates":[[8.31897,50.15678],[8.31713,50.15822],[8.30846,50.16179]]},"properties":{}},{"type":"Feature","geometry":{"type":"LineString","coordinates":[[8.30862,50.16161],[8.31026,50.1608]]},"properties":{}},{"type":"Feature","geometry":{"type":"LineString","coordinates":[[8.30942,50.16131],[8.30862,50.16161]]},"properties":{}},{"type":"Feature","geometry":{"type":"LineString","coordinates":[[8.30874,49.99336],[8.3145,49.99355]]},"properties":{}},{"type":"Feature","geometry":{"type":"LineString","coordinates":[[8.30942,50.16131],[8.30982,50.16111]]},"properties":{}},{"type":"Feature","geometry":{"type":"LineString","coordinates":[[8.30948,50.16128],[8.31026,50.1608]]},"properties":{}},{"type":"Feature","geometry":{"type":"LineString","coordinates":[[8.30959,49.99399],[8.3191,49.99454],[8.34634,49.99524],[8.35089,49.9949],[8.35478,49.99399]]},"properties":{}},{"type":"Feature","geometry":{"type":"LineString","coordinates":[[8.30959,49.99399],[8.31783,49.99453],[8.34539,49.99529],[8.34927,49.99515],[8.3531,49.9945]]},"properties":{}},{"type":"Feature","geometry":{"type":"LineString","coordinates":[[8.30978,50.16122],[8.3116,50.16033]]},"properties":{}},{"type":"Feature","geometry":{"type":"LineString","coordinates":[[8.31906,50.15671],[8.31718,50.15808],[8.30978,50.16122]]},"properties":{}},{"type":"Feature","geometry":{"type":"LineString","coordinates":[[8.3105,49.93111],[8.30979,49.93162]]},"properties":{}},{"type":"Feature","geometry":{"type":"LineString","coordinates":[[8.31938,50.1563],[8.31735,50.15769],[8.31201,50.15995],[8.30982,50.16111]]},"properties":{}},{"type":"Feature","geometry":{"type":"LineString","coordinates":[[8.30982,50.16111],[8.31022,50.16091]]},"properties":{}},{"type":"Feature","geometry":{"type":"LineString","coordinates":[[8.31019,49.99318],[8.31103,49.99326]]},"properties":{}},{"type":"Feature","geometry":{"type":"LineString","coordinates":[[8.31022,50.16091],[8.3174,50.15771],[8.31888,50.15672]]},"properties":{}},{"type":"Feature","geometry":{"type":"LineString","coordinates":[[8.31022,50.16091],[8.31081,50.16062]]},"properties":{}},{"type":"Feature","geometry":{"type":"LineString","coordinates":[[8.31026,50.1608],[8.31116,50.16025]]},"properties":{}},{"type":"Feature","geometry":{"type":"LineString","coordinates":[[8.31812,50.15715],[8.31029,50.16078]]},"properties":{}},{"type":"Feature","geometry":{"type":"LineString","coordinates":[[8.31976,49.99398],[8.31764,49.99362],[8.31528,49.99267],[8.3106,49.98988]]},"properties":{}},{"type":"Feature","geometry":{"type":"LineString","coordinates":[[8.31081,50.16062],[8.31705,50.15798],[8.31888,50.15672]]},"properties":{}},{"type":"Feature","geometry":{"type":"LineString","coordinates":[[8.31081,50.16062],[8.3116,50.16033]]},"properties":{}},{"type":"Feature","geometry":{"type":"LineString","coordinates":[[8.31568,49.99362],[8.31422,49.99321],[8.31108,49.99122]]},"properties":{}},{"type":"Feature","geometry":{"type":"LineString","coordinates":[[8.31116,50.16025],[8.31746,50.15751]]},"properties":{}},{"type":"Feature","geometry":{"type":"LineString","coordinates":[[8.31116,50.16025],[8.31746,50.15751]]},"properties":{}},{"type":"Feature","geometry":{"type":"LineString","coordinates":[[8.31439,49.99365],[8.31145,49.99359]]},"properties":{}},{"type":"Feature","geometry":{"type":"LineString","coordinates":[[8.31151,49.93033],[8.31849,49.92507],[8.32178,49.92322],[8.32633,49.92184],[8.34146,49.91926],[8.34436,49.91783],[8.34542,49.91692],[8.34633,49.91568],[8.34679,49.91436],[8.34685,49.9134],[8.34586,49.90714],[8.34315,49.90116],[8.34065,49.89693],[8.33996,49.89493],[8.33792,49.8858],[8.33829,49.88301],[8.34085,49.87445],[8.34163,49.87311],[8.34312,49.8718]]},"properties":{}},{"type":"Feature","geometry":{"type":"LineString","coordinates":[[8.31151,49.93033],[8.31972,49.92427]]},"properties":{}},{"type":"Feature","geometry":{"type":"LineString","coordinates":[[8.31886,50.1568],[8.31708,50.15802],[8.3116,50.16033]]},"properties":{}},{"type":"Feature","geometry":{"type":"LineString","coordinates":[[8.31193,49.9777],[8.31249,49.97702]]},"properties":{}},{"type":"Feature","geometry":{"type":"LineString","coordinates":[[8.31256,49.97691],[8.31334,49.97545],[8.31508,49.96811]]},"properties":{}},{"type":"Feature","geometry":{"type":"LineString","coordinates":[[8.31528,49.99267],[8.31263,49.99113]]},"properties":{}},{"type":"Feature","geometry":{"type":"LineString","coordinates":[[8.31356,49.99344],[8.31271,49.99324]]},"properties":{}},{"type":"Feature","geometry":{"type":"LineString","coordinates":[[8.31303,49.97619],[8.31291,49.97648]]},"properties":{}},{"type":"Feature","geometry":{"type":"LineString","coordinates":[[8.31791,50.15726],[8.31307,50.15929]]},"properties":{}},{"type":"Feature","geometry":{"type":"LineString","coordinates":[[8.31312,49.97604],[8.31442,49.9712]]},"properties":{}},{"type":"Feature","geometry":{"type":"LineString","coordinates":[[8.31317,49.97618],[8.31438,49.97167]]},"properties":{}},{"type":"Feature","geometry":{"type":"LineString","coordinates":[[8.31343,49.97592],[8.31432,49.97195]]},"properties":{}},{"type":"Feature","geometry":{"type":"LineString","coordinates":[[8.31363,49.97706],[8.31653,49.97485],[8.31636,49.97436],[8.3148,49.97353],[8.31441,49.97251]]},"properties":{}},{"type":"Feature","geometry":{"type":"LineString","coordinates":[[8.31375,49.97556],[8.31438,49.97167]]},"properties":{}},{"type":"Feature","geometry":{"type":"LineString","coordinates":[[8.32038,49.99404],[8.31656,49.99285],[8.31446,49.99174],[8.31324,49.99057],[8.31342,49.98957],[8.31376,49.98912]]},"properties":{}},{"type":"Feature","geometry":{"type":"LineString","coordinates":[[8.31438,49.97167],[8.31442,49.9712]]},"properties":{}},{"type":"Feature","geometry":{"type":"LineString","coordinates":[[8.31445,49.97374],[8.3144,49.97228]]},"properties":{}},{"type":"Feature","geometry":{"type":"LineString","coordinates":[[8.31442,49.9712],[8.31452,49.97064]]},"properties":{}},{"type":"Feature","geometry":{"type":"LineString","coordinates":[[8.31454,49.97293],[8.31454,49.97215]]},"properties":{}},{"type":"Feature","geometry":{"type":"LineString","coordinates":[[8.31455,49.97303],[8.3149,49.97376],[8.3165,49.9747]]},"properties":{}},{"type":"Feature","geometry":{"type":"LineString","coordinates":[[8.31457,49.97326],[8.31489,49.97386]]},"properties":{}},{"type":"Feature","geometry":{"type":"LineString","coordinates":[[8.31503,49.9688],[8.31511,49.96837]]},"properties":{}},{"type":"Feature","geometry":{"type":"LineString","coordinates":[[8.31514,49.96682],[8.31514,49.96758]]},"properties":{}},{"type":"Feature","geometry":{"type":"LineString","coordinates":[[8.31564,49.974],[8.31791,49.97399],[8.31945,49.97304]]},"properties":{}},{"type":"Feature","geometry":{"type":"LineString","coordinates":[[8.31587,49.97407],[8.31732,49.97414],[8.31835,49.97383]]},"properties":{}},{"type":"Feature","geometry":{"type":"LineString","coordinates":[[8.31646,49.97503],[8.31818,49.97392]]},"properties":{}},{"type":"Feature","geometry":{"type":"LineString","coordinates":[[8.3165,50.00613],[8.32602,50.00627],[8.336,50.00539],[8.33832,50.00472],[8.3392,50.00401],[8.33956,50.00341]]},"properties":{}},{"type":"Feature","geometry":{"type":"LineString","coordinates":[[8.3165,50.00613],[8.32085,50.00625]]},"properties":{}},{"type":"Feature","geometry":{"type":"LineString","coordinates":[[8.31682,49.99376],[8.31754,49.99378]]},"properties":{}},{"type":"Feature","geometry":{"type":"LineString","coordinates":[[8.32092,50.00629],[8.31733,50.00619]]},"properties":{}},{"type":"Feature","geometry":{"type":"LineString","coordinates":[[8.31883,50.00631],[8.31733,50.00619]]},"properties":{}},{"type":"Feature","geometry":{"type":"LineString","coordinates":[[8.31746,50.15751],[8.31842,50.15696]]},"properties":{}},{"type":"Feature","geometry":{"type":"LineString","coordinates":[[8.31886,50.1568],[8.31813,50.15732]]},"properties":{}},{"type":"Feature","geometry":{"type":"LineString","coordinates":[[8.31817,49.9739],[8.3189,49.97342]]},"properties":{}},{"type":"Feature","geometry":{"type":"LineString","coordinates":[[8.31932,50.00633],[8.31883,50.00631]]},"properties":{}},{"type":"Feature","geometry":{"type":"LineString","coordinates":[[8.31886,49.9939],[8.31959,49.99401]]},"properties":{}},{"type":"Feature","geometry":{"type":"LineString","coordinates":[[8.31962,50.15616],[8.31886,50.1568]]},"properties":{}},{"type":"Feature","geometry":{"type":"LineString","coordinates":[[8.31888,50.15672],[8.3196,50.15611]]},"properties":{}},{"type":"Feature","geometry":{"type":"LineString","coordinates":[[8.31962,50.15616],[8.31906,50.15671]]},"properties":{}},{"type":"Feature","geometry":{"type":"LineString","coordinates":[[8.32075,50.15528],[8.31906,50.15671]]},"properties":{}},{"type":"Feature","geometry":{"type":"LineString","coordinates":[[8.32085,50.00625],[8.31926,50.00629]]},"properties":{}},{"type":"Feature","geometry":{"type":"LineString","coordinates":[[8.31926,50.00629],[8.32626,50.00649],[8.3324,50.00702],[8.33443,50.00689],[8.33602,50.00649],[8.3376,50.00576],[8.33903,50.00447],[8.33956,50.00341]]},"properties":{}},{"type":"Feature","geometry":{"type":"LineString","coordinates":[[8.32092,50.00629],[8.31932,50.00633]]},"properties":{}},{"type":"Feature","geometry":{"type":"LineString","coordinates":[[8.35479,49.9938],[8.35245,49.99386],[8.34527,49.99311],[8.34241,49.9936],[8.34062,49.99448],[8.33927,49.99575],[8.3387,49.99721],[8.33875,49.99826],[8.33973,50.00225],[8.33952,50.00372],[8.33815,50.00544],[8.33605,50.00652],[8.33444,50.00693],[8.3324,50.00706],[8.32626,50.00653],[8.31932,50.00633]]},"properties":{}},{"type":"Feature","geometry":{"type":"LineString","coordinates":[[8.3196,50.15611],[8.3218,50.15389],[8.32297,50.15309],[8.3292,50.14998],[8.33215,50.14908],[8.33658,50.14887],[8.34349,50.15027],[8.34572,50.15051],[8.34829,50.15038],[8.35122,50.1497],[8.3539,50.14837],[8.3662,50.13987],[8.36907,50.13874],[8.37168,50.13842],[8.37433,50.13864],[8.37628,50.1392],[8.37978,50.14079],[8.38261,50.14121],[8.38481,50.14088],[8.38984,50.13901],[8.3919,50.1389],[8.39702,50.13916],[8.3988,50.13874],[8.40067,50.13785],[8.4027,50.13604],[8.40436,50.13245],[8.40499,50.13169],[8.41035,50.12865],[8.41235,50.12628],[8.41483,50.12399],[8.41546,50.1227],[8.41564,50.11995],[8.41627,50.11888],[8.41756,50.11791],[8.42196,50.11565],[8.42648,50.11136],[8.4282,50.10939],[8.42852,50.10798],[8.42744,50.10433],[8.42606,50.09602],[8.42614,50.09488],[8.4268,50.09357],[8.42986,50.09054],[8.43162,50.08918],[8.44014,50.08557]]},"properties":{}},{"type":"Feature","geometry":{"type":"LineString","coordinates":[[8.32052,50.15537],[8.3196,50.15611]]},"properties":{}},{"type":"Feature","geometry":{"type":"LineString","coordinates":[[8.31975,50.15606],[8.31962,50.15616]]},"properties":{}},{"type":"Feature","geometry":{"type":"LineString","coordinates":[[8.32052,50.15537],[8.31975,50.15606]]},"properties":{}},{"type":"Feature","geometry":{"type":"LineString","coordinates":[[8.32075,50.15528],[8.31975,50.15606]]},"properties":{}},{"type":"Feature","geometry":{"type":"LineString","coordinates":[[8.32471,50.08539],[8.32476,50.08677],[8.32447,50.08781],[8.32274,50.09087],[8.32206,50.0952],[8.32109,50.09659],[8.31843,50.09896],[8.3177,50.10024],[8.31769,50.10181],[8.3193,50.1064],[8.32046,50.10813],[8.32203,50.10926],[8.328,50.11217],[8.33474,50.11463],[8.33722,50.11611],[8.33839,50.11726],[8.3394,50.11898],[8.33999,50.12379],[8.33945,50.12558],[8.33537,50.13084],[8.32951,50.13454],[8.32864,50.13536],[8.32782,50.13675],[8.32761,50.13799],[8.3279,50.1394],[8.33125,50.14405],[8.33144,50.14526],[8.33112,50.14651],[8.33014,50.14774],[8.32309,50.1529],[8.32052,50.15537]]},"properties":{}},{"type":"Feature","geometry":{"type":"LineString","coordinates":[[8.32131,49.92339],[8.32053,49.92382]]},"properties":{}},{"type":"Feature","geometry":{"type":"LineString","coordinates":[[8.44159,50.08518],[8.43872,50.08612],[8.43201,50.089],[8.4306,50.08994],[8.42686,50.09358],[8.42629,50.09458],[8.42612,50.09602],[8.42747,50.10433],[8.42857,50.10798],[8.42811,50.10963],[8.42242,50.11541],[8.42096,50.11636],[8.41761,50.11793],[8.41633,50.1189],[8.4157,50.11995],[8.41552,50.12271],[8.41488,50.12401],[8.41239,50.12631],[8.41009,50.12891],[8.40504,50.1317],[8.40442,50.1325],[8.40277,50.13603],[8.40208,50.13686],[8.40071,50.13788],[8.39881,50.13877],[8.39702,50.13919],[8.3919,50.13893],[8.38985,50.13905],[8.38483,50.14092],[8.38261,50.14125],[8.37977,50.14082],[8.37625,50.13923],[8.37432,50.13868],[8.37169,50.13846],[8.3691,50.13877],[8.36623,50.13989],[8.35357,50.14863],[8.351,50.14982],[8.34869,50.15036],[8.34573,50.15054],[8.34348,50.15031],[8.33657,50.14891],[8.33217,50.14912],[8.32955,50.14988],[8.32385,50.1527],[8.32075,50.15528]]},"properties":{}},{"type":"Feature","geometry":{"type":"LineString","coordinates":[[8.32085,50.00625],[8.32701,50.00628],[8.34138,50.00505]]},"properties":{}},{"type":"Feature","geometry":{"type":"LineString","coordinates":[[8.33991,50.00521],[8.32702,50.00631],[8.32092,50.00629]]},"properties":{}},{"type":"Feature","geometry":{"type":"LineString","coordinates":[[8.32142,49.99048],[8.32483,49.98938]]},"properties":{}},{"type":"Feature","geometry":{"type":"LineString","coordinates":[[8.32168,49.99391],[8.3248,49.99428]]},"properties":{}},{"type":"Feature","geometry":{"type":"LineString","coordinates":[[8.3221,49.99027],[8.32341,49.9902],[8.3314,49.99179]]},"properties":{}},{"type":"Feature","geometry":{"type":"LineString","coordinates":[[8.32407,49.99423],[8.32475,49.99432]]},"properties":{}},{"type":"Feature","geometry":{"type":"LineString","coordinates":[[8.32471,50.08539],[8.32485,50.08386],[8.32687,50.08022]]},"properties":{}},{"type":"Feature","geometry":{"type":"LineString","coordinates":[[8.32687,50.08022],[8.32494,50.08387],[8.32471,50.08539]]},"properties":{}},{"type":"Feature","geometry":{"type":"LineString","coordinates":[[8.32483,49.98938],[8.32633,49.98827]]},"properties":{}},{"type":"Feature","geometry":{"type":"LineString","coordinates":[[8.32483,49.98938],[8.3261,49.98917],[8.32914,49.98977]]},"properties":{}},{"type":"Feature","geometry":{"type":"LineString","coordinates":[[8.35934,49.85227],[8.35238,49.81768],[8.35218,49.79618],[8.352,49.7945],[8.32473,49.71105],[8.32459,49.70956],[8.32489,49.70804]]},"properties":{}},{"type":"Feature","geometry":{"type":"LineString","coordinates":[[8.32513,49.70748],[8.32466,49.70941],[8.32478,49.71103],[8.35219,49.79512],[8.35244,49.81768],[8.35967,49.85429],[8.35934,49.85549],[8.35856,49.85695],[8.3562,49.86047],[8.34848,49.86737]]},"properties":{}},{"type":"Feature","geometry":{"type":"LineString","coordinates":[[8.3268,49.99123],[8.32521,49.991]]},"properties":{}},{"type":"Feature","geometry":{"type":"LineString","coordinates":[[8.32713,49.99469],[8.32093,49.99369],[8.32001,49.99281],[8.32005,49.9916],[8.32061,49.99081],[8.32204,49.99039],[8.32758,49.99138]]},"properties":{}},{"type":"Feature","geometry":{"type":"LineString","coordinates":[[8.33956,50.00341],[8.33965,50.00202],[8.33862,49.99744],[8.33909,49.99592],[8.34024,49.99469],[8.34239,49.99357],[8.3449,49.99308],[8.35317,49.99384]]},"properties":{}},{"type":"Feature","geometry":{"type":"LineString","coordinates":[[8.34079,50.0051],[8.33991,50.00521]]},"properties":{}},{"type":"Feature","geometry":{"type":"LineString","coordinates":[[8.35473,50.00399],[8.33991,50.00521]]},"properties":{}},{"type":"Feature","geometry":{"type":"LineString","coordinates":[[8.34048,49.75925],[8.34078,49.7599]]},"properties":{}},{"type":"Feature","geometry":{"type":"LineString","coordinates":[[8.34138,50.00505],[8.35257,50.00409]]},"properties":{}},{"type":"Feature","geometry":{"type":"LineString","coordinates":[[8.34138,50.00505],[8.35257,50.00409]]},"properties":{}},{"type":"Feature","geometry":{"type":"LineString","coordinates":[[8.34244,49.87229],[8.34296,49.87193]]},"properties":{}},{"type":"Feature","geometry":{"type":"LineString","coordinates":[[8.34312,49.8718],[8.34848,49.86737]]},"properties":{}},{"type":"Feature","geometry":{"type":"LineString","coordinates":[[8.34312,49.8718],[8.34848,49.86737]]},"properties":{}},{"type":"Feature","geometry":{"type":"LineString","coordinates":[[8.34337,49.76789],[8.3435,49.76848]]},"properties":{}},{"type":"Feature","geometry":{"type":"LineString","coordinates":[[8.34816,49.78262],[8.34792,49.78209]]},"properties":{}},{"type":"Feature","geometry":{"type":"LineString","coordinates":[[8.35097,49.79104],[8.34837,49.78322]]},"properties":{}},{"type":"Feature","geometry":{"type":"LineString","coordinates":[[8.3515,49.79291],[8.35136,49.79226]]},"properties":{}},{"type":"Feature","geometry":{"type":"LineString","coordinates":[[8.35286,49.99456],[8.35158,49.99487]]},"properties":{}},{"type":"Feature","geometry":{"type":"LineString","coordinates":[[8.35182,49.86447],[8.35241,49.86385]]},"properties":{}},{"type":"Feature","geometry":{"type":"LineString","coordinates":[[8.35257,50.00409],[8.37272,50.00341],[8.37648,50.00289],[8.38533,50.00109],[8.38912,50.00072],[8.39288,50.00066],[8.39819,50.00111],[8.40368,50.00221],[8.40952,50.00393],[8.41507,50.00613],[8.42132,50.00948],[8.42685,50.01353],[8.48311,50.06226]]},"properties":{}},{"type":"Feature","geometry":{"type":"LineString","coordinates":[[8.3531,49.9945],[8.35478,49.99399]]},"properties":{}},{"type":"Feature","geometry":{"type":"LineString","coordinates":[[8.3531,49.9945],[8.35998,49.99236]]},"properties":{}},{"type":"Feature","geometry":{"type":"LineString","coordinates":[[8.35314,49.99454],[8.35788,49.99313],[8.36403,49.99079],[8.3744,49.98515],[8.38011,49.98115],[8.39301,49.97367],[8.47563,49.92787],[8.47938,49.92614],[8.48316,49.9253]]},"properties":{}},{"type":"Feature","geometry":{"type":"LineString","coordinates":[[8.3787,49.98442],[8.37594,49.985],[8.37371,49.9858],[8.36257,49.99153],[8.35675,49.99361],[8.35314,49.99454]]},"properties":{}},{"type":"Feature","geometry":{"type":"LineString","coordinates":[[8.35317,49.99384],[8.35553,49.99359],[8.35717,49.99312]]},"properties":{}},{"type":"Feature","geometry":{"type":"LineString","coordinates":[[8.35317,49.99384],[8.35479,49.9938]]},"properties":{}},{"type":"Feature","geometry":{"type":"LineString","coordinates":[[8.35334,50.00403],[8.35473,50.00399]]},"properties":{}},{"type":"Feature","geometry":{"type":"LineString","coordinates":[[8.35383,49.86261],[8.35639,49.86007],[8.35949,49.85497]]},"properties":{}},{"type":"Feature","geometry":{"type":"LineString","coordinates":[[8.35383,49.86261],[8.35643,49.86008],[8.35949,49.85497]]},"properties":{}},{"type":"Feature","geometry":{"type":"LineString","coordinates":[[8.43505,50.02072],[8.42581,50.01274],[8.42198,50.00995],[8.4187,50.00799],[8.41503,50.00616],[8.41055,50.00434],[8.40653,50.00301],[8.40121,50.00169],[8.39516,50.00081],[8.38912,50.00076],[8.38419,50.00131],[8.37648,50.00292],[8.37273,50.00344],[8.35473,50.00399]]},"properties":{}},{"type":"Feature","geometry":{"type":"LineString","coordinates":[[8.35478,49.99399],[8.35696,49.99329]]},"properties":{}},{"type":"Feature","geometry":{"type":"LineString","coordinates":[[8.3561,49.99354],[8.35479,49.9938]]},"properties":{}},{"type":"Feature","geometry":{"type":"LineString","coordinates":[[8.35488,49.99395],[8.3561,49.99354]]},"properties":{}},{"type":"Feature","geometry":{"type":"LineString","coordinates":[[8.3561,49.99354],[8.35938,49.99242]]},"properties":{}},{"type":"Feature","geometry":{"type":"LineString","coordinates":[[8.35696,49.99329],[8.3561,49.99354]]},"properties":{}},{"type":"Feature","geometry":{"type":"LineString","coordinates":[[8.35696,49.99329],[8.3612,49.9919]]},"properties":{}},{"type":"Feature","geometry":{"type":"LineString","coordinates":[[8.35717,49.99312],[8.35908,49.99233]]},"properties":{}},{"type":"Feature","geometry":{"type":"LineString","coordinates":[[8.35717,49.99312],[8.35938,49.99242]]},"properties":{}},{"type":"Feature","geometry":{"type":"LineString","coordinates":[[8.35768,49.99299],[8.35908,49.99233]]},"properties":{}},{"type":"Feature","geometry":{"type":"LineString","coordinates":[[8.35854,49.99263],[8.36034,49.99186],[8.36939,49.98688]]},"properties":{}},{"type":"Feature","geometry":{"type":"LineString","coordinates":[[8.35965,49.99247],[8.35855,49.99289]]},"properties":{}},{"type":"Feature","geometry":{"type":"LineString","coordinates":[[8.35855,49.99265],[8.36039,49.99188],[8.36939,49.98688]]},"properties":{}},{"type":"Feature","geometry":{"type":"LineString","coordinates":[[8.35892,49.99246],[8.36913,49.98696],[8.37237,49.98477],[8.37808,49.98186]]},"properties":{}},{"type":"Feature","geometry":{"type":"LineString","coordinates":[[8.35908,49.99233],[8.36889,49.98698],[8.372,49.98448],[8.37621,49.98216],[8.37745,49.98176]]},"properties":{}},{"type":"Feature","geometry":{"type":"LineString","coordinates":[[8.35908,49.99233],[8.36886,49.98704],[8.37204,49.9845],[8.37621,49.98224],[8.37807,49.9816]]},"properties":{}},{"type":"Feature","geometry":{"type":"LineString","coordinates":[[8.35924,49.9924],[8.37682,49.98276]]},"properties":{}},{"type":"Feature","geometry":{"type":"LineString","coordinates":[[8.35924,49.85158],[8.35934,49.85227]]},"properties":{}},{"type":"Feature","geometry":{"type":"LineString","coordinates":[[8.35949,49.85497],[8.35961,49.85398],[8.35934,49.85227]]},"properties":{}},{"type":"Feature","geometry":{"type":"LineString","coordinates":[[8.35938,49.99242],[8.3594,49.99241]]},"properties":{}},{"type":"Feature","geometry":{"type":"LineString","coordinates":[[8.3594,49.99241],[8.36874,49.98747]]},"properties":{}},{"type":"Feature","geometry":{"type":"LineString","coordinates":[[8.3594,49.99241],[8.36129,49.99179]]},"properties":{}},{"type":"Feature","geometry":{"type":"LineString","coordinates":[[8.35967,49.99202],[8.36749,49.98774]]},"properties":{}},{"type":"Feature","geometry":{"type":"LineString","coordinates":[[8.35979,49.99256],[8.36126,49.99196]]},"properties":{}},{"type":"Feature","geometry":{"type":"LineString","coordinates":[[8.35998,49.99236],[8.3612,49.9919]]},"properties":{}},{"type":"Feature","geometry":{"type":"LineString","coordinates":[[8.35998,49.99236],[8.36352,49.991],[8.37437,49.98512],[8.38007,49.98112],[8.39393,49.97312]]},"properties":{}},{"type":"Feature","geometry":{"type":"LineString","coordinates":[[8.36005,49.99221],[8.36917,49.98712]]},"properties":{}},{"type":"Feature","geometry":{"type":"LineString","coordinates":[[8.36037,49.99208],[8.36874,49.98747]]},"properties":{}},{"type":"Feature","geometry":{"type":"LineString","coordinates":[[8.36042,49.99208],[8.36792,49.98797]]},"properties":{}},{"type":"Feature","geometry":{"type":"LineString","coordinates":[[8.36079,49.99196],[8.36725,49.9884]]},"properties":{}},{"type":"Feature","geometry":{"type":"LineString","coordinates":[[8.36114,49.99181],[8.37003,49.98694]]},"properties":{}},{"type":"Feature","geometry":{"type":"LineString","coordinates":[[8.3612,49.9919],[8.36447,49.99046],[8.37202,49.98618],[8.37497,49.98515]]},"properties":{}},{"type":"Feature","geometry":{"type":"LineString","coordinates":[[8.36129,49.99179],[8.3715,49.98633]]},"properties":{}},{"type":"Feature","geometry":{"type":"LineString","coordinates":[[8.36129,49.99179],[8.36229,49.99142]]},"properties":{}},{"type":"Feature","geometry":{"type":"LineString","coordinates":[[8.36269,49.99138],[8.36149,49.99179]]},"properties":{}},{"type":"Feature","geometry":{"type":"LineString","coordinates":[[8.36229,49.99142],[8.3701,49.98698]]},"properties":{}},{"type":"Feature","geometry":{"type":"LineString","coordinates":[[8.36229,49.99142],[8.3715,49.98633]]},"properties":{}},{"type":"Feature","geometry":{"type":"LineString","coordinates":[[8.36266,49.99122],[8.37044,49.98684]]},"properties":{}},{"type":"Feature","geometry":{"type":"LineString","coordinates":[[8.36281,49.99119],[8.37079,49.98669]]},"properties":{}},{"type":"Feature","geometry":{"type":"LineString","coordinates":[[8.36517,49.98831],[8.36299,49.99018]]},"properties":{}},{"type":"Feature","geometry":{"type":"LineString","coordinates":[[8.3633,49.99098],[8.37115,49.98653]]},"properties":{}},{"type":"Feature","geometry":{"type":"LineString","coordinates":[[8.36554,49.98801],[8.36336,49.98915]]},"properties":{}},{"type":"Feature","geometry":{"type":"LineString","coordinates":[[8.36582,49.98795],[8.36346,49.98923]]},"properties":{}},{"type":"Feature","geometry":{"type":"LineString","coordinates":[[8.36352,49.991],[8.36457,49.9905]]},"properties":{}},{"type":"Feature","geometry":{"type":"LineString","coordinates":[[8.36352,49.98928],[8.36613,49.98781]]},"properties":{}},{"type":"Feature","geometry":{"type":"LineString","coordinates":[[8.36517,49.98875],[8.36366,49.9898]]},"properties":{}},{"type":"Feature","geometry":{"type":"LineString","coordinates":[[8.36606,49.98815],[8.36376,49.98952]]},"properties":{}},{"type":"Feature","geometry":{"type":"LineString","coordinates":[[8.36726,49.98749],[8.36396,49.98934]]},"properties":{}},{"type":"Feature","geometry":{"type":"LineString","coordinates":[[8.371,49.98513],[8.3685,49.98692],[8.36396,49.98963]]},"properties":{}},{"type":"Feature","geometry":{"type":"LineString","coordinates":[[8.36613,49.98781],[8.36423,49.98872]]},"properties":{}},{"type":"Feature","geometry":{"type":"LineString","coordinates":[[8.36688,49.9876],[8.36428,49.98907]]},"properties":{}},{"type":"Feature","geometry":{"type":"LineString","coordinates":[[8.36582,49.98792],[8.36439,49.98846]]},"properties":{}},{"type":"Feature","geometry":{"type":"LineString","coordinates":[[8.36664,49.98769],[8.36459,49.9888]]},"properties":{}},{"type":"Feature","geometry":{"type":"LineString","coordinates":[[8.36625,49.98968],[8.36478,49.99039]]},"properties":{}},{"type":"Feature","geometry":{"type":"LineString","coordinates":[[8.36689,49.98785],[8.36484,49.98905]]},"properties":{}},{"type":"Feature","geometry":{"type":"LineString","coordinates":[[8.36565,49.98877],[8.37025,49.98581]]},"properties":{}},{"type":"Feature","geometry":{"type":"LineString","coordinates":[[8.3659,49.98873],[8.37349,49.98527],[8.37614,49.98376],[8.37833,49.98192]]},"properties":{}},{"type":"Feature","geometry":{"type":"LineString","coordinates":[[8.36613,49.98781],[8.36799,49.987],[8.37078,49.98511]]},"properties":{}},{"type":"Feature","geometry":{"type":"LineString","coordinates":[[8.36613,49.98781],[8.36838,49.98694],[8.37214,49.98427],[8.3756,49.98235]]},"properties":{}},{"type":"Feature","geometry":{"type":"LineString","coordinates":[[8.3682,49.98741],[8.36623,49.98873]]},"properties":{}},{"type":"Feature","geometry":{"type":"LineString","coordinates":[[8.36688,49.98724],[8.36721,49.98726]]},"properties":{}},{"type":"Feature","geometry":{"type":"LineString","coordinates":[[8.36691,49.98717],[8.36722,49.98724]]},"properties":{}},{"type":"Feature","geometry":{"type":"LineString","coordinates":[[8.36694,49.98711],[8.36723,49.98722]]},"properties":{}},{"type":"Feature","geometry":{"type":"LineString","coordinates":[[8.36695,49.98786],[8.36733,49.98757]]},"properties":{}},{"type":"Feature","geometry":{"type":"LineString","coordinates":[[8.36725,49.9872],[8.36712,49.98713]]},"properties":{}},{"type":"Feature","geometry":{"type":"LineString","coordinates":[[8.36973,49.98632],[8.36766,49.98745]]},"properties":{}},{"type":"Feature","geometry":{"type":"LineString","coordinates":[[8.36838,49.98694],[8.36779,49.98731]]},"properties":{}},{"type":"Feature","geometry":{"type":"LineString","coordinates":[[8.3717,49.98464],[8.36837,49.98711]]},"properties":{}},{"type":"Feature","geometry":{"type":"LineString","coordinates":[[8.36852,49.98724],[8.36889,49.98698]]},"properties":{}},{"type":"Feature","geometry":{"type":"LineString","coordinates":[[8.36874,49.98747],[8.37276,49.98572]]},"properties":{}},{"type":"Feature","geometry":{"type":"LineString","coordinates":[[8.36874,49.98747],[8.37184,49.98616]]},"properties":{}},{"type":"Feature","geometry":{"type":"LineString","coordinates":[[8.37093,49.98494],[8.36889,49.98619]]},"properties":{}},{"type":"Feature","geometry":{"type":"LineString","coordinates":[[8.37066,49.9851],[8.36893,49.98622]]},"properties":{}},{"type":"Feature","geometry":{"type":"LineString","coordinates":[[8.36948,49.98626],[8.36896,49.98655]]},"properties":{}},{"type":"Feature","geometry":{"type":"LineString","coordinates":[[8.37122,49.98479],[8.36899,49.98624]]},"properties":{}},{"type":"Feature","geometry":{"type":"LineString","coordinates":[[8.36905,49.98688],[8.37184,49.98453],[8.37687,49.98191]]},"properties":{}},{"type":"Feature","geometry":{"type":"LineString","coordinates":[[8.36923,49.98715],[8.37312,49.98537],[8.37649,49.98334]]},"properties":{}},{"type":"Feature","geometry":{"type":"LineString","coordinates":[[8.36937,49.98706],[8.37305,49.98531],[8.37565,49.98387],[8.37677,49.98297]]},"properties":{}},{"type":"Feature","geometry":{"type":"LineString","coordinates":[[8.36939,49.98688],[8.37685,49.98263]]},"properties":{}},{"type":"Feature","geometry":{"type":"LineString","coordinates":[[8.36939,49.98688],[8.37292,49.98521],[8.37626,49.98327]]},"properties":{}},{"type":"Feature","geometry":{"type":"LineString","coordinates":[[8.36944,49.98692],[8.37214,49.98457],[8.37605,49.98241],[8.37894,49.98129]]},"properties":{}},{"type":"Feature","geometry":{"type":"LineString","coordinates":[[8.36958,49.986],[8.37214,49.98427]]},"properties":{}},{"type":"Feature","geometry":{"type":"LineString","coordinates":[[8.36961,49.98699],[8.37316,49.9854],[8.37643,49.98346]]},"properties":{}},{"type":"Feature","geometry":{"type":"LineString","coordinates":[[8.36963,49.98603],[8.37056,49.98539]]},"properties":{}},{"type":"Feature","geometry":{"type":"LineString","coordinates":[[8.36974,49.98681],[8.37584,49.98363]]},"properties":{}},{"type":"Feature","geometry":{"type":"LineString","coordinates":[[8.36976,49.98686],[8.37309,49.98534],[8.37584,49.9838],[8.37683,49.98298]]},"properties":{}},{"type":"Feature","geometry":{"type":"LineString","coordinates":[[8.37004,49.98664],[8.37301,49.98528],[8.37658,49.98306]]},"properties":{}},{"type":"Feature","geometry":{"type":"LineString","coordinates":[[8.37029,49.98626],[8.37242,49.9848],[8.37804,49.98192]]},"properties":{}},{"type":"Feature","geometry":{"type":"LineString","coordinates":[[8.37041,49.98633],[8.37116,49.98604]]},"properties":{}},{"type":"Feature","geometry":{"type":"LineString","coordinates":[[8.37215,49.98422],[8.37051,49.98512]]},"properties":{}},{"type":"Feature","geometry":{"type":"LineString","coordinates":[[8.3706,49.98615],[8.37687,49.98268]]},"properties":{}},{"type":"Feature","geometry":{"type":"LineString","coordinates":[[8.3706,49.98592],[8.37207,49.98469],[8.37577,49.98263],[8.37852,49.98154]]},"properties":{}},{"type":"Feature","geometry":{"type":"LineString","coordinates":[[8.37061,49.98604],[8.3763,49.98288]]},"properties":{}},{"type":"Feature","geometry":{"type":"LineString","coordinates":[[8.37073,49.98588],[8.37223,49.98464],[8.37765,49.98184]]},"properties":{}},{"type":"Feature","geometry":{"type":"LineString","coordinates":[[8.3709,49.98561],[8.37208,49.98453],[8.37601,49.98239],[8.37807,49.9816]]},"properties":{}},{"type":"Feature","geometry":{"type":"LineString","coordinates":[[8.37103,49.98567],[8.37226,49.98468],[8.37801,49.98173]]},"properties":{}},{"type":"Feature","geometry":{"type":"LineString","coordinates":[[8.37117,49.98565],[8.37634,49.98282]]},"properties":{}},{"type":"Feature","geometry":{"type":"LineString","coordinates":[[8.37131,49.98581],[8.37614,49.98329]]},"properties":{}},{"type":"Feature","geometry":{"type":"LineString","coordinates":[[8.37144,49.98538],[8.37571,49.98284],[8.37942,49.98115],[8.38933,49.97568]]},"properties":{}},{"type":"Feature","geometry":{"type":"LineString","coordinates":[[8.3715,49.98633],[8.37184,49.98616]]},"properties":{}},{"type":"Feature","geometry":{"type":"LineString","coordinates":[[8.37161,49.98536],[8.37577,49.98306]]},"properties":{}},{"type":"Feature","geometry":{"type":"LineString","coordinates":[[8.37169,49.98566],[8.37624,49.98314]]},"properties":{}},{"type":"Feature","geometry":{"type":"LineString","coordinates":[[8.37173,49.98517],[8.37599,49.98273],[8.37802,49.98183]]},"properties":{}},{"type":"Feature","geometry":{"type":"LineString","coordinates":[[8.37184,49.98616],[8.37188,49.98614]]},"properties":{}},{"type":"Feature","geometry":{"type":"LineString","coordinates":[[8.37184,49.98453],[8.37264,49.984]]},"properties":{}},{"type":"Feature","geometry":{"type":"LineString","coordinates":[[8.37188,49.98614],[8.37276,49.98572]]},"properties":{}},{"type":"Feature","geometry":{"type":"LineString","coordinates":[[8.37188,49.98614],[8.37368,49.98553]]},"properties":{}},{"type":"Feature","geometry":{"type":"LineString","coordinates":[[8.37197,49.98553],[8.37625,49.98319]]},"properties":{}},{"type":"Feature","geometry":{"type":"LineString","coordinates":[[8.37202,49.98513],[8.37771,49.98213]]},"properties":{}},{"type":"Feature","geometry":{"type":"LineString","coordinates":[[8.37202,49.98554],[8.37578,49.9835]]},"properties":{}},{"type":"Feature","geometry":{"type":"LineString","coordinates":[[8.37269,50.07222],[8.37791,50.06802],[8.38644,50.0602],[8.39262,50.0556],[8.40989,50.04516],[8.41479,50.04281],[8.41826,50.04143],[8.4253,50.03923],[8.45253,50.0322],[8.47803,50.02707],[8.48312,50.02667],[8.48797,50.0269],[8.49236,50.02767],[8.49765,50.02924]]},"properties":{}},{"type":"Feature","geometry":{"type":"LineString","coordinates":[[8.5005,50.03017],[8.49304,50.02788],[8.48897,50.02706],[8.48383,50.0267],[8.47835,50.02707],[8.45255,50.03224],[8.42087,50.04058],[8.41482,50.04284],[8.40993,50.0452],[8.39325,50.05524],[8.38649,50.06023],[8.37795,50.06805],[8.37276,50.07224]]},"properties":{}},{"type":"Feature","geometry":{"type":"LineString","coordinates":[[8.37276,49.98572],[8.37597,49.98394],[8.3784,49.98201],[8.38937,49.97566]]},"properties":{}},{"type":"Feature","geometry":{"type":"LineString","coordinates":[[8.38158,49.98703],[8.37597,49.99046],[8.37457,49.9916]]},"properties":{}},{"type":"Feature","geometry":{"type":"LineString","coordinates":[[8.37497,49.98515],[8.37868,49.98433],[8.38187,49.98412],[8.38504,49.98438],[8.38868,49.98519]]},"properties":{}},{"type":"Feature","geometry":{"type":"LineString","coordinates":[[8.37497,49.98515],[8.3787,49.98442]]},"properties":{}},{"type":"Feature","geometry":{"type":"LineString","coordinates":[[8.38072,49.98747],[8.37532,49.99108]]},"properties":{}},{"type":"Feature","geometry":{"type":"LineString","coordinates":[[8.37807,49.9816],[8.38213,49.9796]]},"properties":{}},{"type":"Feature","geometry":{"type":"LineString","coordinates":[[8.37916,49.98128],[8.37807,49.9816]]},"properties":{}},{"type":"Feature","geometry":{"type":"LineString","coordinates":[[8.37875,49.98142],[8.37815,49.98163]]},"properties":{}},{"type":"Feature","geometry":{"type":"LineString","coordinates":[[8.3815,49.98727],[8.37861,49.98937]]},"properties":{}},{"type":"Feature","geometry":{"type":"LineString","coordinates":[[8.39098,49.98583],[8.38407,49.98431],[8.38172,49.9842],[8.3787,49.98442]]},"properties":{}},{"type":"Feature","geometry":{"type":"LineString","coordinates":[[8.38116,49.98725],[8.37913,49.98856]]},"properties":{}},{"type":"Feature","geometry":{"type":"LineString","coordinates":[[8.39325,49.98651],[8.38761,49.98513],[8.38575,49.98525],[8.38386,49.98578],[8.37919,49.98859]]},"properties":{}},{"type":"Feature","geometry":{"type":"LineString","coordinates":[[8.38657,49.98515],[8.38403,49.98575],[8.37923,49.98862]]},"properties":{}},{"type":"Feature","geometry":{"type":"LineString","coordinates":[[8.37928,49.98887],[8.37868,49.98941],[8.37861,49.99013],[8.37909,49.99074],[8.37995,49.99119]]},"properties":{}},{"type":"Feature","geometry":{"type":"LineString","coordinates":[[8.38161,49.98709],[8.37929,49.98865]]},"properties":{}},{"type":"Feature","geometry":{"type":"LineString","coordinates":[[8.38111,49.9876],[8.37952,49.9887]]},"properties":{}},{"type":"Feature","geometry":{"type":"LineString","coordinates":[[8.37975,49.98854],[8.38098,49.98845],[8.39313,49.99126]]},"properties":{}},{"type":"Feature","geometry":{"type":"LineString","coordinates":[[8.37982,49.9812],[8.38213,49.9796]]},"properties":{}},{"type":"Feature","geometry":{"type":"LineString","coordinates":[[8.38076,49.98036],[8.38007,49.9808]]},"properties":{}},{"type":"Feature","geometry":{"type":"LineString","coordinates":[[8.38037,49.98083],[8.38732,49.97699]]},"properties":{}},{"type":"Feature","geometry":{"type":"LineString","coordinates":[[8.3808,49.98053],[8.38846,49.97626]]},"properties":{}},{"type":"Feature","geometry":{"type":"LineString","coordinates":[[8.3889,49.97596],[8.38123,49.98023]]},"properties":{}},{"type":"Feature","geometry":{"type":"LineString","coordinates":[[8.3839,49.98589],[8.38178,49.98703],[8.37928,49.98887],[8.37864,49.98963],[8.37874,49.99028],[8.37914,49.9907],[8.38141,49.99158]]},"properties":{}},{"type":"Feature","geometry":{"type":"LineString","coordinates":[[8.38213,49.9796],[8.39204,49.97412]]},"properties":{}},{"type":"Feature","geometry":{"type":"LineString","coordinates":[[8.38213,49.9796],[8.39204,49.97412]]},"properties":{}},{"type":"Feature","geometry":{"type":"LineString","coordinates":[[8.38286,49.98642],[8.38254,49.98655]]},"properties":{}},{"type":"Feature","geometry":{"type":"LineString","coordinates":[[8.38332,49.97883],[8.39238,49.97393]]},"properties":{}},{"type":"Feature","geometry":{"type":"LineString","coordinates":[[8.38339,49.97875],[8.39204,49.97408]]},"properties":{}},{"type":"Feature","geometry":{"type":"LineString","coordinates":[[8.38537,49.98537],[8.3839,49.98589]]},"properties":{}},{"type":"Feature","geometry":{"type":"LineString","coordinates":[[8.39303,49.98659],[8.38762,49.98529],[8.3839,49.98589]]},"properties":{}},{"type":"Feature","geometry":{"type":"LineString","coordinates":[[8.39952,49.98842],[8.39313,49.98662],[8.38764,49.98551],[8.38435,49.98575]]},"properties":{}},{"type":"Feature","geometry":{"type":"LineString","coordinates":[[8.39317,49.98656],[8.38761,49.98523],[8.38469,49.98558]]},"properties":{}},{"type":"Feature","geometry":{"type":"LineString","coordinates":[[8.39192,49.98636],[8.38761,49.98533],[8.38476,49.98568]]},"properties":{}},{"type":"Feature","geometry":{"type":"LineString","coordinates":[[8.38477,49.98932],[8.38616,49.98965]]},"properties":{}},{"type":"Feature","geometry":{"type":"LineString","coordinates":[[8.39406,49.98671],[8.38761,49.98518],[8.38502,49.98548]]},"properties":{}},{"type":"Feature","geometry":{"type":"LineString","coordinates":[[8.39159,49.98631],[8.3876,49.98538],[8.38516,49.98565]]},"properties":{}},{"type":"Feature","geometry":{"type":"LineString","coordinates":[[8.39212,49.98639],[8.38763,49.98547],[8.38544,49.98564]]},"properties":{}},{"type":"Feature","geometry":{"type":"LineString","coordinates":[[8.39126,49.98626],[8.38761,49.98542],[8.38629,49.98549]]},"properties":{}},{"type":"Feature","geometry":{"type":"LineString","coordinates":[[8.4064,49.98987],[8.38639,49.98473]]},"properties":{}},{"type":"Feature","geometry":{"type":"LineString","coordinates":[[8.38667,49.98976],[8.38714,49.99036],[8.38658,49.99112]]},"properties":{}},{"type":"Feature","geometry":{"type":"LineString","coordinates":[[8.38777,49.98601],[8.39069,49.98622]]},"properties":{}},{"type":"Feature","geometry":{"type":"LineString","coordinates":[[8.38835,49.99583],[8.39593,49.99573]]},"properties":{}},{"type":"Feature","geometry":{"type":"LineString","coordinates":[[8.38868,49.98519],[8.39198,49.98598]]},"properties":{}},{"type":"Feature","geometry":{"type":"LineString","coordinates":[[8.38868,49.98519],[8.38988,49.98555]]},"properties":{}},{"type":"Feature","geometry":{"type":"LineString","coordinates":[[8.3906,49.97497],[8.38937,49.97566]]},"properties":{}},{"type":"Feature","geometry":{"type":"LineString","coordinates":[[8.38937,49.97566],[8.39049,49.9751]]},"properties":{}},{"type":"Feature","geometry":{"type":"LineString","coordinates":[[8.38964,49.9958],[8.39417,49.99563],[8.3948,49.99531],[8.39497,49.99474]]},"properties":{}},{"type":"Feature","geometry":{"type":"LineString","coordinates":[[8.38998,49.99576],[8.38974,49.99574]]},"properties":{}},{"type":"Feature","geometry":{"type":"LineString","coordinates":[[8.39124,49.99579],[8.39068,49.99575]]},"properties":{}},{"type":"Feature","geometry":{"type":"LineString","coordinates":[[8.39079,49.97492],[8.39155,49.97451]]},"properties":{}},{"type":"Feature","geometry":{"type":"LineString","coordinates":[[8.39347,49.98628],[8.39098,49.98583]]},"properties":{}},{"type":"Feature","geometry":{"type":"LineString","coordinates":[[8.41054,49.99089],[8.39098,49.98583]]},"properties":{}},{"type":"Feature","geometry":{"type":"LineString","coordinates":[[8.39111,49.98642],[8.39268,49.98653]]},"properties":{}},{"type":"Feature","geometry":{"type":"LineString","coordinates":[[8.39219,49.98638],[8.3914,49.98613]]},"properties":{}},{"type":"Feature","geometry":{"type":"LineString","coordinates":[[8.39159,49.98598],[8.40419,49.98925]]},"properties":{}},{"type":"Feature","geometry":{"type":"LineString","coordinates":[[8.39198,49.98598],[8.39688,49.98686],[8.40443,49.98877],[8.41086,49.99091]]},"properties":{}},{"type":"Feature","geometry":{"type":"LineString","coordinates":[[8.39198,49.98598],[8.39347,49.98628]]},"properties":{}},{"type":"Feature","geometry":{"type":"LineString","coordinates":[[8.39204,49.97412],[8.39336,49.97339]]},"properties":{}},{"type":"Feature","geometry":{"type":"LineString","coordinates":[[8.39271,49.99576],[8.39218,49.99573]]},"properties":{}},{"type":"Feature","geometry":{"type":"LineString","coordinates":[[8.39227,49.98621],[8.39335,49.98649]]},"properties":{}},{"type":"Feature","geometry":{"type":"LineString","coordinates":[[8.39549,49.98721],[8.39475,49.98716],[8.39408,49.98744],[8.39252,49.98988]]},"properties":{}},{"type":"Feature","geometry":{"type":"LineString","coordinates":[[8.39292,49.98931],[8.39239,49.99028],[8.39255,49.99094],[8.39427,49.9917],[8.39502,49.99378],[8.39601,49.99428],[8.39719,49.99429]]},"properties":{}},{"type":"Feature","geometry":{"type":"LineString","coordinates":[[8.39384,49.98774],[8.39386,49.98707],[8.39313,49.98662]]},"properties":{}},{"type":"Feature","geometry":{"type":"LineString","coordinates":[[8.39361,49.97301],[8.39315,49.9735]]},"properties":{}},{"type":"Feature","geometry":{"type":"LineString","coordinates":[[8.39321,49.99575],[8.39439,49.99551],[8.39473,49.99501]]},"properties":{}},{"type":"Feature","geometry":{"type":"LineString","coordinates":[[8.39336,49.97339],[8.39445,49.97275]]},"properties":{}},{"type":"Feature","geometry":{"type":"LineString","coordinates":[[8.39336,49.97339],[8.39393,49.97312]]},"properties":{}},{"type":"Feature","geometry":{"type":"LineString","coordinates":[[8.39367,49.98632],[8.39347,49.98628]]},"properties":{}},{"type":"Feature","geometry":{"type":"LineString","coordinates":[[8.3935,49.98653],[8.40419,49.98925]]},"properties":{}},{"type":"Feature","geometry":{"type":"LineString","coordinates":[[8.39473,49.98651],[8.39367,49.98632]]},"properties":{}},{"type":"Feature","geometry":{"type":"LineString","coordinates":[[8.39367,49.98632],[8.40465,49.9891],[8.40849,49.99036]]},"properties":{}},{"type":"Feature","geometry":{"type":"LineString","coordinates":[[8.39393,49.97312],[8.47678,49.92721],[8.47966,49.926],[8.48239,49.92537]]},"properties":{}},{"type":"Feature","geometry":{"type":"LineString","coordinates":[[8.39402,49.98666],[8.39515,49.98699]]},"properties":{}},{"type":"Feature","geometry":{"type":"LineString","coordinates":[[8.39406,49.97305],[8.39498,49.97259]]},"properties":{}},{"type":"Feature","geometry":{"type":"LineString","coordinates":[[8.39414,50.13915],[8.3952,50.1392]]},"properties":{}},{"type":"Feature","geometry":{"type":"LineString","coordinates":[[8.39415,49.98674],[8.40155,49.98875]]},"properties":{}},{"type":"Feature","geometry":{"type":"LineString","coordinates":[[8.39423,49.98689],[8.39527,49.98745],[8.39514,49.98824]]},"properties":{}},{"type":"Feature","geometry":{"type":"LineString","coordinates":[[8.39425,49.98668],[8.39838,49.98767]]},"properties":{}},{"type":"Feature","geometry":{"type":"LineString","coordinates":[[8.39471,49.98693],[8.39955,49.98839]]},"properties":{}},{"type":"Feature","geometry":{"type":"LineString","coordinates":[[8.40943,49.99055],[8.40441,49.98881],[8.39473,49.98651]]},"properties":{}},{"type":"Feature","geometry":{"type":"LineString","coordinates":[[8.39473,49.98651],[8.40467,49.98906],[8.40943,49.99055]]},"properties":{}},{"type":"Feature","geometry":{"type":"LineString","coordinates":[[8.39503,49.99507],[8.39474,49.99334]]},"properties":{}},{"type":"Feature","geometry":{"type":"LineString","coordinates":[[8.40052,49.99565],[8.39565,49.99567],[8.39506,49.9952],[8.39479,49.9935]]},"properties":{}},{"type":"Feature","geometry":{"type":"LineString","coordinates":[[8.39484,49.98705],[8.3955,49.98734],[8.3958,49.98776],[8.39535,49.98874]]},"properties":{}},{"type":"Feature","geometry":{"type":"LineString","coordinates":[[8.39488,49.99392],[8.3951,49.99471]]},"properties":{}},{"type":"Feature","geometry":{"type":"LineString","coordinates":[[8.39524,49.98701],[8.39603,49.98717]]},"properties":{}},{"type":"Feature","geometry":{"type":"LineString","coordinates":[[8.39527,50.1392],[8.39606,50.13926]]},"properties":{}},{"type":"Feature","geometry":{"type":"LineString","coordinates":[[8.39529,49.98722],[8.39712,49.98794]]},"properties":{}},{"type":"Feature","geometry":{"type":"LineString","coordinates":[[8.39548,49.98729],[8.39657,49.98784],[8.3991,49.98849]]},"properties":{}},{"type":"Feature","geometry":{"type":"LineString","coordinates":[[8.3955,49.98734],[8.39604,49.98808]]},"properties":{}},{"type":"Feature","geometry":{"type":"LineString","coordinates":[[8.3956,49.9871],[8.40577,49.98974]]},"properties":{}},{"type":"Feature","geometry":{"type":"LineString","coordinates":[[8.39601,49.98738],[8.39874,49.98832]]},"properties":{}},{"type":"Feature","geometry":{"type":"LineString","coordinates":[[8.39609,49.98726],[8.40759,49.99021]]},"properties":{}},{"type":"Feature","geometry":{"type":"LineString","coordinates":[[8.39704,49.98737],[8.39614,49.9872]]},"properties":{}},{"type":"Feature","geometry":{"type":"LineString","coordinates":[[8.39653,49.98756],[8.39943,49.98845]]},"properties":{}},{"type":"Feature","geometry":{"type":"LineString","coordinates":[[8.39669,49.98756],[8.40089,49.98859]]},"properties":{}},{"type":"Feature","geometry":{"type":"LineString","coordinates":[[8.40025,49.99549],[8.39682,49.9957]]},"properties":{}},{"type":"Feature","geometry":{"type":"LineString","coordinates":[[8.39724,49.98775],[8.3996,49.98836]]},"properties":{}},{"type":"Feature","geometry":{"type":"LineString","coordinates":[[8.40086,49.98809],[8.40485,49.98902],[8.40844,49.99021]]},"properties":{}},{"type":"Feature","geometry":{"type":"LineString","coordinates":[[8.40819,49.99018],[8.40149,49.98821]]},"properties":{}},{"type":"Feature","geometry":{"type":"LineString","coordinates":[[8.40278,50.00192],[8.40448,50.0023],[8.40657,50.00232],[8.40894,50.00299],[8.4112,50.00438]]},"properties":{}},{"type":"Feature","geometry":{"type":"LineString","coordinates":[[8.4041,50.00225],[8.41027,50.00405]]},"properties":{}},{"type":"Feature","geometry":{"type":"LineString","coordinates":[[8.40419,49.98925],[8.40591,49.98974]]},"properties":{}},{"type":"Feature","geometry":{"type":"LineString","coordinates":[[8.41017,50.0039],[8.4066,50.00274],[8.40448,50.0023]]},"properties":{}},{"type":"Feature","geometry":{"type":"LineString","coordinates":[[8.40456,50.00236],[8.4112,50.00438]]},"properties":{}},{"type":"Feature","geometry":{"type":"LineString","coordinates":[[8.40492,50.00232],[8.40905,50.00328],[8.41085,50.00423]]},"properties":{}},{"type":"Feature","geometry":{"type":"LineString","coordinates":[[8.40494,49.98958],[8.4064,49.98987]]},"properties":{}},{"type":"Feature","geometry":{"type":"LineString","coordinates":[[8.40498,50.00242],[8.4092,50.00363],[8.41231,50.00496]]},"properties":{}},{"type":"Feature","geometry":{"type":"LineString","coordinates":[[8.41017,50.0038],[8.40878,50.00314],[8.40632,50.00244],[8.40519,50.00234]]},"properties":{}},{"type":"Feature","geometry":{"type":"LineString","coordinates":[[8.4105,50.00402],[8.40907,50.00317],[8.40656,50.00244],[8.40524,50.00231]]},"properties":{}},{"type":"Feature","geometry":{"type":"LineString","coordinates":[[8.41043,50.00402],[8.40881,50.00333],[8.40527,50.00242]]},"properties":{}},{"type":"Feature","geometry":{"type":"LineString","coordinates":[[8.40563,50.00229],[8.40902,50.00308],[8.4103,50.00384]]},"properties":{}},{"type":"Feature","geometry":{"type":"LineString","coordinates":[[8.41014,50.00385],[8.40906,50.00335],[8.40589,50.00251]]},"properties":{}},{"type":"Feature","geometry":{"type":"LineString","coordinates":[[8.4102,49.99084],[8.4064,49.98987]]},"properties":{}},{"type":"Feature","geometry":{"type":"LineString","coordinates":[[8.40871,49.99045],[8.40967,49.99067]]},"properties":{}},{"type":"Feature","geometry":{"type":"LineString","coordinates":[[8.40954,49.99058],[8.40943,49.99055]]},"properties":{}},{"type":"Feature","geometry":{"type":"LineString","coordinates":[[8.40954,49.99058],[8.41086,49.99091]]},"properties":{}},{"type":"Feature","geometry":{"type":"LineString","coordinates":[[8.41054,49.99089],[8.40954,49.99058]]},"properties":{}},{"type":"Feature","geometry":{"type":"LineString","coordinates":[[8.46704,50.01832],[8.46293,50.01497],[8.45801,50.01168],[8.43279,49.99756],[8.42826,49.99565],[8.42479,49.99453],[8.41054,49.99089]]},"properties":{}},{"type":"Feature","geometry":{"type":"LineString","coordinates":[[8.41071,49.99093],[8.41167,49.99113]]},"properties":{}},{"type":"Feature","geometry":{"type":"LineString","coordinates":[[8.41086,49.99091],[8.41167,49.99113]]},"properties":{}},{"type":"Feature","geometry":{"type":"LineString","coordinates":[[8.4112,50.00438],[8.41254,50.00492]]},"properties":{}},{"type":"Feature","geometry":{"type":"LineString","coordinates":[[8.4113,50.00448],[8.41182,50.00466]]},"properties":{}},{"type":"Feature","geometry":{"type":"LineString","coordinates":[[8.41167,49.99113],[8.42071,49.99343]]},"properties":{}},{"type":"Feature","geometry":{"type":"LineString","coordinates":[[8.41167,49.99113],[8.42569,49.99477],[8.43283,49.99754],[8.4589,50.01216],[8.46354,50.01537],[8.46885,50.01981]]},"properties":{}},{"type":"Feature","geometry":{"type":"LineString","coordinates":[[8.41929,49.993],[8.41797,49.99269]]},"properties":{}},{"type":"Feature","geometry":{"type":"LineString","coordinates":[[8.41896,50.11723],[8.41961,50.11698]]},"properties":{}},{"type":"Feature","geometry":{"type":"LineString","coordinates":[[8.42085,49.99346],[8.42205,49.99381]]},"properties":{}},{"type":"Feature","geometry":{"type":"LineString","coordinates":[[8.42608,50.01291],[8.42656,50.01337]]},"properties":{}},{"type":"Feature","geometry":{"type":"LineString","coordinates":[[8.42707,50.11077],[8.42663,50.11128]]},"properties":{}},{"type":"Feature","geometry":{"type":"LineString","coordinates":[[8.43505,50.02072],[8.4274,50.0141]]},"properties":{}},{"type":"Feature","geometry":{"type":"LineString","coordinates":[[8.48389,50.06301],[8.43505,50.02072]]},"properties":{}},{"type":"Feature","geometry":{"type":"LineString","coordinates":[[8.43538,50.02101],[8.43598,50.02146]]},"properties":{}},{"type":"Feature","geometry":{"type":"LineString","coordinates":[[8.43834,49.94851],[8.43718,49.94921]]},"properties":{}},{"type":"Feature","geometry":{"type":"LineString","coordinates":[[8.43724,49.94909],[8.44848,49.94284]]},"properties":{}},{"type":"Feature","geometry":{"type":"LineString","coordinates":[[8.45275,50.08167],[8.44014,50.08557]]},"properties":{}},{"type":"Feature","geometry":{"type":"LineString","coordinates":[[8.44014,50.08557],[8.44159,50.08518]]},"properties":{}},{"type":"Feature","geometry":{"type":"LineString","coordinates":[[8.45162,50.08207],[8.44159,50.08518]]},"properties":{}},{"type":"Feature","geometry":{"type":"LineString","coordinates":[[8.44171,50.08514],[8.45162,50.08207]]},"properties":{}},{"type":"Feature","geometry":{"type":"LineString","coordinates":[[8.44317,50.14563],[8.44468,50.14718],[8.4461,50.14804]]},"properties":{}},{"type":"Feature","geometry":{"type":"LineString","coordinates":[[8.44317,50.14563],[8.44463,50.1472],[8.4461,50.14804]]},"properties":{}},{"type":"Feature","geometry":{"type":"LineString","coordinates":[[8.44757,50.1382],[8.44744,50.1398],[8.44696,50.14079],[8.446,50.14154],[8.44367,50.14251],[8.44272,50.14335],[8.44249,50.14452],[8.44317,50.14563]]},"properties":{}},{"type":"Feature","geometry":{"type":"LineString","coordinates":[[8.4461,50.14804],[8.44747,50.14886],[8.44799,50.14956],[8.44812,50.15037],[8.44777,50.1521],[8.44913,50.15392],[8.4493,50.15494],[8.44886,50.1558],[8.44584,50.15834],[8.44471,50.15971],[8.4445,50.16043],[8.44471,50.16224],[8.44372,50.16413],[8.44364,50.16496],[8.44482,50.16931],[8.44535,50.17018],[8.44676,50.17097],[8.45044,50.17167],[8.45391,50.17401],[8.45435,50.17464],[8.45461,50.17621],[8.45446,50.17685],[8.45396,50.17752],[8.4515,50.17939],[8.45114,50.18028],[8.45145,50.1812],[8.45297,50.18204],[8.45483,50.18207],[8.46086,50.17928],[8.46268,50.17899],[8.46542,50.17913],[8.46727,50.17874],[8.46857,50.17808],[8.46983,50.17707]]},"properties":{}},{"type":"Feature","geometry":{"type":"LineString","coordinates":[[8.44659,50.00524],[8.44754,50.00572]]},"properties":{}},{"type":"Feature","geometry":{"type":"LineString","coordinates":[[8.44856,49.94289],[8.44734,49.94352]]},"properties":{}},{"type":"Feature","geometry":{"type":"LineString","coordinates":[[8.44762,50.13733],[8.4475,50.13825]]},"properties":{}},{"type":"Feature","geometry":{"type":"LineString","coordinates":[[8.44899,50.13552],[8.44782,50.1368],[8.44757,50.1382]]},"properties":{}},{"type":"Feature","geometry":{"type":"LineString","coordinates":[[8.44757,50.1382],[8.44795,50.13688],[8.44899,50.13552]]},"properties":{}},{"type":"Feature","geometry":{"type":"LineString","coordinates":[[8.44778,50.00585],[8.45645,50.01074]]},"properties":{}},{"type":"Feature","geometry":{"type":"LineString","coordinates":[[8.44864,50.13592],[8.448,50.13688]]},"properties":{}},{"type":"Feature","geometry":{"type":"LineString","coordinates":[[8.48402,50.11939],[8.48051,50.1205],[8.46967,50.12155],[8.4675,50.12216],[8.45859,50.12642],[8.45657,50.12802],[8.45459,50.13052],[8.44899,50.13552]]},"properties":{}},{"type":"Feature","geometry":{"type":"LineString","coordinates":[[8.51587,50.09267],[8.46383,50.07937],[8.4618,50.07926],[8.46002,50.0795],[8.45162,50.08207]]},"properties":{}},{"type":"Feature","geometry":{"type":"LineString","coordinates":[[8.45275,50.08167],[8.45178,50.08202]]},"properties":{}},{"type":"Feature","geometry":{"type":"LineString","coordinates":[[8.51501,50.09241],[8.46383,50.07933],[8.46179,50.07923],[8.46,50.07947],[8.45275,50.08167]]},"properties":{}},{"type":"Feature","geometry":{"type":"LineString","coordinates":[[8.45744,50.01135],[8.45655,50.0108]]},"properties":{}},{"type":"Feature","geometry":{"type":"LineString","coordinates":[[8.46369,50.02987],[8.46522,50.0296]]},"properties":{}},{"type":"Feature","geometry":{"type":"LineString","coordinates":[[8.46767,50.17859],[8.46648,50.17904]]},"properties":{}},{"type":"Feature","geometry":{"type":"LineString","coordinates":[[8.46704,50.01832],[8.46885,50.01981]]},"properties":{}},{"type":"Feature","geometry":{"type":"LineString","coordinates":[[8.48569,50.03419],[8.46704,50.01832]]},"properties":{}},{"type":"Feature","geometry":{"type":"LineString","coordinates":[[8.46924,50.17741],[8.46762,50.17835]]},"properties":{}},{"type":"Feature","geometry":{"type":"LineString","coordinates":[[8.4685,50.17791],[8.46767,50.17839]]},"properties":{}},{"type":"Feature","geometry":{"type":"LineString","coordinates":[[8.46789,50.17848],[8.46831,50.17818]]},"properties":{}},{"type":"Feature","geometry":{"type":"LineString","coordinates":[[8.46831,50.17818],[8.47029,50.17642]]},"properties":{}},{"type":"Feature","geometry":{"type":"LineString","coordinates":[[8.46831,50.17818],[8.46983,50.17707]]},"properties":{}},{"type":"Feature","geometry":{"type":"LineString","coordinates":[[8.46885,50.01981],[8.46903,50.01996]]},"properties":{}},{"type":"Feature","geometry":{"type":"LineString","coordinates":[[8.49765,50.02924],[8.49067,50.02725],[8.48723,50.02677],[8.48011,50.02628],[8.47766,50.02568],[8.47408,50.02399],[8.46903,50.01996]]},"properties":{}},{"type":"Feature","geometry":{"type":"LineString","coordinates":[[8.46903,50.01996],[8.48691,50.03516]]},"properties":{}},{"type":"Feature","geometry":{"type":"LineString","coordinates":[[8.4692,50.17737],[8.47023,50.17639]]},"properties":{}},{"type":"Feature","geometry":{"type":"LineString","coordinates":[[8.46924,50.17741],[8.47034,50.17645]]},"properties":{}},{"type":"Feature","geometry":{"type":"LineString","coordinates":[[8.46924,50.17741],[8.4704,50.17648]]},"properties":{}},{"type":"Feature","geometry":{"type":"LineString","coordinates":[[8.46983,50.17707],[8.47055,50.17648]]},"properties":{}},{"type":"Feature","geometry":{"type":"LineString","coordinates":[[8.47027,50.08097],[8.47144,50.08122]]},"properties":{}},{"type":"Feature","geometry":{"type":"LineString","coordinates":[[8.47272,49.78705],[8.47194,49.78535]]},"properties":{}},{"type":"Feature","geometry":{"type":"LineString","coordinates":[[8.48569,50.03419],[8.47976,50.02929],[8.47834,50.02845],[8.47552,50.02785],[8.47206,50.02825]]},"properties":{}},{"type":"Feature","geometry":{"type":"LineString","coordinates":[[8.47213,49.79065],[8.47395,49.78203]]},"properties":{}},{"type":"Feature","geometry":{"type":"LineString","coordinates":[[8.47262,49.78812],[8.47376,49.78221]]},"properties":{}},{"type":"Feature","geometry":{"type":"LineString","coordinates":[[8.47269,49.78731],[8.47319,49.78448]]},"properties":{}},{"type":"Feature","geometry":{"type":"LineString","coordinates":[[8.47452,49.77994],[8.47287,49.78779]]},"properties":{}},{"type":"Feature","geometry":{"type":"LineString","coordinates":[[8.47375,49.78272],[8.47382,49.78231]]},"properties":{}},{"type":"Feature","geometry":{"type":"LineString","coordinates":[[8.47477,49.77982],[8.47427,49.78143]]},"properties":{}},{"type":"Feature","geometry":{"type":"LineString","coordinates":[[8.47477,49.77982],[8.47549,49.77805],[8.47688,49.77582],[8.47767,49.77529],[8.47893,49.77504],[8.48463,49.77565],[8.48751,49.77622],[8.49664,49.77885],[8.49726,49.77923],[8.49758,49.77982]]},"properties":{}},{"type":"Feature","geometry":{"type":"LineString","coordinates":[[8.47477,49.77982],[8.47542,49.77902],[8.47671,49.77858],[8.48077,49.77901]]},"properties":{}},{"type":"Feature","geometry":{"type":"LineString","coordinates":[[8.47613,49.77729],[8.47556,49.77792]]},"properties":{}},{"type":"Feature","geometry":{"type":"LineString","coordinates":[[8.48256,49.82378],[8.47585,49.8144]]},"properties":{}},{"type":"Feature","geometry":{"type":"LineString","coordinates":[[8.48076,49.77896],[8.47712,49.77857]]},"properties":{}},{"type":"Feature","geometry":{"type":"LineString","coordinates":[[8.47989,49.75625],[8.47818,49.75246]]},"properties":{}},{"type":"Feature","geometry":{"type":"LineString","coordinates":[[8.47974,49.75577],[8.47824,49.75245]]},"properties":{}},{"type":"Feature","geometry":{"type":"LineString","coordinates":[[8.47846,49.75308],[8.47836,49.7527]]},"properties":{}},{"type":"Feature","geometry":{"type":"LineString","coordinates":[[8.48384,49.75867],[8.48059,49.75704],[8.47974,49.75577]]},"properties":{}},{"type":"Feature","geometry":{"type":"LineString","coordinates":[[8.48202,49.75777],[8.48038,49.75695],[8.47974,49.75577]]},"properties":{}},{"type":"Feature","geometry":{"type":"LineString","coordinates":[[8.47985,49.756],[8.48217,49.75761]]},"properties":{}},{"type":"Feature","geometry":{"type":"LineString","coordinates":[[8.48066,50.0485],[8.4808,50.04842]]},"properties":{}},{"type":"Feature","geometry":{"type":"LineString","coordinates":[[8.48084,49.75668],[8.48217,49.75761]]},"properties":{}},{"type":"Feature","geometry":{"type":"LineString","coordinates":[[8.48464,49.76539],[8.48331,49.76628],[8.48124,49.76628]]},"properties":{}},{"type":"Feature","geometry":{"type":"LineString","coordinates":[[8.48333,49.76655],[8.4824,49.76674],[8.48157,49.76661]]},"properties":{}},{"type":"Feature","geometry":{"type":"LineString","coordinates":[[8.48179,49.8225],[8.48486,49.82683]]},"properties":{}},{"type":"Feature","geometry":{"type":"LineString","coordinates":[[8.4824,49.82344],[8.48179,49.8225]]},"properties":{}},{"type":"Feature","geometry":{"type":"LineString","coordinates":[[8.48954,49.75608],[8.48841,49.75994],[8.4874,49.76196],[8.47666,49.77586],[8.47504,49.77854],[8.47416,49.7813],[8.46995,49.80157],[8.47014,49.80478],[8.47116,49.80743],[8.48179,49.8225]]},"properties":{}},{"type":"Feature","geometry":{"type":"LineString","coordinates":[[8.48188,50.08391],[8.48304,50.08427]]},"properties":{}},{"type":"Feature","geometry":{"type":"LineString","coordinates":[[8.48383,49.76628],[8.48216,49.76781]]},"properties":{}},{"type":"Feature","geometry":{"type":"LineString","coordinates":[[8.48217,49.75761],[8.48271,49.75806]]},"properties":{}},{"type":"Feature","geometry":{"type":"LineString","coordinates":[[8.48333,49.76655],[8.48219,49.7673]]},"properties":{}},{"type":"Feature","geometry":{"type":"LineString","coordinates":[[8.48239,49.92537],[8.48854,49.92437]]},"properties":{}},{"type":"Feature","geometry":{"type":"LineString","coordinates":[[8.48239,49.92537],[8.48316,49.9253]]},"properties":{}},{"type":"Feature","geometry":{"type":"LineString","coordinates":[[8.48253,49.82362],[8.4824,49.82344]]},"properties":{}},{"type":"Feature","geometry":{"type":"LineString","coordinates":[[8.4824,49.82344],[8.4712,49.80763],[8.47013,49.80505],[8.46983,49.80208],[8.47395,49.78203],[8.47496,49.77854],[8.47659,49.77586],[8.48739,49.76186],[8.48848,49.75954],[8.48925,49.75685]]},"properties":{}},{"type":"Feature","geometry":{"type":"LineString","coordinates":[[8.48654,49.82929],[8.48253,49.82362]]},"properties":{}},{"type":"Feature","geometry":{"type":"LineString","coordinates":[[8.48293,49.82429],[8.48253,49.82362]]},"properties":{}},{"type":"Feature","geometry":{"type":"LineString","coordinates":[[8.48293,49.82429],[8.48256,49.82378]]},"properties":{}},{"type":"Feature","geometry":{"type":"LineString","coordinates":[[8.48256,49.82378],[8.48314,49.82486]]},"properties":{}},{"type":"Feature","geometry":{"type":"LineString","coordinates":[[8.48265,49.76782],[8.48354,49.76678]]},"properties":{}},{"type":"Feature","geometry":{"type":"LineString","coordinates":[[8.48468,50.06376],[8.48271,50.06204]]},"properties":{}},{"type":"Feature","geometry":{"type":"LineString","coordinates":[[8.48464,49.76539],[8.48272,49.76784]]},"properties":{}},{"type":"Feature","geometry":{"type":"LineString","coordinates":[[8.48377,49.76699],[8.48274,49.76842]]},"properties":{}},{"type":"Feature","geometry":{"type":"LineString","coordinates":[[8.48349,49.77004],[8.48283,49.76949]]},"properties":{}},{"type":"Feature","geometry":{"type":"LineString","coordinates":[[8.48388,49.77045],[8.48283,49.76949]]},"properties":{}},{"type":"Feature","geometry":{"type":"LineString","coordinates":[[8.48283,49.76949],[8.48259,49.76861],[8.48377,49.76699]]},"properties":{}},{"type":"Feature","geometry":{"type":"LineString","coordinates":[[8.48384,49.75867],[8.48309,49.75799],[8.48288,49.75686]]},"properties":{}},{"type":"Feature","geometry":{"type":"LineString","coordinates":[[8.4829,49.77545],[8.48464,49.77586],[8.48539,49.77649],[8.48543,49.77725],[8.48495,49.77838]]},"properties":{}},{"type":"Feature","geometry":{"type":"LineString","coordinates":[[8.483,49.8244],[8.48293,49.82429]]},"properties":{}},{"type":"Feature","geometry":{"type":"LineString","coordinates":[[8.48297,50.34895],[8.48045,50.35044],[8.479,50.35111],[8.47988,50.35067],[8.48297,50.34895]]},"properties":{}},{"type":"Feature","geometry":{"type":"LineString","coordinates":[[8.48297,50.34895],[8.48626,50.34708],[8.48879,50.34622],[8.4899,50.34506],[8.48997,50.34423],[8.48956,50.34345],[8.48748,50.34204],[8.48682,50.34081],[8.48766,50.33712],[8.48924,50.33593],[8.49063,50.33562],[8.49611,50.33564],[8.49919,50.33643],[8.50078,50.3365],[8.50178,50.33628],[8.50286,50.33572],[8.5041,50.33408],[8.50504,50.33338],[8.50691,50.33292],[8.50845,50.3331],[8.51395,50.33489],[8.51713,50.33504],[8.5197,50.33443],[8.52273,50.33267]]},"properties":{}},{"type":"Feature","geometry":{"type":"LineString","coordinates":[[8.48354,49.82518],[8.483,49.8244]]},"properties":{}},{"type":"Feature","geometry":{"type":"LineString","coordinates":[[8.48376,49.82591],[8.483,49.8244]]},"properties":{}},{"type":"Feature","geometry":{"type":"LineString","coordinates":[[8.48305,49.92532],[8.48332,49.92528]]},"properties":{}},{"type":"Feature","geometry":{"type":"LineString","coordinates":[[8.48311,50.06226],[8.51717,50.09172],[8.51971,50.0943],[8.52429,50.09675]]},"properties":{}},{"type":"Feature","geometry":{"type":"LineString","coordinates":[[8.48311,50.06226],[8.48379,50.06291]]},"properties":{}},{"type":"Feature","geometry":{"type":"LineString","coordinates":[[8.48314,49.82486],[8.48332,49.82521]]},"properties":{}},{"type":"Feature","geometry":{"type":"LineString","coordinates":[[8.48314,49.82486],[8.48331,49.8255]]},"properties":{}},{"type":"Feature","geometry":{"type":"LineString","coordinates":[[8.48848,49.92443],[8.48316,49.9253]]},"properties":{}},{"type":"Feature","geometry":{"type":"LineString","coordinates":[[8.48316,49.9253],[8.48423,49.9252]]},"properties":{}},{"type":"Feature","geometry":{"type":"LineString","coordinates":[[8.48331,49.8255],[8.48375,49.82698],[8.48461,49.82821]]},"properties":{}},{"type":"Feature","geometry":{"type":"LineString","coordinates":[[8.48331,49.8255],[8.48354,49.82686],[8.48448,49.82823]]},"properties":{}},{"type":"Feature","geometry":{"type":"LineString","coordinates":[[8.48877,49.83316],[8.48497,49.828],[8.48332,49.82521]]},"properties":{}},{"type":"Feature","geometry":{"type":"LineString","coordinates":[[8.48332,49.82521],[8.484,49.82669],[8.48808,49.83237]]},"properties":{}},{"type":"Feature","geometry":{"type":"LineString","coordinates":[[8.48383,49.76628],[8.48333,49.76655]]},"properties":{}},{"type":"Feature","geometry":{"type":"LineString","coordinates":[[8.4839,49.82567],[8.48354,49.82518]]},"properties":{}},{"type":"Feature","geometry":{"type":"LineString","coordinates":[[8.48354,49.82518],[8.48369,49.82542]]},"properties":{}},{"type":"Feature","geometry":{"type":"LineString","coordinates":[[8.48404,49.76614],[8.48361,49.76656]]},"properties":{}},{"type":"Feature","geometry":{"type":"LineString","coordinates":[[8.48369,49.82542],[8.48524,49.82786]]},"properties":{}},{"type":"Feature","geometry":{"type":"LineString","coordinates":[[8.48369,49.82542],[8.48483,49.82738]]},"properties":{}},{"type":"Feature","geometry":{"type":"LineString","coordinates":[[8.48903,49.83342],[8.48376,49.82591]]},"properties":{}},{"type":"Feature","geometry":{"type":"LineString","coordinates":[[8.48877,49.83316],[8.48376,49.82591]]},"properties":{}},{"type":"Feature","geometry":{"type":"LineString","coordinates":[[8.48377,49.76699],[8.48775,49.76161],[8.48885,49.75876]]},"properties":{}},{"type":"Feature","geometry":{"type":"LineString","coordinates":[[8.48431,49.76579],[8.48383,49.76628]]},"properties":{}},{"type":"Feature","geometry":{"type":"LineString","coordinates":[[8.489,49.75752],[8.48828,49.75842],[8.48692,49.75902],[8.48506,49.75908],[8.48384,49.75867]]},"properties":{}},{"type":"Feature","geometry":{"type":"LineString","coordinates":[[8.49062,50.06881],[8.48389,50.06301]]},"properties":{}},{"type":"Feature","geometry":{"type":"LineString","coordinates":[[8.48468,50.06376],[8.48389,50.06301]]},"properties":{}},{"type":"Feature","geometry":{"type":"LineString","coordinates":[[8.48615,49.82883],[8.4839,49.82567]]},"properties":{}},{"type":"Feature","geometry":{"type":"LineString","coordinates":[[8.4839,49.82567],[8.4857,49.82835]]},"properties":{}},{"type":"Feature","geometry":{"type":"LineString","coordinates":[[8.48837,50.11789],[8.48402,50.11939]]},"properties":{}},{"type":"Feature","geometry":{"type":"LineString","coordinates":[[8.48837,50.11789],[8.48402,50.11939]]},"properties":{}},{"type":"Feature","geometry":{"type":"LineString","coordinates":[[8.48404,49.77567],[8.48479,49.77583]]},"properties":{}},{"type":"Feature","geometry":{"type":"LineString","coordinates":[[8.48423,49.9252],[8.48688,49.92479]]},"properties":{}},{"type":"Feature","geometry":{"type":"LineString","coordinates":[[8.48423,49.9252],[8.48826,49.92461]]},"properties":{}},{"type":"Feature","geometry":{"type":"LineString","coordinates":[[8.48826,49.75995],[8.48719,49.76207],[8.48464,49.76539]]},"properties":{}},{"type":"Feature","geometry":{"type":"LineString","coordinates":[[8.49062,50.06881],[8.48468,50.06376]]},"properties":{}},{"type":"Feature","geometry":{"type":"LineString","coordinates":[[8.48895,50.06754],[8.48472,50.06379]]},"properties":{}},{"type":"Feature","geometry":{"type":"LineString","coordinates":[[8.48483,49.82738],[8.48524,49.82786]]},"properties":{}},{"type":"Feature","geometry":{"type":"LineString","coordinates":[[8.48483,49.82738],[8.48518,49.82786]]},"properties":{}},{"type":"Feature","geometry":{"type":"LineString","coordinates":[[8.48486,49.82683],[8.48546,49.82755]]},"properties":{}},{"type":"Feature","geometry":{"type":"LineString","coordinates":[[8.48486,49.82683],[8.48723,49.83021]]},"properties":{}},{"type":"Feature","geometry":{"type":"LineString","coordinates":[[8.48489,49.77837],[8.48528,49.77756]]},"properties":{}},{"type":"Feature","geometry":{"type":"LineString","coordinates":[[8.48518,49.82786],[8.48714,49.83063]]},"properties":{}},{"type":"Feature","geometry":{"type":"LineString","coordinates":[[8.48518,49.82786],[8.48714,49.83063]]},"properties":{}},{"type":"Feature","geometry":{"type":"LineString","coordinates":[[8.48524,49.82786],[8.4857,49.82835]]},"properties":{}},{"type":"Feature","geometry":{"type":"LineString","coordinates":[[8.48524,49.82725],[8.48546,49.82755]]},"properties":{}},{"type":"Feature","geometry":{"type":"LineString","coordinates":[[8.48546,49.82755],[8.48639,49.82855],[8.49006,49.83403]]},"properties":{}},{"type":"Feature","geometry":{"type":"LineString","coordinates":[[8.52411,50.0595],[8.50026,50.04611],[8.49661,50.04345],[8.48569,50.03419]]},"properties":{}},{"type":"Feature","geometry":{"type":"LineString","coordinates":[[8.4857,49.82835],[8.48615,49.82883]]},"properties":{}},{"type":"Feature","geometry":{"type":"LineString","coordinates":[[8.4859,50.03436],[8.48691,50.03516]]},"properties":{}},{"type":"Feature","geometry":{"type":"LineString","coordinates":[[8.48615,49.82883],[8.48654,49.82929]]},"properties":{}},{"type":"Feature","geometry":{"type":"LineString","coordinates":[[8.48761,49.83119],[8.48615,49.82883]]},"properties":{}},{"type":"Feature","geometry":{"type":"LineString","coordinates":[[8.48666,49.82946],[8.48654,49.82929]]},"properties":{}},{"type":"Feature","geometry":{"type":"LineString","coordinates":[[8.48826,49.75995],[8.48655,49.76281]]},"properties":{}},{"type":"Feature","geometry":{"type":"LineString","coordinates":[[8.48686,49.76242],[8.48656,49.76289]]},"properties":{}},{"type":"Feature","geometry":{"type":"LineString","coordinates":[[8.48723,49.83021],[8.48666,49.82946]]},"properties":{}},{"type":"Feature","geometry":{"type":"LineString","coordinates":[[8.49053,49.83512],[8.48666,49.82946]]},"properties":{}},{"type":"Feature","geometry":{"type":"LineString","coordinates":[[8.48705,49.76218],[8.48673,49.76252]]},"properties":{}},{"type":"Feature","geometry":{"type":"LineString","coordinates":[[8.48688,49.92479],[8.48848,49.92443]]},"properties":{}},{"type":"Feature","geometry":{"type":"LineString","coordinates":[[8.48688,49.92479],[8.48736,49.92471]]},"properties":{}},{"type":"Feature","geometry":{"type":"LineString","coordinates":[[8.48691,50.03516],[8.49612,50.04299],[8.49918,50.04532],[8.50261,50.04753],[8.51348,50.05356]]},"properties":{}},{"type":"Feature","geometry":{"type":"LineString","coordinates":[[8.48714,49.83063],[8.48761,49.83119]]},"properties":{}},{"type":"Feature","geometry":{"type":"LineString","coordinates":[[8.48723,49.83021],[8.4874,49.83047]]},"properties":{}},{"type":"Feature","geometry":{"type":"LineString","coordinates":[[8.4873,49.76234],[8.4883,49.7607],[8.48885,49.75876]]},"properties":{}},{"type":"Feature","geometry":{"type":"LineString","coordinates":[[8.48736,49.92471],[8.49382,49.92365]]},"properties":{}},{"type":"Feature","geometry":{"type":"LineString","coordinates":[[8.48826,49.92461],[8.48736,49.92471]]},"properties":{}},{"type":"Feature","geometry":{"type":"LineString","coordinates":[[8.48788,49.83109],[8.4874,49.83047]]},"properties":{}},{"type":"Feature","geometry":{"type":"LineString","coordinates":[[8.4874,49.83047],[8.49086,49.8355]]},"properties":{}},{"type":"Feature","geometry":{"type":"LineString","coordinates":[[8.48745,49.92466],[8.49789,49.92293]]},"properties":{}},{"type":"Feature","geometry":{"type":"LineString","coordinates":[[8.48984,49.83429],[8.48761,49.83119]]},"properties":{}},{"type":"Feature","geometry":{"type":"LineString","coordinates":[[8.48763,49.83067],[8.48788,49.83109]]},"properties":{}},{"type":"Feature","geometry":{"type":"LineString","coordinates":[[8.48788,49.83109],[8.4904,49.83467]]},"properties":{}},{"type":"Feature","geometry":{"type":"LineString","coordinates":[[8.48825,49.83259],[8.48867,49.83315]]},"properties":{}},{"type":"Feature","geometry":{"type":"LineString","coordinates":[[8.48826,49.92461],[8.49382,49.92365]]},"properties":{}},{"type":"Feature","geometry":{"type":"LineString","coordinates":[[8.489,49.75752],[8.48826,49.75995]]},"properties":{}},{"type":"Feature","geometry":{"type":"LineString","coordinates":[[8.48837,50.11789],[8.49352,50.11633],[8.51287,50.11402],[8.52659,50.10924],[8.52848,50.10717],[8.52929,50.10321],[8.52974,50.10254],[8.53068,50.10191],[8.53194,50.10156],[8.53332,50.10156],[8.53729,50.1026],[8.53888,50.10275]]},"properties":{}},{"type":"Feature","geometry":{"type":"LineString","coordinates":[[8.48866,49.9244],[8.48848,49.92443]]},"properties":{}},{"type":"Feature","geometry":{"type":"LineString","coordinates":[[8.48854,49.92437],[8.49065,49.92391]]},"properties":{}},{"type":"Feature","geometry":{"type":"LineString","coordinates":[[8.48854,49.92437],[8.5,49.92254]]},"properties":{}},{"type":"Feature","geometry":{"type":"LineString","coordinates":[[8.48994,49.92412],[8.48866,49.9244]]},"properties":{}},{"type":"Feature","geometry":{"type":"LineString","coordinates":[[8.49861,49.92279],[8.48866,49.9244]]},"properties":{}},{"type":"Feature","geometry":{"type":"LineString","coordinates":[[8.48903,49.83342],[8.48877,49.83316]]},"properties":{}},{"type":"Feature","geometry":{"type":"LineString","coordinates":[[8.48885,49.75876],[8.48886,49.75874]]},"properties":{}},{"type":"Feature","geometry":{"type":"LineString","coordinates":[[8.48886,49.75874],[8.48983,49.75541]]},"properties":{}},{"type":"Feature","geometry":{"type":"LineString","coordinates":[[8.48886,49.75874],[8.48983,49.75541]]},"properties":{}},{"type":"Feature","geometry":{"type":"LineString","coordinates":[[8.489,49.75752],[8.4891,49.75716]]},"properties":{}},{"type":"Feature","geometry":{"type":"LineString","coordinates":[[8.48922,49.75701],[8.489,49.75752]]},"properties":{}},{"type":"Feature","geometry":{"type":"LineString","coordinates":[[8.48984,49.83429],[8.48903,49.83342]]},"properties":{}},{"type":"Feature","geometry":{"type":"LineString","coordinates":[[8.48925,49.75685],[8.48995,49.75439]]},"properties":{}},{"type":"Feature","geometry":{"type":"LineString","coordinates":[[8.48925,49.75685],[8.48954,49.75608]]},"properties":{}},{"type":"Feature","geometry":{"type":"LineString","coordinates":[[8.48961,49.75586],[8.48954,49.75608]]},"properties":{}},{"type":"Feature","geometry":{"type":"LineString","coordinates":[[8.48988,49.75565],[8.48959,49.75674]]},"properties":{}},{"type":"Feature","geometry":{"type":"LineString","coordinates":[[8.49208,49.74693],[8.48961,49.75586]]},"properties":{}},{"type":"Feature","geometry":{"type":"LineString","coordinates":[[8.48991,49.75513],[8.48961,49.75586]]},"properties":{}},{"type":"Feature","geometry":{"type":"LineString","coordinates":[[8.48983,49.75541],[8.48991,49.75513]]},"properties":{}},{"type":"Feature","geometry":{"type":"LineString","coordinates":[[8.48992,49.83439],[8.48984,49.83429]]},"properties":{}},{"type":"Feature","geometry":{"type":"LineString","coordinates":[[8.48991,49.75513],[8.49191,49.74778]]},"properties":{}},{"type":"Feature","geometry":{"type":"LineString","coordinates":[[8.49053,49.83512],[8.48992,49.83439]]},"properties":{}},{"type":"Feature","geometry":{"type":"LineString","coordinates":[[8.48992,49.83439],[8.49057,49.83527]]},"properties":{}},{"type":"Feature","geometry":{"type":"LineString","coordinates":[[8.49065,49.92391],[8.48994,49.92412]]},"properties":{}},{"type":"Feature","geometry":{"type":"LineString","coordinates":[[8.49465,49.91503],[8.49443,49.92035],[8.49411,49.92146],[8.49338,49.92246],[8.49238,49.92328],[8.48994,49.92412]]},"properties":{}},{"type":"Feature","geometry":{"type":"LineString","coordinates":[[8.48995,49.75439],[8.49011,49.75358]]},"properties":{}},{"type":"Feature","geometry":{"type":"LineString","coordinates":[[8.48995,49.75439],[8.49272,49.74443]]},"properties":{}},{"type":"Feature","geometry":{"type":"LineString","coordinates":[[8.49011,49.75358],[8.48996,49.75404]]},"properties":{}},{"type":"Feature","geometry":{"type":"LineString","coordinates":[[8.49006,49.83403],[8.49058,49.83477]]},"properties":{}},{"type":"Feature","geometry":{"type":"LineString","coordinates":[[8.49006,49.83403],[8.4904,49.83467]]},"properties":{}},{"type":"Feature","geometry":{"type":"LineString","coordinates":[[8.49011,49.75358],[8.4926,49.74463]]},"properties":{}},{"type":"Feature","geometry":{"type":"LineString","coordinates":[[8.4904,49.83467],[8.49086,49.8355]]},"properties":{}},{"type":"Feature","geometry":{"type":"LineString","coordinates":[[8.49043,49.83473],[8.49111,49.83571]]},"properties":{}},{"type":"Feature","geometry":{"type":"LineString","coordinates":[[8.49061,49.83524],[8.49053,49.83512]]},"properties":{}},{"type":"Feature","geometry":{"type":"LineString","coordinates":[[8.49061,49.83524],[8.49139,49.83633]]},"properties":{}},{"type":"Feature","geometry":{"type":"LineString","coordinates":[[8.49438,49.90481],[8.49289,49.84695],[8.49295,49.84125],[8.49242,49.83855],[8.49061,49.83524]]},"properties":{}},{"type":"Feature","geometry":{"type":"LineString","coordinates":[[8.52458,50.09694],[8.51967,50.09432],[8.51712,50.09174],[8.49062,50.06881]]},"properties":{}},{"type":"Feature","geometry":{"type":"LineString","coordinates":[[8.49065,49.92391],[8.49247,49.92317],[8.49406,49.92145],[8.49436,49.92048],[8.49454,49.91649]]},"properties":{}},{"type":"Feature","geometry":{"type":"LineString","coordinates":[[8.49076,50.06893],[8.49145,50.06947]]},"properties":{}},{"type":"Feature","geometry":{"type":"LineString","coordinates":[[8.49086,49.8355],[8.49139,49.83633]]},"properties":{}},{"type":"Feature","geometry":{"type":"LineString","coordinates":[[8.49139,49.83633],[8.49257,49.83883],[8.493,49.84125],[8.49294,49.84693],[8.49416,49.89541]]},"properties":{}},{"type":"Feature","geometry":{"type":"LineString","coordinates":[[8.49352,49.8722],[8.49355,49.87104]]},"properties":{}},{"type":"Feature","geometry":{"type":"LineString","coordinates":[[8.49364,49.87405],[8.49353,49.87271]]},"properties":{}},{"type":"Feature","geometry":{"type":"LineString","coordinates":[[8.49373,49.77801],[8.49582,49.77882]]},"properties":{}},{"type":"Feature","geometry":{"type":"LineString","coordinates":[[8.49382,49.92365],[8.49789,49.92293]]},"properties":{}},{"type":"Feature","geometry":{"type":"LineString","coordinates":[[8.49407,49.91076],[8.49416,49.90922]]},"properties":{}},{"type":"Feature","geometry":{"type":"LineString","coordinates":[[8.49416,49.89541],[8.49424,49.89611]]},"properties":{}},{"type":"Feature","geometry":{"type":"LineString","coordinates":[[8.49416,49.89541],[8.49438,49.90373]]},"properties":{}},{"type":"Feature","geometry":{"type":"LineString","coordinates":[[8.49424,49.911],[8.49416,49.90922]]},"properties":{}},{"type":"Feature","geometry":{"type":"LineString","coordinates":[[8.49416,49.90922],[8.49431,49.90782]]},"properties":{}},{"type":"Feature","geometry":{"type":"LineString","coordinates":[[8.49419,49.90226],[8.49431,49.90782]]},"properties":{}},{"type":"Feature","geometry":{"type":"LineString","coordinates":[[8.4943,49.911],[8.49422,49.90883]]},"properties":{}},{"type":"Feature","geometry":{"type":"LineString","coordinates":[[8.49424,49.89611],[8.49442,49.90293]]},"properties":{}},{"type":"Feature","geometry":{"type":"LineString","coordinates":[[8.49424,49.89611],[8.49424,49.89568]]},"properties":{}},{"type":"Feature","geometry":{"type":"LineString","coordinates":[[8.49427,49.90831],[8.49436,49.91091]]},"properties":{}},{"type":"Feature","geometry":{"type":"LineString","coordinates":[[8.49439,49.90644],[8.49429,49.90574]]},"properties":{}},{"type":"Feature","geometry":{"type":"LineString","coordinates":[[8.49431,49.90782],[8.49443,49.91102]]},"properties":{}},{"type":"Feature","geometry":{"type":"LineString","coordinates":[[8.49435,49.90401],[8.49446,49.90505]]},"properties":{}},{"type":"Feature","geometry":{"type":"LineString","coordinates":[[8.49438,49.90373],[8.49455,49.90673]]},"properties":{}},{"type":"Feature","geometry":{"type":"LineString","coordinates":[[8.49442,49.90293],[8.49438,49.90373]]},"properties":{}},{"type":"Feature","geometry":{"type":"LineString","coordinates":[[8.49446,49.90634],[8.49438,49.90481]]},"properties":{}},{"type":"Feature","geometry":{"type":"LineString","coordinates":[[8.49438,49.90481],[8.49439,49.90644]]},"properties":{}},{"type":"Feature","geometry":{"type":"LineString","coordinates":[[8.49439,49.90644],[8.4944,49.90657]]},"properties":{}},{"type":"Feature","geometry":{"type":"LineString","coordinates":[[8.49444,49.90761],[8.4944,49.90657]]},"properties":{}},{"type":"Feature","geometry":{"type":"LineString","coordinates":[[8.49457,49.91417],[8.4944,49.90657]]},"properties":{}},{"type":"Feature","geometry":{"type":"LineString","coordinates":[[8.49442,49.90293],[8.49451,49.90385]]},"properties":{}},{"type":"Feature","geometry":{"type":"LineString","coordinates":[[8.49444,49.90761],[8.49463,49.9141]]},"properties":{}},{"type":"Feature","geometry":{"type":"LineString","coordinates":[[8.49446,49.90634],[8.49444,49.90761]]},"properties":{}},{"type":"Feature","geometry":{"type":"LineString","coordinates":[[8.49447,49.9052],[8.49446,49.90624]]},"properties":{}},{"type":"Feature","geometry":{"type":"LineString","coordinates":[[8.50136,49.92467],[8.49918,49.92287],[8.49752,49.92115],[8.49631,49.91937],[8.49556,49.91775],[8.49494,49.91506],[8.49446,49.90634]]},"properties":{}},{"type":"Feature","geometry":{"type":"LineString","coordinates":[[8.49454,49.91649],[8.49457,49.91417]]},"properties":{}},{"type":"Feature","geometry":{"type":"LineString","coordinates":[[8.49454,49.91649],[8.49465,49.91503]]},"properties":{}},{"type":"Feature","geometry":{"type":"LineString","coordinates":[[8.49455,49.90673],[8.49465,49.90757]]},"properties":{}},{"type":"Feature","geometry":{"type":"LineString","coordinates":[[8.49455,49.90673],[8.49491,49.9137]]},"properties":{}},{"type":"Feature","geometry":{"type":"LineString","coordinates":[[8.49457,49.91417],[8.49465,49.915]]},"properties":{}},{"type":"Feature","geometry":{"type":"LineString","coordinates":[[8.49463,49.9141],[8.49529,49.91727],[8.49633,49.91957],[8.49817,49.92199],[8.50048,49.92401]]},"properties":{}},{"type":"Feature","geometry":{"type":"LineString","coordinates":[[8.49463,49.9141],[8.49463,49.91416]]},"properties":{}},{"type":"Feature","geometry":{"type":"LineString","coordinates":[[8.49464,49.91429],[8.49465,49.91503]]},"properties":{}},{"type":"Feature","geometry":{"type":"LineString","coordinates":[[8.49465,49.90757],[8.49465,49.90678]]},"properties":{}},{"type":"Feature","geometry":{"type":"LineString","coordinates":[[8.49465,49.90757],[8.49501,49.91234]]},"properties":{}},{"type":"Feature","geometry":{"type":"LineString","coordinates":[[8.49491,49.9137],[8.49513,49.91605],[8.49586,49.91836],[8.49714,49.92054],[8.4988,49.92245],[8.56067,49.97255],[8.56223,49.97435],[8.57033,49.98606]]},"properties":{}},{"type":"Feature","geometry":{"type":"LineString","coordinates":[[8.49501,49.91234],[8.49491,49.9137]]},"properties":{}},{"type":"Feature","geometry":{"type":"LineString","coordinates":[[8.49501,49.91234],[8.49541,49.91645],[8.49611,49.91837],[8.49719,49.9199],[8.49865,49.92091],[8.50087,49.92165],[8.50284,49.92184],[8.50538,49.92165]]},"properties":{}},{"type":"Feature","geometry":{"type":"LineString","coordinates":[[8.49534,49.78341],[8.49739,49.78007],[8.49708,49.77917],[8.4963,49.77875]]},"properties":{}},{"type":"Feature","geometry":{"type":"LineString","coordinates":[[8.49572,49.77858],[8.49815,49.77926],[8.49884,49.77977],[8.50087,49.78458],[8.50097,49.78535]]},"properties":{}},{"type":"Feature","geometry":{"type":"LineString","coordinates":[[8.49699,49.78077],[8.49642,49.78156]]},"properties":{}},{"type":"Feature","geometry":{"type":"LineString","coordinates":[[8.49677,49.78108],[8.49649,49.78158]]},"properties":{}},{"type":"Feature","geometry":{"type":"LineString","coordinates":[[8.49765,50.02924],[8.4978,50.02929]]},"properties":{}},{"type":"Feature","geometry":{"type":"LineString","coordinates":[[8.4978,50.02929],[8.50932,50.03319],[8.54352,50.04705],[8.54823,50.04843],[8.55962,50.05086]]},"properties":{}},{"type":"Feature","geometry":{"type":"LineString","coordinates":[[8.5005,50.03017],[8.4978,50.02929]]},"properties":{}},{"type":"Feature","geometry":{"type":"LineString","coordinates":[[8.49789,49.92293],[8.49861,49.92279]]},"properties":{}},{"type":"Feature","geometry":{"type":"LineString","coordinates":[[8.49898,49.92273],[8.49861,49.92279]]},"properties":{}},{"type":"Feature","geometry":{"type":"LineString","coordinates":[[8.5,49.92254],[8.49898,49.92273]]},"properties":{}},{"type":"Feature","geometry":{"type":"LineString","coordinates":[[8.50816,49.92124],[8.49898,49.92273]]},"properties":{}},{"type":"Feature","geometry":{"type":"LineString","coordinates":[[8.49917,49.78047],[8.50089,49.78475]]},"properties":{}},{"type":"Feature","geometry":{"type":"LineString","coordinates":[[8.5,49.92254],[8.50538,49.92165]]},"properties":{}},{"type":"Feature","geometry":{"type":"LineString","coordinates":[[8.50048,49.92401],[8.50136,49.92467]]},"properties":{}},{"type":"Feature","geometry":{"type":"LineString","coordinates":[[8.50048,49.92401],[8.50089,49.92437]]},"properties":{}},{"type":"Feature","geometry":{"type":"LineString","coordinates":[[8.5618,50.05136],[8.54877,50.0486],[8.54349,50.04708],[8.50929,50.03322],[8.5005,50.03017]]},"properties":{}},{"type":"Feature","geometry":{"type":"LineString","coordinates":[[8.56399,49.97697],[8.56186,49.97389],[8.55968,49.97177],[8.50136,49.92467]]},"properties":{}},{"type":"Feature","geometry":{"type":"LineString","coordinates":[[8.50403,50.14319],[8.5066,50.14075]]},"properties":{}},{"type":"Feature","geometry":{"type":"LineString","coordinates":[[8.54535,50.15611],[8.54283,50.15853],[8.54152,50.15933],[8.53994,50.1599],[8.53814,50.16018],[8.53631,50.16015],[8.53437,50.15977],[8.5326,50.15899],[8.52989,50.15645],[8.52183,50.14736],[8.52098,50.14577],[8.51965,50.14215],[8.51813,50.13944],[8.51689,50.13822],[8.51549,50.13755],[8.51401,50.13725],[8.5124,50.13726],[8.50973,50.1381],[8.50822,50.13912],[8.50414,50.14324]]},"properties":{}},{"type":"Feature","geometry":{"type":"LineString","coordinates":[[8.50538,49.92165],[8.50661,49.92146]]},"properties":{}},{"type":"Feature","geometry":{"type":"LineString","coordinates":[[8.50661,49.92146],[8.59202,49.9076],[8.59583,49.9068],[8.61882,49.90082]]},"properties":{}},{"type":"Feature","geometry":{"type":"LineString","coordinates":[[8.50661,49.92146],[8.50816,49.92124]]},"properties":{}},{"type":"Feature","geometry":{"type":"LineString","coordinates":[[8.51547,50.09261],[8.50737,50.09053]]},"properties":{}},{"type":"Feature","geometry":{"type":"LineString","coordinates":[[8.6192,49.90082],[8.593,49.90748],[8.50816,49.92124]]},"properties":{}},{"type":"Feature","geometry":{"type":"LineString","coordinates":[[8.51274,50.05316],[8.51191,50.05275]]},"properties":{}},{"type":"Feature","geometry":{"type":"LineString","coordinates":[[8.51348,50.05356],[8.52507,50.05991]]},"properties":{}},{"type":"Feature","geometry":{"type":"LineString","coordinates":[[8.51348,50.05356],[8.52356,50.05914]]},"properties":{}},{"type":"Feature","geometry":{"type":"LineString","coordinates":[[8.51652,50.09047],[8.51457,50.08872],[8.51437,50.08812]]},"properties":{}},{"type":"Feature","geometry":{"type":"LineString","coordinates":[[8.51439,50.30283],[8.51408,50.30385],[8.51328,50.30462],[8.50958,50.30586],[8.50775,50.30715],[8.5069,50.30882],[8.50691,50.30962],[8.50725,50.31053],[8.50895,50.31314],[8.5102,50.31416],[8.51769,50.31699],[8.5205,50.31873],[8.52235,50.32076],[8.52389,50.32408],[8.5245,50.32491],[8.52586,50.32585],[8.52906,50.32708],[8.52975,50.32788],[8.5299,50.32874]]},"properties":{}},{"type":"Feature","geometry":{"type":"LineString","coordinates":[[8.51495,50.29982],[8.51439,50.30283]]},"properties":{}},{"type":"Feature","geometry":{"type":"LineString","coordinates":[[8.51439,50.30283],[8.51495,50.29982]]},"properties":{}},{"type":"Feature","geometry":{"type":"LineString","coordinates":[[8.51452,50.08884],[8.51811,50.09176]]},"properties":{}},{"type":"Feature","geometry":{"type":"LineString","coordinates":[[8.51458,50.05412],[8.52402,50.05929]]},"properties":{}},{"type":"Feature","geometry":{"type":"LineString","coordinates":[[8.51461,50.0874],[8.5143,50.08793],[8.51441,50.0886],[8.51672,50.09071]]},"properties":{}},{"type":"Feature","geometry":{"type":"LineString","coordinates":[[8.51471,50.08906],[8.51653,50.0906]]},"properties":{}},{"type":"Feature","geometry":{"type":"LineString","coordinates":[[8.51477,50.08717],[8.51439,50.08783],[8.51447,50.08844],[8.51697,50.09098]]},"properties":{}},{"type":"Feature","geometry":{"type":"LineString","coordinates":[[8.51479,50.08929],[8.51527,50.08964]]},"properties":{}},{"type":"Feature","geometry":{"type":"LineString","coordinates":[[8.5642,50.2962],[8.55847,50.29601],[8.55528,50.29518],[8.55367,50.29509],[8.54924,50.29593],[8.54438,50.29848],[8.54073,50.2994],[8.53881,50.29947],[8.534,50.29904],[8.52732,50.30012],[8.5254,50.30019],[8.52318,50.29981],[8.51988,50.29831],[8.51834,50.29808],[8.51613,50.29859],[8.51546,50.29907],[8.51495,50.29982]]},"properties":{}},{"type":"Feature","geometry":{"type":"LineString","coordinates":[[8.51501,50.09241],[8.51687,50.09289]]},"properties":{}},{"type":"Feature","geometry":{"type":"LineString","coordinates":[[8.51501,50.09241],[8.51587,50.09267]]},"properties":{}},{"type":"Feature","geometry":{"type":"LineString","coordinates":[[8.51531,50.08723],[8.51578,50.0881],[8.5179,50.08991],[8.52143,50.09091]]},"properties":{}},{"type":"Feature","geometry":{"type":"LineString","coordinates":[[8.51531,50.08723],[8.51562,50.08802],[8.5177,50.08989],[8.51797,50.0917],[8.51874,50.0926]]},"properties":{}},{"type":"Feature","geometry":{"type":"LineString","coordinates":[[8.5156,50.08631],[8.51531,50.08723]]},"properties":{}},{"type":"Feature","geometry":{"type":"LineString","coordinates":[[8.51535,50.05439],[8.52148,50.05788]]},"properties":{}},{"type":"Feature","geometry":{"type":"LineString","coordinates":[[8.51547,50.09261],[8.51687,50.09289]]},"properties":{}},{"type":"Feature","geometry":{"type":"LineString","coordinates":[[8.51728,50.0931],[8.51547,50.09261]]},"properties":{}},{"type":"Feature","geometry":{"type":"LineString","coordinates":[[8.51932,50.17919],[8.5158,50.18023]]},"properties":{}},{"type":"Feature","geometry":{"type":"LineString","coordinates":[[8.51932,50.17919],[8.51585,50.18031]]},"properties":{}},{"type":"Feature","geometry":{"type":"LineString","coordinates":[[8.5164,50.09281],[8.51587,50.09267]]},"properties":{}},{"type":"Feature","geometry":{"type":"LineString","coordinates":[[8.51593,50.08824],[8.51739,50.08944]]},"properties":{}},{"type":"Feature","geometry":{"type":"LineString","coordinates":[[8.52679,50.09787],[8.52168,50.09538],[8.51885,50.09361],[8.5164,50.09281]]},"properties":{}},{"type":"Feature","geometry":{"type":"LineString","coordinates":[[8.51728,50.0931],[8.5164,50.09281]]},"properties":{}},{"type":"Feature","geometry":{"type":"LineString","coordinates":[[8.51761,50.09047],[8.51655,50.08944]]},"properties":{}},{"type":"Feature","geometry":{"type":"LineString","coordinates":[[8.51784,50.09116],[8.51747,50.0902],[8.51662,50.0894]]},"properties":{}},{"type":"Feature","geometry":{"type":"LineString","coordinates":[[8.51687,50.09289],[8.5173,50.093]]},"properties":{}},{"type":"Feature","geometry":{"type":"LineString","coordinates":[[8.51689,50.08907],[8.5173,50.08949]]},"properties":{}},{"type":"Feature","geometry":{"type":"LineString","coordinates":[[8.51717,50.09115],[8.51777,50.09179]]},"properties":{}},{"type":"Feature","geometry":{"type":"LineString","coordinates":[[8.52455,50.09708],[8.52054,50.09508],[8.51728,50.0931]]},"properties":{}},{"type":"Feature","geometry":{"type":"LineString","coordinates":[[8.53596,50.10093],[8.5327,50.09978],[8.5203,50.09388],[8.5173,50.093]]},"properties":{}},{"type":"Feature","geometry":{"type":"LineString","coordinates":[[8.5173,50.093],[8.51901,50.09364],[8.52201,50.0955],[8.52698,50.09785]]},"properties":{}},{"type":"Feature","geometry":{"type":"LineString","coordinates":[[8.51741,50.08952],[8.51846,50.09009],[8.52463,50.09167],[8.52783,50.09285]]},"properties":{}},{"type":"Feature","geometry":{"type":"LineString","coordinates":[[8.51784,50.084],[8.51772,50.08477],[8.51834,50.08541],[8.52439,50.08787]]},"properties":{}},{"type":"Feature","geometry":{"type":"LineString","coordinates":[[8.52397,50.09333],[8.51811,50.09176]]},"properties":{}},{"type":"Feature","geometry":{"type":"LineString","coordinates":[[8.51811,50.09176],[8.52052,50.09249]]},"properties":{}},{"type":"Feature","geometry":{"type":"LineString","coordinates":[[8.51836,50.08339],[8.51962,50.08283],[8.52108,50.08298],[8.52456,50.08453],[8.52873,50.08708]]},"properties":{}},{"type":"Feature","geometry":{"type":"LineString","coordinates":[[8.51845,50.09188],[8.52398,50.09328]]},"properties":{}},{"type":"Feature","geometry":{"type":"LineString","coordinates":[[8.51963,50.08222],[8.51855,50.08318]]},"properties":{}},{"type":"Feature","geometry":{"type":"LineString","coordinates":[[8.51855,50.09248],[8.51872,50.09262]]},"properties":{}},{"type":"Feature","geometry":{"type":"LineString","coordinates":[[8.51862,50.08555],[8.52053,50.08611]]},"properties":{}},{"type":"Feature","geometry":{"type":"LineString","coordinates":[[8.51867,50.09264],[8.51499,50.08939],[8.51432,50.08854],[8.51421,50.08805],[8.51446,50.08749],[8.51833,50.08349],[8.51963,50.08287],[8.52085,50.08295],[8.52338,50.08394],[8.52899,50.08725],[8.53041,50.08845],[8.53526,50.09076]]},"properties":{}},{"type":"Feature","geometry":{"type":"LineString","coordinates":[[8.51872,50.09262],[8.52126,50.09351]]},"properties":{}},{"type":"Feature","geometry":{"type":"LineString","coordinates":[[8.51872,50.09262],[8.52024,50.09348]]},"properties":{}},{"type":"Feature","geometry":{"type":"LineString","coordinates":[[8.51874,50.0926],[8.52182,50.09361]]},"properties":{}},{"type":"Feature","geometry":{"type":"LineString","coordinates":[[8.51874,50.0926],[8.52153,50.09355]]},"properties":{}},{"type":"Feature","geometry":{"type":"LineString","coordinates":[[8.51874,50.11203],[8.52059,50.11135]]},"properties":{}},{"type":"Feature","geometry":{"type":"LineString","coordinates":[[8.51884,50.09405],[8.5205,50.09515],[8.5238,50.09676]]},"properties":{}},{"type":"Feature","geometry":{"type":"LineString","coordinates":[[8.5268,50.09678],[8.52444,50.09542],[8.51887,50.09282]]},"properties":{}},{"type":"Feature","geometry":{"type":"LineString","coordinates":[[8.52758,50.09723],[8.51887,50.09282]]},"properties":{}},{"type":"Feature","geometry":{"type":"LineString","coordinates":[[8.51887,50.09282],[8.51451,50.08904],[8.51413,50.08817],[8.51462,50.08723],[8.51909,50.08262],[8.52122,50.08128],[8.52784,50.07856],[8.53294,50.0787]]},"properties":{}},{"type":"Feature","geometry":{"type":"LineString","coordinates":[[8.51889,50.08563],[8.52049,50.08615]]},"properties":{}},{"type":"Feature","geometry":{"type":"LineString","coordinates":[[8.51894,50.08568],[8.5194,50.08582]]},"properties":{}},{"type":"Feature","geometry":{"type":"LineString","coordinates":[[8.51921,50.09298],[8.52322,50.09393],[8.52477,50.09491],[8.52629,50.09632]]},"properties":{}},{"type":"Feature","geometry":{"type":"LineString","coordinates":[[8.54453,50.15699],[8.54151,50.15997],[8.53586,50.16808],[8.53445,50.16968],[8.5224,50.17771],[8.51932,50.17919]]},"properties":{}},{"type":"Feature","geometry":{"type":"LineString","coordinates":[[8.52014,50.09364],[8.51942,50.09324]]},"properties":{}},{"type":"Feature","geometry":{"type":"LineString","coordinates":[[8.52634,50.09666],[8.52014,50.09364]]},"properties":{}},{"type":"Feature","geometry":{"type":"LineString","coordinates":[[8.52557,50.09628],[8.52014,50.09364]]},"properties":{}},{"type":"Feature","geometry":{"type":"LineString","coordinates":[[8.52483,50.09518],[8.52295,50.09424],[8.52022,50.09336]]},"properties":{}},{"type":"Feature","geometry":{"type":"LineString","coordinates":[[8.52024,50.09348],[8.52446,50.09522],[8.52809,50.09741],[8.53081,50.09871]]},"properties":{}},{"type":"Feature","geometry":{"type":"LineString","coordinates":[[8.52578,50.09608],[8.52024,50.09348]]},"properties":{}},{"type":"Feature","geometry":{"type":"LineString","coordinates":[[8.52031,50.08481],[8.52785,50.08764]]},"properties":{}},{"type":"Feature","geometry":{"type":"LineString","coordinates":[[8.52591,50.09616],[8.52064,50.09362]]},"properties":{}},{"type":"Feature","geometry":{"type":"LineString","coordinates":[[8.52067,50.09408],[8.52547,50.0963]]},"properties":{}},{"type":"Feature","geometry":{"type":"LineString","coordinates":[[8.52163,50.09391],[8.52097,50.09374]]},"properties":{}},{"type":"Feature","geometry":{"type":"LineString","coordinates":[[8.52559,50.09593],[8.52111,50.09378]]},"properties":{}},{"type":"Feature","geometry":{"type":"LineString","coordinates":[[8.52499,50.09547],[8.52153,50.09392]]},"properties":{}},{"type":"Feature","geometry":{"type":"LineString","coordinates":[[8.52244,50.09412],[8.52163,50.09391]]},"properties":{}},{"type":"Feature","geometry":{"type":"LineString","coordinates":[[8.52527,50.09568],[8.52438,50.09507],[8.52163,50.09391]]},"properties":{}},{"type":"Feature","geometry":{"type":"LineString","coordinates":[[8.52169,50.09457],[8.52543,50.09634]]},"properties":{}},{"type":"Feature","geometry":{"type":"LineString","coordinates":[[8.52282,49.94201],[8.52175,49.9411]]},"properties":{}},{"type":"Feature","geometry":{"type":"LineString","coordinates":[[8.5218,50.09463],[8.52443,50.09577]]},"properties":{}},{"type":"Feature","geometry":{"type":"LineString","coordinates":[[8.52255,50.09596],[8.52185,50.09557]]},"properties":{}},{"type":"Feature","geometry":{"type":"LineString","coordinates":[[8.52501,50.09539],[8.52195,50.094]]},"properties":{}},{"type":"Feature","geometry":{"type":"LineString","coordinates":[[8.52384,50.0842],[8.52197,50.08342]]},"properties":{}},{"type":"Feature","geometry":{"type":"LineString","coordinates":[[8.52509,50.09522],[8.52328,50.09408],[8.52198,50.09364]]},"properties":{}},{"type":"Feature","geometry":{"type":"LineString","coordinates":[[8.52466,50.33197],[8.52227,50.33293]]},"properties":{}},{"type":"Feature","geometry":{"type":"LineString","coordinates":[[8.52584,50.096],[8.5245,50.09497],[8.52244,50.09412]]},"properties":{}},{"type":"Feature","geometry":{"type":"LineString","coordinates":[[8.52244,50.09412],[8.52457,50.09507],[8.52661,50.09666],[8.52933,50.09824]]},"properties":{}},{"type":"Feature","geometry":{"type":"LineString","coordinates":[[8.52259,50.09381],[8.52493,50.09439]]},"properties":{}},{"type":"Feature","geometry":{"type":"LineString","coordinates":[[8.52268,50.3326],[8.52833,50.33032],[8.52949,50.32956]]},"properties":{}},{"type":"Feature","geometry":{"type":"LineString","coordinates":[[8.52422,50.09691],[8.52269,50.09602]]},"properties":{}},{"type":"Feature","geometry":{"type":"LineString","coordinates":[[8.52273,50.08586],[8.52401,50.08628]]},"properties":{}},{"type":"Feature","geometry":{"type":"LineString","coordinates":[[8.52273,50.33267],[8.52873,50.33023],[8.52952,50.32959],[8.5299,50.32874]]},"properties":{}},{"type":"Feature","geometry":{"type":"LineString","coordinates":[[8.52273,50.33267],[8.52885,50.33026],[8.5296,50.32957],[8.5299,50.32874]]},"properties":{}},{"type":"Feature","geometry":{"type":"LineString","coordinates":[[8.52286,50.08726],[8.52443,50.08783]]},"properties":{}},{"type":"Feature","geometry":{"type":"LineString","coordinates":[[8.52413,49.94303],[8.52289,49.94207]]},"properties":{}},{"type":"Feature","geometry":{"type":"LineString","coordinates":[[8.52293,50.05885],[8.52511,50.06011]]},"properties":{}},{"type":"Feature","geometry":{"type":"LineString","coordinates":[[8.52344,50.05919],[8.52295,50.05892]]},"properties":{}},{"type":"Feature","geometry":{"type":"LineString","coordinates":[[8.52309,50.33254],[8.52678,50.33136]]},"properties":{}},{"type":"Feature","geometry":{"type":"LineString","coordinates":[[8.5238,50.09676],[8.5231,50.09636]]},"properties":{}},{"type":"Feature","geometry":{"type":"LineString","coordinates":[[8.52344,50.08431],[8.52538,50.08509]]},"properties":{}},{"type":"Feature","geometry":{"type":"LineString","coordinates":[[8.52501,50.0849],[8.52348,50.08427]]},"properties":{}},{"type":"Feature","geometry":{"type":"LineString","coordinates":[[8.52351,50.08424],[8.52587,50.08535]]},"properties":{}},{"type":"Feature","geometry":{"type":"LineString","coordinates":[[8.52356,50.05914],[8.52507,50.05991]]},"properties":{}},{"type":"Feature","geometry":{"type":"LineString","coordinates":[[8.52356,50.05914],[8.52546,50.06019]]},"properties":{}},{"type":"Feature","geometry":{"type":"LineString","coordinates":[[8.52641,50.08567],[8.52358,50.08463]]},"properties":{}},{"type":"Feature","geometry":{"type":"LineString","coordinates":[[8.52359,50.33223],[8.52544,50.3313],[8.52796,50.33047]]},"properties":{}},{"type":"Feature","geometry":{"type":"LineString","coordinates":[[8.5236,50.09408],[8.52645,50.09476]]},"properties":{}},{"type":"Feature","geometry":{"type":"LineString","coordinates":[[8.5238,50.09676],[8.52448,50.09709]]},"properties":{}},{"type":"Feature","geometry":{"type":"LineString","coordinates":[[8.52385,50.09678],[8.52455,50.09708]]},"properties":{}},{"type":"Feature","geometry":{"type":"LineString","coordinates":[[8.524,50.33214],[8.52634,50.33118]]},"properties":{}},{"type":"Feature","geometry":{"type":"LineString","coordinates":[[8.52949,50.32956],[8.52833,50.33037],[8.52407,50.33201]]},"properties":{}},{"type":"Feature","geometry":{"type":"LineString","coordinates":[[8.52411,50.0595],[8.52546,50.06019]]},"properties":{}},{"type":"Feature","geometry":{"type":"LineString","coordinates":[[8.62015,50.06662],[8.53944,50.06583],[8.53622,50.06536],[8.53282,50.06428],[8.52411,50.0595]]},"properties":{}},{"type":"Feature","geometry":{"type":"LineString","coordinates":[[8.52429,50.09675],[8.52698,50.09785]]},"properties":{}},{"type":"Feature","geometry":{"type":"LineString","coordinates":[[8.52429,50.09675],[8.52914,50.09896],[8.53585,50.10139],[8.53832,50.10204]]},"properties":{}},{"type":"Feature","geometry":{"type":"LineString","coordinates":[[8.52589,50.08529],[8.52438,50.08403]]},"properties":{}},{"type":"Feature","geometry":{"type":"LineString","coordinates":[[8.52438,50.08449],[8.52495,50.08476]]},"properties":{}},{"type":"Feature","geometry":{"type":"LineString","coordinates":[[8.52441,50.09161],[8.52655,50.09242]]},"properties":{}},{"type":"Feature","geometry":{"type":"LineString","coordinates":[[8.52636,50.08558],[8.52443,50.08401]]},"properties":{}},{"type":"Feature","geometry":{"type":"LineString","coordinates":[[8.52709,50.33106],[8.52445,50.33198]]},"properties":{}},{"type":"Feature","geometry":{"type":"LineString","coordinates":[[8.52655,50.0857],[8.52448,50.08398]]},"properties":{}},{"type":"Feature","geometry":{"type":"LineString","coordinates":[[8.52448,50.09709],[8.52598,50.09788]]},"properties":{}},{"type":"Feature","geometry":{"type":"LineString","coordinates":[[8.52448,50.09709],[8.52709,50.09919],[8.52903,50.10002]]},"properties":{}},{"type":"Feature","geometry":{"type":"LineString","coordinates":[[8.52504,50.09731],[8.52455,50.09708]]},"properties":{}},{"type":"Feature","geometry":{"type":"LineString","coordinates":[[8.52679,50.09787],[8.52458,50.09694]]},"properties":{}},{"type":"Feature","geometry":{"type":"LineString","coordinates":[[8.53705,50.10181],[8.52873,50.09885],[8.52458,50.09694]]},"properties":{}},{"type":"Feature","geometry":{"type":"LineString","coordinates":[[8.52467,50.09713],[8.52907,50.09903],[8.53662,50.10178]]},"properties":{}},{"type":"Feature","geometry":{"type":"LineString","coordinates":[[8.52625,50.09476],[8.52471,50.09439]]},"properties":{}},{"type":"Feature","geometry":{"type":"LineString","coordinates":[[8.52477,50.33162],[8.52675,50.33086]]},"properties":{}},{"type":"Feature","geometry":{"type":"LineString","coordinates":[[8.52478,50.33187],[8.52602,50.33152]]},"properties":{}},{"type":"Feature","geometry":{"type":"LineString","coordinates":[[8.52543,50.09592],[8.52479,50.09562]]},"properties":{}},{"type":"Feature","geometry":{"type":"LineString","coordinates":[[8.52486,50.05997],[8.52501,50.06008]]},"properties":{}},{"type":"Feature","geometry":{"type":"LineString","coordinates":[[8.52492,50.09734],[8.5254,50.09763]]},"properties":{}},{"type":"Feature","geometry":{"type":"LineString","coordinates":[[8.52534,50.09565],[8.525,50.09531]]},"properties":{}},{"type":"Feature","geometry":{"type":"LineString","coordinates":[[8.53549,50.10142],[8.529,50.0991],[8.52504,50.09731]]},"properties":{}},{"type":"Feature","geometry":{"type":"LineString","coordinates":[[8.53511,50.10132],[8.52894,50.09913],[8.52504,50.09731]]},"properties":{}},{"type":"Feature","geometry":{"type":"LineString","coordinates":[[8.52556,50.09645],[8.52507,50.09627]]},"properties":{}},{"type":"Feature","geometry":{"type":"LineString","coordinates":[[8.52507,50.05991],[8.52873,50.06176],[8.53208,50.06379],[8.5356,50.06508],[8.53987,50.06574],[8.54474,50.06558],[8.54685,50.06506],[8.54846,50.06435],[8.54993,50.06334],[8.55092,50.06224],[8.55157,50.06091],[8.55172,50.05985],[8.55074,50.05616],[8.55087,50.05423],[8.5514,50.05314],[8.55222,50.05216],[8.55483,50.05048],[8.55801,50.04962],[8.56147,50.04957],[8.56812,50.05038],[8.57489,50.05207]]},"properties":{}},{"type":"Feature","geometry":{"type":"LineString","coordinates":[[8.52507,50.05991],[8.52535,50.06007]]},"properties":{}},{"type":"Feature","geometry":{"type":"LineString","coordinates":[[8.52514,50.09184],[8.52766,50.09251]]},"properties":{}},{"type":"Feature","geometry":{"type":"LineString","coordinates":[[8.53575,50.10146],[8.52903,50.09907],[8.52515,50.09733]]},"properties":{}},{"type":"Feature","geometry":{"type":"LineString","coordinates":[[8.52535,50.06007],[8.52752,50.0613]]},"properties":{}},{"type":"Feature","geometry":{"type":"LineString","coordinates":[[8.52535,50.06007],[8.52601,50.0605]]},"properties":{}},{"type":"Feature","geometry":{"type":"LineString","coordinates":[[8.53378,50.10104],[8.52813,50.09911],[8.5254,50.09763]]},"properties":{}},{"type":"Feature","geometry":{"type":"LineString","coordinates":[[8.5254,50.09763],[8.52745,50.09899],[8.52908,50.09973]]},"properties":{}},{"type":"Feature","geometry":{"type":"LineString","coordinates":[[8.52546,50.06019],[8.5266,50.06082]]},"properties":{}},{"type":"Feature","geometry":{"type":"LineString","coordinates":[[8.52554,50.09199],[8.52762,50.09254]]},"properties":{}},{"type":"Feature","geometry":{"type":"LineString","coordinates":[[8.52556,50.09645],[8.53574,50.10081]]},"properties":{}},{"type":"Feature","geometry":{"type":"LineString","coordinates":[[8.53596,50.10093],[8.53291,50.09983],[8.52556,50.09645]]},"properties":{}},{"type":"Feature","geometry":{"type":"LineString","coordinates":[[8.52561,50.09751],[8.52662,50.09792]]},"properties":{}},{"type":"Feature","geometry":{"type":"LineString","coordinates":[[8.52582,50.09787],[8.52835,50.0993],[8.53418,50.10119]]},"properties":{}},{"type":"Feature","geometry":{"type":"LineString","coordinates":[[8.52718,50.08737],[8.52584,50.08683]]},"properties":{}},{"type":"Feature","geometry":{"type":"LineString","coordinates":[[8.52586,50.09812],[8.52613,50.09844]]},"properties":{}},{"type":"Feature","geometry":{"type":"LineString","coordinates":[[8.5259,50.09657],[8.53298,50.09981],[8.53574,50.10081]]},"properties":{}},{"type":"Feature","geometry":{"type":"LineString","coordinates":[[8.52598,50.09788],[8.52774,50.09878],[8.53632,50.1017]]},"properties":{}},{"type":"Feature","geometry":{"type":"LineString","coordinates":[[8.52598,50.09788],[8.52766,50.09884],[8.53418,50.10119]]},"properties":{}},{"type":"Feature","geometry":{"type":"LineString","coordinates":[[8.52607,50.09219],[8.52759,50.09259]]},"properties":{}},{"type":"Feature","geometry":{"type":"LineString","coordinates":[[8.52613,50.09844],[8.52668,50.09898]]},"properties":{}},{"type":"Feature","geometry":{"type":"LineString","coordinates":[[8.52634,50.0987],[8.52613,50.09844]]},"properties":{}},{"type":"Feature","geometry":{"type":"LineString","coordinates":[[8.5262,50.09844],[8.52726,50.09922]]},"properties":{}},{"type":"Feature","geometry":{"type":"LineString","coordinates":[[8.52673,50.0965],[8.52629,50.09632]]},"properties":{}},{"type":"Feature","geometry":{"type":"LineString","coordinates":[[8.52908,50.09784],[8.52629,50.09632]]},"properties":{}},{"type":"Feature","geometry":{"type":"LineString","coordinates":[[8.52632,50.07956],[8.52693,50.07919]]},"properties":{}},{"type":"Feature","geometry":{"type":"LineString","coordinates":[[8.52634,50.0987],[8.52707,50.09936],[8.52887,50.10017]]},"properties":{}},{"type":"Feature","geometry":{"type":"LineString","coordinates":[[8.52634,50.0987],[8.52667,50.09924]]},"properties":{}},{"type":"Feature","geometry":{"type":"LineString","coordinates":[[8.52655,50.07947],[8.52581,50.08033],[8.52608,50.08123],[8.53084,50.08586],[8.53557,50.08842]]},"properties":{}},{"type":"Feature","geometry":{"type":"LineString","coordinates":[[8.52756,50.09264],[8.52656,50.09238]]},"properties":{}},{"type":"Feature","geometry":{"type":"LineString","coordinates":[[8.52752,50.0613],[8.5266,50.06082]]},"properties":{}},{"type":"Feature","geometry":{"type":"LineString","coordinates":[[8.5266,50.06082],[8.53136,50.06353],[8.53364,50.06456],[8.53654,50.06539],[8.53985,50.06583],[8.61841,50.06656]]},"properties":{}},{"type":"Feature","geometry":{"type":"LineString","coordinates":[[8.5315,50.08355],[8.52652,50.08105],[8.52612,50.08019],[8.52664,50.07941]]},"properties":{}},{"type":"Feature","geometry":{"type":"LineString","coordinates":[[8.52664,50.07941],[8.52571,50.08022],[8.52572,50.08122],[8.52598,50.08172],[8.5287,50.08425],[8.53003,50.08512],[8.53082,50.08604],[8.53545,50.08853]]},"properties":{}},{"type":"Feature","geometry":{"type":"LineString","coordinates":[[8.52693,50.07919],[8.52664,50.07941]]},"properties":{}},{"type":"Feature","geometry":{"type":"LineString","coordinates":[[8.52664,50.07941],[8.52769,50.07912],[8.52895,50.07922],[8.5337,50.08175]]},"properties":{}},{"type":"Feature","geometry":{"type":"LineString","coordinates":[[8.52838,50.08681],[8.52668,50.08571]]},"properties":{}},{"type":"Feature","geometry":{"type":"LineString","coordinates":[[8.52668,50.09898],[8.52704,50.09922]]},"properties":{}},{"type":"Feature","geometry":{"type":"LineString","coordinates":[[8.5289,50.10013],[8.52668,50.09898]]},"properties":{}},{"type":"Feature","geometry":{"type":"LineString","coordinates":[[8.54817,50.10316],[8.53785,50.10186],[8.53265,50.10019],[8.52679,50.09787]]},"properties":{}},{"type":"Feature","geometry":{"type":"LineString","coordinates":[[8.52691,50.0964],[8.52683,50.09648]]},"properties":{}},{"type":"Feature","geometry":{"type":"LineString","coordinates":[[8.52788,50.09845],[8.52684,50.09802]]},"properties":{}},{"type":"Feature","geometry":{"type":"LineString","coordinates":[[8.52684,50.09648],[8.52695,50.09642]]},"properties":{}},{"type":"Feature","geometry":{"type":"LineString","coordinates":[[8.52697,50.09661],[8.52684,50.09654]]},"properties":{}},{"type":"Feature","geometry":{"type":"LineString","coordinates":[[8.52685,50.0965],[8.52699,50.09645]]},"properties":{}},{"type":"Feature","geometry":{"type":"LineString","coordinates":[[8.52685,50.09653],[8.527,50.09658]]},"properties":{}},{"type":"Feature","geometry":{"type":"LineString","coordinates":[[8.52686,50.09653],[8.52701,50.09655]]},"properties":{}},{"type":"Feature","geometry":{"type":"LineString","coordinates":[[8.52686,50.09651],[8.52701,50.09648]]},"properties":{}},{"type":"Feature","geometry":{"type":"LineString","coordinates":[[8.52686,50.09652],[8.52702,50.09651]]},"properties":{}},{"type":"Feature","geometry":{"type":"LineString","coordinates":[[8.53294,50.0787],[8.52876,50.07866],[8.52693,50.07919]]},"properties":{}},{"type":"Feature","geometry":{"type":"LineString","coordinates":[[8.52698,50.09785],[8.53571,50.1012],[8.53826,50.10191],[8.54049,50.10222]]},"properties":{}},{"type":"Feature","geometry":{"type":"LineString","coordinates":[[8.53549,50.08849],[8.53074,50.08592],[8.52958,50.08416],[8.52699,50.08207]]},"properties":{}},{"type":"Feature","geometry":{"type":"LineString","coordinates":[[8.527,50.06105],[8.52791,50.06162]]},"properties":{}},{"type":"Feature","geometry":{"type":"LineString","coordinates":[[8.52702,50.08656],[8.52899,50.08738]]},"properties":{}},{"type":"Feature","geometry":{"type":"LineString","coordinates":[[8.52704,50.09922],[8.52891,50.10002]]},"properties":{}},{"type":"Feature","geometry":{"type":"LineString","coordinates":[[8.52879,50.10003],[8.52704,50.09922]]},"properties":{}},{"type":"Feature","geometry":{"type":"LineString","coordinates":[[8.52711,50.08653],[8.52899,50.08738]]},"properties":{}},{"type":"Feature","geometry":{"type":"LineString","coordinates":[[8.52747,50.0789],[8.52875,50.07857],[8.53227,50.07873]]},"properties":{}},{"type":"Feature","geometry":{"type":"LineString","coordinates":[[8.53578,50.06516],[8.53214,50.06388],[8.52752,50.0613]]},"properties":{}},{"type":"Feature","geometry":{"type":"LineString","coordinates":[[8.52953,50.08832],[8.52766,50.08761]]},"properties":{}},{"type":"Feature","geometry":{"type":"LineString","coordinates":[[8.52768,50.08167],[8.52998,50.08313]]},"properties":{}},{"type":"Feature","geometry":{"type":"LineString","coordinates":[[8.52771,50.09268],[8.52791,50.09273]]},"properties":{}},{"type":"Feature","geometry":{"type":"LineString","coordinates":[[8.53184,50.07875],[8.52874,50.07863],[8.52776,50.07881]]},"properties":{}},{"type":"Feature","geometry":{"type":"LineString","coordinates":[[8.53152,50.08905],[8.52785,50.08764]]},"properties":{}},{"type":"Feature","geometry":{"type":"LineString","coordinates":[[8.53075,50.08874],[8.52785,50.08764]]},"properties":{}},{"type":"Feature","geometry":{"type":"LineString","coordinates":[[8.528,50.08187],[8.53145,50.08363]]},"properties":{}},{"type":"Feature","geometry":{"type":"LineString","coordinates":[[8.52802,50.08749],[8.52997,50.08843]]},"properties":{}},{"type":"Feature","geometry":{"type":"LineString","coordinates":[[8.52806,50.06171],[8.52939,50.06242]]},"properties":{}},{"type":"Feature","geometry":{"type":"LineString","coordinates":[[8.52807,50.07875],[8.52946,50.07888],[8.53201,50.08039]]},"properties":{}},{"type":"Feature","geometry":{"type":"LineString","coordinates":[[8.52824,50.08713],[8.52884,50.08737]]},"properties":{}},{"type":"Feature","geometry":{"type":"LineString","coordinates":[[8.52842,50.0822],[8.53053,50.08328]]},"properties":{}},{"type":"Feature","geometry":{"type":"LineString","coordinates":[[8.52843,50.07872],[8.53382,50.0787]]},"properties":{}},{"type":"Feature","geometry":{"type":"LineString","coordinates":[[8.52843,50.0975],[8.53189,50.09844]]},"properties":{}},{"type":"Feature","geometry":{"type":"LineString","coordinates":[[8.52855,50.07926],[8.53055,50.08018]]},"properties":{}},{"type":"Feature","geometry":{"type":"LineString","coordinates":[[8.52859,50.07922],[8.53022,50.08002]]},"properties":{}},{"type":"Feature","geometry":{"type":"LineString","coordinates":[[8.5287,50.09764],[8.52937,50.09805]]},"properties":{}},{"type":"Feature","geometry":{"type":"LineString","coordinates":[[8.52899,50.08738],[8.52959,50.08777]]},"properties":{}},{"type":"Feature","geometry":{"type":"LineString","coordinates":[[8.52908,50.09784],[8.53128,50.09852]]},"properties":{}},{"type":"Feature","geometry":{"type":"LineString","coordinates":[[8.53125,50.09855],[8.52908,50.09784]]},"properties":{}},{"type":"Feature","geometry":{"type":"LineString","coordinates":[[8.52949,50.32956],[8.5298,50.3291]]},"properties":{}},{"type":"Feature","geometry":{"type":"LineString","coordinates":[[8.53123,50.09859],[8.52961,50.09811]]},"properties":{}},{"type":"Feature","geometry":{"type":"LineString","coordinates":[[8.52988,50.06269],[8.53141,50.0635]]},"properties":{}},{"type":"Feature","geometry":{"type":"LineString","coordinates":[[8.52994,50.09856],[8.53307,50.09994]]},"properties":{}},{"type":"Feature","geometry":{"type":"LineString","coordinates":[[8.53186,50.09849],[8.53006,50.09806]]},"properties":{}},{"type":"Feature","geometry":{"type":"LineString","coordinates":[[8.53544,50.08801],[8.53092,50.08568],[8.53015,50.08506]]},"properties":{}},{"type":"Feature","geometry":{"type":"LineString","coordinates":[[8.53015,50.08515],[8.53103,50.08606],[8.53553,50.08846]]},"properties":{}},{"type":"Feature","geometry":{"type":"LineString","coordinates":[[8.53036,50.06291],[8.53157,50.06352]]},"properties":{}},{"type":"Feature","geometry":{"type":"LineString","coordinates":[[8.53577,50.1008],[8.53081,50.09871]]},"properties":{}},{"type":"Feature","geometry":{"type":"LineString","coordinates":[[8.5327,50.09978],[8.53081,50.09871]]},"properties":{}},{"type":"Feature","geometry":{"type":"LineString","coordinates":[[8.53239,50.0811],[8.53085,50.0804]]},"properties":{}},{"type":"Feature","geometry":{"type":"LineString","coordinates":[[8.53723,50.102],[8.53187,50.10028]]},"properties":{}},{"type":"Feature","geometry":{"type":"LineString","coordinates":[[8.53214,50.06388],[8.53381,50.06451]]},"properties":{}},{"type":"Feature","geometry":{"type":"LineString","coordinates":[[8.53255,50.09765],[8.53221,50.09889]]},"properties":{}},{"type":"Feature","geometry":{"type":"LineString","coordinates":[[8.53247,50.09765],[8.53323,50.09647]]},"properties":{}},{"type":"Feature","geometry":{"type":"LineString","coordinates":[[8.54215,50.07751],[8.54034,50.07702],[8.53895,50.07698],[8.53666,50.07738],[8.5347,50.07851],[8.53294,50.0787]]},"properties":{}},{"type":"Feature","geometry":{"type":"LineString","coordinates":[[8.53294,50.0787],[8.53471,50.07856],[8.5368,50.07738],[8.53902,50.07702],[8.54023,50.07705],[8.54213,50.07755]]},"properties":{}},{"type":"Feature","geometry":{"type":"LineString","coordinates":[[8.53375,50.10014],[8.53268,50.09957],[8.53215,50.09864],[8.53224,50.09808],[8.53317,50.09646]]},"properties":{}},{"type":"Feature","geometry":{"type":"LineString","coordinates":[[8.53414,50.06463],[8.53578,50.06516]]},"properties":{}},{"type":"Feature","geometry":{"type":"LineString","coordinates":[[8.53418,50.10119],[8.53545,50.10159]]},"properties":{}},{"type":"Feature","geometry":{"type":"LineString","coordinates":[[8.53419,50.09017],[8.53944,50.09232]]},"properties":{}},{"type":"Feature","geometry":{"type":"LineString","coordinates":[[8.53448,50.10006],[8.53611,50.10095]]},"properties":{}},{"type":"Feature","geometry":{"type":"LineString","coordinates":[[8.5345,50.08797],[8.53501,50.08829]]},"properties":{}},{"type":"Feature","geometry":{"type":"LineString","coordinates":[[8.53451,50.09984],[8.53579,50.10076],[8.53701,50.1012]]},"properties":{}},{"type":"Feature","geometry":{"type":"LineString","coordinates":[[8.53708,50.09149],[8.53455,50.09047]]},"properties":{}},{"type":"Feature","geometry":{"type":"LineString","coordinates":[[8.53458,50.0879],[8.53516,50.08827]]},"properties":{}},{"type":"Feature","geometry":{"type":"LineString","coordinates":[[8.53543,50.10141],[8.53464,50.10123]]},"properties":{}},{"type":"Feature","geometry":{"type":"LineString","coordinates":[[8.53479,50.10171],[8.53872,50.10256]]},"properties":{}},{"type":"Feature","geometry":{"type":"LineString","coordinates":[[8.53545,50.10159],[8.53807,50.1024],[8.53972,50.10261]]},"properties":{}},{"type":"Feature","geometry":{"type":"LineString","coordinates":[[8.53545,50.10159],[8.53872,50.10256]]},"properties":{}},{"type":"Feature","geometry":{"type":"LineString","coordinates":[[8.5465,50.10321],[8.53988,50.10253],[8.53549,50.10142]]},"properties":{}},{"type":"Feature","geometry":{"type":"LineString","coordinates":[[8.53632,50.1017],[8.53549,50.10142]]},"properties":{}},{"type":"Feature","geometry":{"type":"LineString","coordinates":[[8.53574,50.10081],[8.53611,50.10095]]},"properties":{}},{"type":"Feature","geometry":{"type":"LineString","coordinates":[[8.57509,50.05218],[8.56672,50.05029],[8.56219,50.04967],[8.55871,50.04958],[8.55584,50.05015],[8.55294,50.05161],[8.55188,50.05259],[8.5511,50.05379],[8.55075,50.05585],[8.55171,50.05912],[8.55172,50.06044],[8.55098,50.06225],[8.54959,50.06368],[8.54707,50.06502],[8.544,50.06572],[8.53986,50.06578],[8.53578,50.06516]]},"properties":{}},{"type":"Feature","geometry":{"type":"LineString","coordinates":[[8.53868,50.10121],[8.53732,50.10125],[8.53596,50.10093]]},"properties":{}},{"type":"Feature","geometry":{"type":"LineString","coordinates":[[8.53611,50.10095],[8.5365,50.10108]]},"properties":{}},{"type":"Feature","geometry":{"type":"LineString","coordinates":[[8.53843,50.09204],[8.53622,50.09103]]},"properties":{}},{"type":"Feature","geometry":{"type":"LineString","coordinates":[[8.53632,50.1017],[8.53662,50.10178]]},"properties":{}},{"type":"Feature","geometry":{"type":"LineString","coordinates":[[8.53662,50.10178],[8.53807,50.10219]]},"properties":{}},{"type":"Feature","geometry":{"type":"LineString","coordinates":[[8.53662,50.10178],[8.53723,50.102]]},"properties":{}},{"type":"Feature","geometry":{"type":"LineString","coordinates":[[8.53705,50.10181],[8.53832,50.10204]]},"properties":{}},{"type":"Feature","geometry":{"type":"LineString","coordinates":[[8.53856,50.10218],[8.53705,50.10181]]},"properties":{}},{"type":"Feature","geometry":{"type":"LineString","coordinates":[[8.53727,50.10201],[8.53723,50.102]]},"properties":{}},{"type":"Feature","geometry":{"type":"LineString","coordinates":[[8.53807,50.10219],[8.53727,50.10201]]},"properties":{}},{"type":"Feature","geometry":{"type":"LineString","coordinates":[[8.54011,50.10266],[8.53727,50.10201]]},"properties":{}},{"type":"Feature","geometry":{"type":"LineString","coordinates":[[8.54573,50.10321],[8.54054,50.10267],[8.53807,50.10219]]},"properties":{}},{"type":"Feature","geometry":{"type":"LineString","coordinates":[[8.53816,50.09176],[8.53901,50.09211]]},"properties":{}},{"type":"Feature","geometry":{"type":"LineString","coordinates":[[8.53832,50.10204],[8.54049,50.10222]]},"properties":{}},{"type":"Feature","geometry":{"type":"LineString","coordinates":[[8.53832,50.10204],[8.53878,50.10214]]},"properties":{}},{"type":"Feature","geometry":{"type":"LineString","coordinates":[[8.54579,50.10312],[8.53856,50.10218]]},"properties":{}},{"type":"Feature","geometry":{"type":"LineString","coordinates":[[8.53856,50.10218],[8.54579,50.10312]]},"properties":{}},{"type":"Feature","geometry":{"type":"LineString","coordinates":[[8.53872,50.10256],[8.54011,50.10266]]},"properties":{}},{"type":"Feature","geometry":{"type":"LineString","coordinates":[[8.53875,50.09218],[8.53883,50.09221]]},"properties":{}},{"type":"Feature","geometry":{"type":"LineString","coordinates":[[8.54836,50.10323],[8.53878,50.10214]]},"properties":{}},{"type":"Feature","geometry":{"type":"LineString","coordinates":[[8.53878,50.10214],[8.54836,50.10323]]},"properties":{}},{"type":"Feature","geometry":{"type":"LineString","coordinates":[[8.53888,50.10275],[8.54406,50.10324]]},"properties":{}},{"type":"Feature","geometry":{"type":"LineString","coordinates":[[8.54406,50.10324],[8.53888,50.10275]]},"properties":{}},{"type":"Feature","geometry":{"type":"LineString","coordinates":[[8.54067,50.103],[8.53895,50.10279]]},"properties":{}},{"type":"Feature","geometry":{"type":"LineString","coordinates":[[8.53897,50.09505],[8.54053,50.09327],[8.54052,50.09294],[8.5401,50.0926]]},"properties":{}},{"type":"Feature","geometry":{"type":"LineString","coordinates":[[8.54054,50.10285],[8.53901,50.10262]]},"properties":{}},{"type":"Feature","geometry":{"type":"LineString","coordinates":[[8.53906,50.10263],[8.54439,50.10324]]},"properties":{}},{"type":"Feature","geometry":{"type":"LineString","coordinates":[[8.53907,50.1026],[8.54041,50.10276]]},"properties":{}},{"type":"Feature","geometry":{"type":"LineString","coordinates":[[8.53907,50.10213],[8.54094,50.10235]]},"properties":{}},{"type":"Feature","geometry":{"type":"LineString","coordinates":[[8.5423,50.09382],[8.53944,50.09232]]},"properties":{}},{"type":"Feature","geometry":{"type":"LineString","coordinates":[[8.54223,50.09384],[8.53944,50.09232]]},"properties":{}},{"type":"Feature","geometry":{"type":"LineString","coordinates":[[8.5396,50.1028],[8.54054,50.10285]]},"properties":{}},{"type":"Feature","geometry":{"type":"LineString","coordinates":[[8.54095,50.09306],[8.54132,50.09345],[8.54132,50.09395],[8.5398,50.09543]]},"properties":{}},{"type":"Feature","geometry":{"type":"LineString","coordinates":[[8.54038,50.09351],[8.53989,50.09401]]},"properties":{}},{"type":"Feature","geometry":{"type":"LineString","coordinates":[[8.54234,50.09379],[8.54009,50.09254]]},"properties":{}},{"type":"Feature","geometry":{"type":"LineString","coordinates":[[8.54437,50.10317],[8.54011,50.10266]]},"properties":{}},{"type":"Feature","geometry":{"type":"LineString","coordinates":[[8.54109,50.09425],[8.54028,50.09509]]},"properties":{}},{"type":"Feature","geometry":{"type":"LineString","coordinates":[[8.54049,50.10222],[8.54682,50.10296]]},"properties":{}},{"type":"Feature","geometry":{"type":"LineString","coordinates":[[8.54049,50.10222],[8.54682,50.10296]]},"properties":{}},{"type":"Feature","geometry":{"type":"LineString","coordinates":[[8.54054,50.10285],[8.54407,50.10322]]},"properties":{}},{"type":"Feature","geometry":{"type":"LineString","coordinates":[[8.54087,50.09449],[8.54057,50.0949]]},"properties":{}},{"type":"Feature","geometry":{"type":"LineString","coordinates":[[8.54201,50.09391],[8.54062,50.09287]]},"properties":{}},{"type":"Feature","geometry":{"type":"LineString","coordinates":[[8.54157,50.0774],[8.54081,50.07714]]},"properties":{}},{"type":"Feature","geometry":{"type":"LineString","coordinates":[[8.54226,50.09398],[8.54113,50.0932]]},"properties":{}},{"type":"Feature","geometry":{"type":"LineString","coordinates":[[8.5422,50.09387],[8.54122,50.09321]]},"properties":{}},{"type":"Feature","geometry":{"type":"LineString","coordinates":[[8.54439,50.10324],[8.54406,50.10324]]},"properties":{}},{"type":"Feature","geometry":{"type":"LineString","coordinates":[[8.54437,50.10317],[8.54514,50.10322]]},"properties":{}},{"type":"Feature","geometry":{"type":"LineString","coordinates":[[8.54529,50.10328],[8.54437,50.10317]]},"properties":{}},{"type":"Feature","geometry":{"type":"LineString","coordinates":[[8.54439,50.10324],[8.54529,50.10328]]},"properties":{}},{"type":"Feature","geometry":{"type":"LineString","coordinates":[[8.54514,50.10322],[8.54439,50.10324]]},"properties":{}},{"type":"Feature","geometry":{"type":"LineString","coordinates":[[8.54453,50.15699],[8.54535,50.15611]]},"properties":{}},{"type":"Feature","geometry":{"type":"LineString","coordinates":[[8.54637,50.15517],[8.54453,50.15699]]},"properties":{}},{"type":"Feature","geometry":{"type":"LineString","coordinates":[[8.54514,50.10322],[8.54661,50.10328]]},"properties":{}},{"type":"Feature","geometry":{"type":"LineString","coordinates":[[8.54573,50.10321],[8.54514,50.10322]]},"properties":{}},{"type":"Feature","geometry":{"type":"LineString","coordinates":[[8.54735,50.10329],[8.54529,50.10328]]},"properties":{}},{"type":"Feature","geometry":{"type":"LineString","coordinates":[[8.54535,50.15611],[8.54544,50.15601]]},"properties":{}},{"type":"Feature","geometry":{"type":"LineString","coordinates":[[8.54544,50.15601],[8.5497,50.15179]]},"properties":{}},{"type":"Feature","geometry":{"type":"LineString","coordinates":[[8.54637,50.15517],[8.54544,50.15601]]},"properties":{}},{"type":"Feature","geometry":{"type":"LineString","coordinates":[[8.54735,50.10329],[8.54573,50.10321]]},"properties":{}},{"type":"Feature","geometry":{"type":"LineString","coordinates":[[8.5465,50.10321],[8.54573,50.10321]]},"properties":{}},{"type":"Feature","geometry":{"type":"LineString","coordinates":[[8.54579,50.10312],[8.54829,50.10326]]},"properties":{}},{"type":"Feature","geometry":{"type":"LineString","coordinates":[[8.56328,50.14228],[8.55367,50.14807],[8.54637,50.15517]]},"properties":{}},{"type":"Feature","geometry":{"type":"LineString","coordinates":[[8.54829,50.10326],[8.5465,50.10321]]},"properties":{}},{"type":"Feature","geometry":{"type":"LineString","coordinates":[[8.54682,50.10296],[8.54727,50.10302]]},"properties":{}},{"type":"Feature","geometry":{"type":"LineString","coordinates":[[8.54727,50.10302],[8.55292,50.1034],[8.56801,50.10317],[8.57169,50.10222],[8.58823,50.09599],[8.59225,50.09489],[8.59765,50.09427],[8.6121,50.0943]]},"properties":{}},{"type":"Feature","geometry":{"type":"LineString","coordinates":[[8.54817,50.10316],[8.54727,50.10302]]},"properties":{}},{"type":"Feature","geometry":{"type":"LineString","coordinates":[[8.5493,50.10332],[8.54735,50.10329]]},"properties":{}},{"type":"Feature","geometry":{"type":"LineString","coordinates":[[8.54848,50.10319],[8.54817,50.10316]]},"properties":{}},{"type":"Feature","geometry":{"type":"LineString","coordinates":[[8.54897,50.10327],[8.54829,50.10326]]},"properties":{}},{"type":"Feature","geometry":{"type":"LineString","coordinates":[[8.5493,50.10332],[8.54829,50.10326]]},"properties":{}},{"type":"Feature","geometry":{"type":"LineString","coordinates":[[8.54897,50.10327],[8.54836,50.10323]]},"properties":{}},{"type":"Feature","geometry":{"type":"LineString","coordinates":[[8.63814,50.0977],[8.63123,50.09499],[8.62826,50.0944],[8.59669,50.09435],[8.59311,50.09476],[8.5894,50.09564],[8.57244,50.10202],[8.56871,50.10311],[8.56676,50.10331],[8.55364,50.10344],[8.54848,50.10319]]},"properties":{}},{"type":"Feature","geometry":{"type":"LineString","coordinates":[[8.54983,50.10331],[8.54848,50.10319]]},"properties":{}},{"type":"Feature","geometry":{"type":"LineString","coordinates":[[8.54983,50.10331],[8.54897,50.10327]]},"properties":{}},{"type":"Feature","geometry":{"type":"LineString","coordinates":[[8.61237,50.10561],[8.60156,50.1058],[8.5493,50.10332]]},"properties":{}},{"type":"Feature","geometry":{"type":"LineString","coordinates":[[8.5497,50.15179],[8.55323,50.14837],[8.55446,50.14746],[8.57601,50.13469],[8.57781,50.13381],[8.58045,50.13293],[8.58271,50.13246],[8.602,50.13055]]},"properties":{}},{"type":"Feature","geometry":{"type":"LineString","coordinates":[[8.5497,50.15179],[8.55061,50.15099]]},"properties":{}},{"type":"Feature","geometry":{"type":"LineString","coordinates":[[8.54983,50.10331],[8.55099,50.10338]]},"properties":{}},{"type":"Feature","geometry":{"type":"LineString","coordinates":[[8.55162,50.10334],[8.5499,50.10332]]},"properties":{}},{"type":"Feature","geometry":{"type":"LineString","coordinates":[[8.55174,50.10337],[8.54998,50.10335]]},"properties":{}},{"type":"Feature","geometry":{"type":"LineString","coordinates":[[8.55099,50.10338],[8.60328,50.10582],[8.60897,50.10556],[8.61591,50.10559],[8.6179,50.1054],[8.61967,50.10491],[8.62601,50.10156]]},"properties":{}},{"type":"Feature","geometry":{"type":"LineString","coordinates":[[8.5522,50.10348],[8.55099,50.10338]]},"properties":{}},{"type":"Feature","geometry":{"type":"LineString","coordinates":[[8.55198,50.14956],[8.55129,50.15031]]},"properties":{}},{"type":"Feature","geometry":{"type":"LineString","coordinates":[[8.55902,50.1037],[8.55323,50.10343]]},"properties":{}},{"type":"Feature","geometry":{"type":"LineString","coordinates":[[8.55962,50.05086],[8.55778,50.05052]]},"properties":{}},{"type":"Feature","geometry":{"type":"LineString","coordinates":[[8.55962,50.05086],[8.56,50.05094]]},"properties":{}},{"type":"Feature","geometry":{"type":"LineString","coordinates":[[8.56,50.05094],[8.56249,50.05147]]},"properties":{}},{"type":"Feature","geometry":{"type":"LineString","coordinates":[[8.5618,50.05136],[8.56,50.05094]]},"properties":{}},{"type":"Feature","geometry":{"type":"LineString","coordinates":[[8.56247,50.0515],[8.5618,50.05136]]},"properties":{}},{"type":"Feature","geometry":{"type":"LineString","coordinates":[[8.56197,50.29614],[8.56526,50.29632]]},"properties":{}},{"type":"Feature","geometry":{"type":"LineString","coordinates":[[8.5731,50.05356],[8.56247,50.0515]]},"properties":{}},{"type":"Feature","geometry":{"type":"LineString","coordinates":[[8.57303,50.0537],[8.56247,50.0515]]},"properties":{}},{"type":"Feature","geometry":{"type":"LineString","coordinates":[[8.56249,50.05147],[8.57582,50.05384]]},"properties":{}},{"type":"Feature","geometry":{"type":"LineString","coordinates":[[8.56249,50.05147],[8.5731,50.05352]]},"properties":{}},{"type":"Feature","geometry":{"type":"LineString","coordinates":[[8.56419,50.14168],[8.56328,50.14228]]},"properties":{}},{"type":"Feature","geometry":{"type":"LineString","coordinates":[[8.6063,50.12721],[8.60571,50.12857],[8.60514,50.12927],[8.60414,50.12994],[8.60252,50.13049],[8.58365,50.13237],[8.57877,50.13348],[8.57605,50.13471],[8.56328,50.14228]]},"properties":{}},{"type":"Feature","geometry":{"type":"LineString","coordinates":[[8.56399,49.97697],[8.56352,49.97619]]},"properties":{}},{"type":"Feature","geometry":{"type":"LineString","coordinates":[[8.60264,50.03292],[8.56399,49.97697]]},"properties":{}},{"type":"Feature","geometry":{"type":"LineString","coordinates":[[8.56937,49.98476],[8.56406,49.97708]]},"properties":{}},{"type":"Feature","geometry":{"type":"LineString","coordinates":[[8.5642,50.2962],[8.5695,50.2965]]},"properties":{}},{"type":"Feature","geometry":{"type":"LineString","coordinates":[[8.5695,50.2965],[8.5642,50.2962]]},"properties":{}},{"type":"Feature","geometry":{"type":"LineString","coordinates":[[8.56556,50.14092],[8.56458,50.14145]]},"properties":{}},{"type":"Feature","geometry":{"type":"LineString","coordinates":[[8.56886,50.0506],[8.56562,50.05006]]},"properties":{}},{"type":"Feature","geometry":{"type":"LineString","coordinates":[[8.56886,50.0506],[8.56565,50.05011]]},"properties":{}},{"type":"Feature","geometry":{"type":"LineString","coordinates":[[8.57424,50.05195],[8.56886,50.0506]]},"properties":{}},{"type":"Feature","geometry":{"type":"LineString","coordinates":[[8.58393,50.28445],[8.58219,50.28543],[8.58124,50.28716],[8.57741,50.29144],[8.57658,50.29304],[8.57442,50.29555],[8.57248,50.29643],[8.5695,50.2965]]},"properties":{}},{"type":"Feature","geometry":{"type":"LineString","coordinates":[[8.57033,49.98606],[8.56951,49.98496]]},"properties":{}},{"type":"Feature","geometry":{"type":"LineString","coordinates":[[8.57033,49.98606],[8.60292,50.03323]]},"properties":{}},{"type":"Feature","geometry":{"type":"LineString","coordinates":[[8.57579,50.05398],[8.57303,50.0537]]},"properties":{}},{"type":"Feature","geometry":{"type":"LineString","coordinates":[[8.57828,50.05436],[8.57303,50.0537]]},"properties":{}},{"type":"Feature","geometry":{"type":"LineString","coordinates":[[8.5731,50.05356],[8.57464,50.05377]]},"properties":{}},{"type":"Feature","geometry":{"type":"LineString","coordinates":[[8.57602,50.05401],[8.5731,50.05356]]},"properties":{}},{"type":"Feature","geometry":{"type":"LineString","coordinates":[[8.5731,50.05352],[8.57582,50.05384]]},"properties":{}},{"type":"Feature","geometry":{"type":"LineString","coordinates":[[8.5731,50.05352],[8.57464,50.05377]]},"properties":{}},{"type":"Feature","geometry":{"type":"LineString","coordinates":[[8.57489,50.05207],[8.57424,50.05195]]},"properties":{}},{"type":"Feature","geometry":{"type":"LineString","coordinates":[[8.57509,50.05218],[8.57424,50.05195]]},"properties":{}},{"type":"Feature","geometry":{"type":"LineString","coordinates":[[8.57464,50.05377],[8.57603,50.05397]]},"properties":{}},{"type":"Feature","geometry":{"type":"LineString","coordinates":[[8.57489,50.05207],[8.57619,50.05236]]},"properties":{}},{"type":"Feature","geometry":{"type":"LineString","coordinates":[[8.61874,50.06674],[8.61505,50.06638],[8.61357,50.06584],[8.6123,50.06506],[8.61139,50.06411],[8.61087,50.06307],[8.61073,50.06038],[8.61018,50.05888],[8.60898,50.05766],[8.60704,50.05669],[8.60377,50.05617],[8.58928,50.05684],[8.58437,50.05589],[8.57998,50.05347],[8.57509,50.05218]]},"properties":{}},{"type":"Feature","geometry":{"type":"LineString","coordinates":[[8.57582,50.05384],[8.5761,50.05387]]},"properties":{}},{"type":"Feature","geometry":{"type":"LineString","coordinates":[[8.57764,50.0542],[8.57602,50.05401]]},"properties":{}},{"type":"Feature","geometry":{"type":"LineString","coordinates":[[8.57828,50.05436],[8.57602,50.05401]]},"properties":{}},{"type":"Feature","geometry":{"type":"LineString","coordinates":[[8.57603,50.05397],[8.57836,50.05423]]},"properties":{}},{"type":"Feature","geometry":{"type":"LineString","coordinates":[[8.57603,50.05397],[8.57764,50.0542]]},"properties":{}},{"type":"Feature","geometry":{"type":"LineString","coordinates":[[8.5761,50.05387],[8.58364,50.05442],[8.59991,50.05348],[8.60844,50.05332],[8.6116,50.05361],[8.61565,50.05477],[8.61868,50.05649],[8.62052,50.05826],[8.62272,50.06183]]},"properties":{}},{"type":"Feature","geometry":{"type":"LineString","coordinates":[[8.5761,50.05387],[8.57836,50.05423]]},"properties":{}},{"type":"Feature","geometry":{"type":"LineString","coordinates":[[8.57619,50.05236],[8.58,50.05344],[8.58391,50.0557],[8.58891,50.05675],[8.59062,50.05684],[8.60376,50.05614],[8.60657,50.05651],[8.60865,50.05739],[8.61001,50.05856],[8.61066,50.05976],[8.61077,50.06184]]},"properties":{}},{"type":"Feature","geometry":{"type":"LineString","coordinates":[[8.57619,50.05236],[8.57748,50.0527]]},"properties":{}},{"type":"Feature","geometry":{"type":"LineString","coordinates":[[8.60292,50.03323],[8.60769,50.03992],[8.60891,50.04278],[8.60904,50.0446],[8.60867,50.04643],[8.60767,50.04831],[8.6062,50.04992],[8.60274,50.05209],[8.60077,50.05283],[8.59792,50.05348],[8.58539,50.05451],[8.57764,50.0542]]},"properties":{}},{"type":"Feature","geometry":{"type":"LineString","coordinates":[[8.62267,50.06185],[8.61939,50.05741],[8.61789,50.05602],[8.61512,50.0546],[8.61159,50.05365],[8.60625,50.05337],[8.59883,50.0536],[8.58537,50.05458],[8.57828,50.05436]]},"properties":{}},{"type":"Feature","geometry":{"type":"LineString","coordinates":[[8.57836,50.05423],[8.58538,50.05446],[8.5979,50.05344],[8.60074,50.05279],[8.6027,50.05206],[8.60614,50.0499],[8.60753,50.04841],[8.60842,50.0469],[8.60894,50.04505],[8.60885,50.04313],[8.60793,50.04088],[8.60264,50.03292]]},"properties":{}},{"type":"Feature","geometry":{"type":"LineString","coordinates":[[8.57983,49.99983],[8.5852,50.00761]]},"properties":{}},{"type":"Feature","geometry":{"type":"LineString","coordinates":[[8.58041,50.00059],[8.58029,50.00039]]},"properties":{}},{"type":"Feature","geometry":{"type":"LineString","coordinates":[[8.58131,50.09307],[8.58136,50.09322]]},"properties":{}},{"type":"Feature","geometry":{"type":"LineString","coordinates":[[8.58227,50.00347],[8.58181,50.00272]]},"properties":{}},{"type":"Feature","geometry":{"type":"LineString","coordinates":[[8.58277,50.00429],[8.58214,50.00339]]},"properties":{}},{"type":"Feature","geometry":{"type":"LineString","coordinates":[[8.58277,50.00429],[8.58233,50.00356]]},"properties":{}},{"type":"Feature","geometry":{"type":"LineString","coordinates":[[8.58342,50.00529],[8.58277,50.00429]]},"properties":{}},{"type":"Feature","geometry":{"type":"LineString","coordinates":[[8.58409,50.00661],[8.58308,50.00515]]},"properties":{}},{"type":"Feature","geometry":{"type":"LineString","coordinates":[[8.5831,50.00505],[8.58384,50.00625]]},"properties":{}},{"type":"Feature","geometry":{"type":"LineString","coordinates":[[8.58764,50.01143],[8.58342,50.00529]]},"properties":{}},{"type":"Feature","geometry":{"type":"LineString","coordinates":[[8.58359,50.00564],[8.58342,50.00529]]},"properties":{}},{"type":"Feature","geometry":{"type":"LineString","coordinates":[[8.58732,50.01108],[8.58359,50.00564]]},"properties":{}},{"type":"Feature","geometry":{"type":"LineString","coordinates":[[8.58717,50.01092],[8.58359,50.00564]]},"properties":{}},{"type":"Feature","geometry":{"type":"LineString","coordinates":[[8.58384,50.00614],[8.58732,50.01108]]},"properties":{}},{"type":"Feature","geometry":{"type":"LineString","coordinates":[[8.58393,50.28445],[8.58915,50.28254]]},"properties":{}},{"type":"Feature","geometry":{"type":"LineString","coordinates":[[8.58915,50.28254],[8.58393,50.28445]]},"properties":{}},{"type":"Feature","geometry":{"type":"LineString","coordinates":[[8.58476,50.00686],[8.58499,50.00717]]},"properties":{}},{"type":"Feature","geometry":{"type":"LineString","coordinates":[[8.58536,50.10505],[8.58658,50.10514]]},"properties":{}},{"type":"Feature","geometry":{"type":"LineString","coordinates":[[8.58566,50.19751],[8.5862,50.19794]]},"properties":{}},{"type":"Feature","geometry":{"type":"LineString","coordinates":[[8.58675,50.09332],[8.58683,50.09353]]},"properties":{}},{"type":"Feature","geometry":{"type":"LineString","coordinates":[[8.58732,50.01108],[8.58764,50.01143]]},"properties":{}},{"type":"Feature","geometry":{"type":"LineString","coordinates":[[8.58749,50.02537],[8.59145,50.0218],[8.59183,50.02109],[8.59225,50.01897],[8.59182,50.01757],[8.58732,50.01108]]},"properties":{}},{"type":"Feature","geometry":{"type":"LineString","coordinates":[[8.58745,50.1705],[8.58354,50.19214],[8.58348,50.19385],[8.58394,50.19539],[8.58484,50.19674],[8.58635,50.19798],[8.59658,50.2026],[8.59896,50.20418],[8.6043,50.20978],[8.6098,50.21873],[8.61064,50.21955],[8.61208,50.22023],[8.61331,50.22047],[8.61723,50.22036]]},"properties":{}},{"type":"Feature","geometry":{"type":"LineString","coordinates":[[8.58745,50.1705],[8.58753,50.16976]]},"properties":{}},{"type":"Feature","geometry":{"type":"LineString","coordinates":[[8.6057,50.12919],[8.60417,50.1341],[8.60342,50.13546],[8.59358,50.14447],[8.59196,50.14672],[8.59106,50.15035],[8.58745,50.1705]]},"properties":{}},{"type":"Feature","geometry":{"type":"LineString","coordinates":[[8.62509,50.21953],[8.61864,50.22034],[8.61446,50.22056],[8.61267,50.22042],[8.61088,50.21976],[8.60973,50.21875],[8.60425,50.20979],[8.59887,50.20416],[8.59784,50.20335],[8.5952,50.20199],[8.58687,50.19835],[8.5855,50.19745],[8.5846,50.1965],[8.58363,50.1948],[8.58341,50.19267],[8.58753,50.16976]]},"properties":{}},{"type":"Feature","geometry":{"type":"LineString","coordinates":[[8.58753,50.16976],[8.59091,50.15083],[8.5919,50.14673],[8.59354,50.14445],[8.60337,50.13544],[8.60412,50.13408],[8.60583,50.12853]]},"properties":{}},{"type":"Feature","geometry":{"type":"LineString","coordinates":[[8.58764,50.01143],[8.59197,50.0177],[8.59232,50.01896],[8.59166,50.02162],[8.58763,50.02541]]},"properties":{}},{"type":"Feature","geometry":{"type":"LineString","coordinates":[[8.58831,50.0122],[8.58764,50.01143]]},"properties":{}},{"type":"Feature","geometry":{"type":"LineString","coordinates":[[8.58908,50.09556],[8.58801,50.09587]]},"properties":{}},{"type":"Feature","geometry":{"type":"LineString","coordinates":[[8.59051,50.0952],[8.58802,50.09592]]},"properties":{}},{"type":"Feature","geometry":{"type":"LineString","coordinates":[[8.59071,50.09514],[8.58803,50.0955]]},"properties":{}},{"type":"Feature","geometry":{"type":"LineString","coordinates":[[8.59108,50.09508],[8.58804,50.09596]]},"properties":{}},{"type":"Feature","geometry":{"type":"LineString","coordinates":[[8.59108,50.09508],[8.58805,50.09556]]},"properties":{}},{"type":"Feature","geometry":{"type":"LineString","coordinates":[[8.58806,50.09222],[8.59058,50.09162]]},"properties":{}},{"type":"Feature","geometry":{"type":"LineString","coordinates":[[8.58836,50.28293],[8.58965,50.28233]]},"properties":{}},{"type":"Feature","geometry":{"type":"LineString","coordinates":[[8.59593,50.0943],[8.59103,50.095],[8.58858,50.0944]]},"properties":{}},{"type":"Feature","geometry":{"type":"LineString","coordinates":[[8.58881,50.09448],[8.59053,50.09492],[8.59167,50.09488]]},"properties":{}},{"type":"Feature","geometry":{"type":"LineString","coordinates":[[8.58894,50.09179],[8.59058,50.09162]]},"properties":{}},{"type":"Feature","geometry":{"type":"LineString","coordinates":[[8.58897,49.90814],[8.59015,49.90791]]},"properties":{}},{"type":"Feature","geometry":{"type":"LineString","coordinates":[[8.58904,50.09392],[8.58951,50.0946]]},"properties":{}},{"type":"Feature","geometry":{"type":"LineString","coordinates":[[8.58995,50.01449],[8.5891,50.01334]]},"properties":{}},{"type":"Feature","geometry":{"type":"LineString","coordinates":[[8.58915,50.28254],[8.59144,50.28121],[8.59599,50.28028],[8.59902,50.28039],[8.60534,50.28013],[8.60801,50.2803],[8.61226,50.28104],[8.62723,50.27998],[8.63054,50.27925],[8.63256,50.27836],[8.63777,50.27678],[8.6406,50.27553],[8.64263,50.27448],[8.64395,50.27253]]},"properties":{}},{"type":"Feature","geometry":{"type":"LineString","coordinates":[[8.58927,50.09393],[8.58961,50.09455],[8.59009,50.09482]]},"properties":{}},{"type":"Feature","geometry":{"type":"LineString","coordinates":[[8.58946,50.0942],[8.59034,50.09483],[8.59233,50.0947]]},"properties":{}},{"type":"Feature","geometry":{"type":"LineString","coordinates":[[8.59972,50.09442],[8.59442,50.0946],[8.58951,50.09567]]},"properties":{}},{"type":"Feature","geometry":{"type":"LineString","coordinates":[[8.58976,50.0942],[8.59014,50.09469],[8.59116,50.09486]]},"properties":{}},{"type":"Feature","geometry":{"type":"LineString","coordinates":[[8.58984,50.09145],[8.59137,50.09172]]},"properties":{}},{"type":"Feature","geometry":{"type":"LineString","coordinates":[[8.59053,50.02266],[8.59014,50.02311]]},"properties":{}},{"type":"Feature","geometry":{"type":"LineString","coordinates":[[8.59418,50.09358],[8.5942,50.09282],[8.5936,50.09219],[8.59058,50.09162]]},"properties":{}},{"type":"Feature","geometry":{"type":"LineString","coordinates":[[8.5907,50.02252],[8.59112,50.0222]]},"properties":{}},{"type":"Feature","geometry":{"type":"LineString","coordinates":[[8.59108,50.09508],[8.5961,50.09431],[8.60206,50.09423]]},"properties":{}},{"type":"Feature","geometry":{"type":"LineString","coordinates":[[8.59258,50.09189],[8.59146,50.09169]]},"properties":{}},{"type":"Feature","geometry":{"type":"LineString","coordinates":[[8.59167,50.09488],[8.59233,50.0947]]},"properties":{}},{"type":"Feature","geometry":{"type":"LineString","coordinates":[[8.59167,50.09488],[8.5949,50.09434],[8.5971,50.09429]]},"properties":{}},{"type":"Feature","geometry":{"type":"LineString","coordinates":[[8.59229,50.0948],[8.59412,50.09401],[8.59482,50.09225]]},"properties":{}},{"type":"Feature","geometry":{"type":"LineString","coordinates":[[8.59233,50.0947],[8.59366,50.09418],[8.59419,50.09339],[8.5939,50.09251],[8.59291,50.09199]]},"properties":{}},{"type":"Feature","geometry":{"type":"LineString","coordinates":[[8.59233,50.0947],[8.59396,50.09407],[8.5947,50.09245]]},"properties":{}},{"type":"Feature","geometry":{"type":"LineString","coordinates":[[8.59259,50.09465],[8.59393,50.09402],[8.59459,50.09258]]},"properties":{}},{"type":"Feature","geometry":{"type":"LineString","coordinates":[[8.59331,50.09212],[8.59351,50.09228],[8.59342,50.0926]]},"properties":{}},{"type":"Feature","geometry":{"type":"LineString","coordinates":[[8.59337,50.09454],[8.59493,50.0943]]},"properties":{}},{"type":"Feature","geometry":{"type":"LineString","coordinates":[[8.59354,50.09157],[8.59374,50.09119]]},"properties":{}},{"type":"Feature","geometry":{"type":"LineString","coordinates":[[8.5939,50.09251],[8.5935,50.09199],[8.59379,50.09103]]},"properties":{}},{"type":"Feature","geometry":{"type":"LineString","coordinates":[[8.59389,50.09222],[8.59426,50.09106]]},"properties":{}},{"type":"Feature","geometry":{"type":"LineString","coordinates":[[8.59403,50.0941],[8.59438,50.09371],[8.59488,50.09226]]},"properties":{}},{"type":"Feature","geometry":{"type":"LineString","coordinates":[[8.59408,50.09272],[8.59389,50.09207],[8.5942,50.09105]]},"properties":{}},{"type":"Feature","geometry":{"type":"LineString","coordinates":[[8.5942,50.09294],[8.59409,50.09261]]},"properties":{}},{"type":"Feature","geometry":{"type":"LineString","coordinates":[[8.59644,50.20259],[8.59739,50.20301]]},"properties":{}},{"type":"Feature","geometry":{"type":"LineString","coordinates":[[8.59899,50.09438],[8.59679,50.09439]]},"properties":{}},{"type":"Feature","geometry":{"type":"LineString","coordinates":[[8.59714,50.09429],[8.59899,50.09438]]},"properties":{}},{"type":"Feature","geometry":{"type":"LineString","coordinates":[[8.59899,50.09438],[8.59972,50.09442]]},"properties":{}},{"type":"Feature","geometry":{"type":"LineString","coordinates":[[8.63299,50.09645],[8.62919,50.09495],[8.62635,50.09444],[8.59899,50.09438]]},"properties":{}},{"type":"Feature","geometry":{"type":"LineString","coordinates":[[8.60895,50.09437],[8.59972,50.09442]]},"properties":{}},{"type":"Feature","geometry":{"type":"LineString","coordinates":[[8.60045,50.02966],[8.60105,50.03062]]},"properties":{}},{"type":"Feature","geometry":{"type":"LineString","coordinates":[[8.60073,50.13075],[8.602,50.13055]]},"properties":{}},{"type":"Feature","geometry":{"type":"LineString","coordinates":[[8.60202,50.03193],[8.60133,50.03102]]},"properties":{}},{"type":"Feature","geometry":{"type":"LineString","coordinates":[[8.60146,50.05628],[8.60309,50.05616]]},"properties":{}},{"type":"Feature","geometry":{"type":"LineString","coordinates":[[8.602,50.13055],[8.60385,50.13002],[8.60491,50.1294],[8.60565,50.12855],[8.6062,50.12712]]},"properties":{}},{"type":"Feature","geometry":{"type":"LineString","coordinates":[[8.62267,50.06185],[8.60264,50.03292]]},"properties":{}},{"type":"Feature","geometry":{"type":"LineString","coordinates":[[8.60292,50.03323],[8.61861,50.0559]]},"properties":{}},{"type":"Feature","geometry":{"type":"LineString","coordinates":[[8.60342,49.75704],[8.60339,49.7596],[8.60454,49.76286]]},"properties":{}},{"type":"Feature","geometry":{"type":"LineString","coordinates":[[8.60342,49.75704],[8.60322,49.75811],[8.60335,49.76016],[8.60416,49.76218]]},"properties":{}},{"type":"Feature","geometry":{"type":"LineString","coordinates":[[8.60798,49.73093],[8.60342,49.75704]]},"properties":{}},{"type":"Feature","geometry":{"type":"LineString","coordinates":[[8.60361,49.75607],[8.60347,49.75665]]},"properties":{}},{"type":"Feature","geometry":{"type":"LineString","coordinates":[[8.60551,50.05334],[8.60369,50.05342]]},"properties":{}},{"type":"Feature","geometry":{"type":"LineString","coordinates":[[8.60416,49.76218],[8.60454,49.76286]]},"properties":{}},{"type":"Feature","geometry":{"type":"LineString","coordinates":[[8.60416,49.76218],[8.60742,49.76984]]},"properties":{}},{"type":"Feature","geometry":{"type":"LineString","coordinates":[[8.62476,49.81144],[8.60454,49.76286]]},"properties":{}},{"type":"Feature","geometry":{"type":"LineString","coordinates":[[8.60457,49.76263],[8.60485,49.76331]]},"properties":{}},{"type":"Feature","geometry":{"type":"LineString","coordinates":[[8.60457,49.7628],[8.60485,49.76331]]},"properties":{}},{"type":"Feature","geometry":{"type":"LineString","coordinates":[[8.60457,49.7628],[8.60797,49.77093]]},"properties":{}},{"type":"Feature","geometry":{"type":"LineString","coordinates":[[8.60858,49.72793],[8.60341,49.75764],[8.60353,49.75998],[8.60457,49.7628]]},"properties":{}},{"type":"Feature","geometry":{"type":"LineString","coordinates":[[8.6047,49.76326],[8.60502,49.76387]]},"properties":{}},{"type":"Feature","geometry":{"type":"LineString","coordinates":[[8.60485,49.76331],[8.60797,49.77093]]},"properties":{}},{"type":"Feature","geometry":{"type":"LineString","coordinates":[[8.60505,49.76394],[8.60695,49.76802]]},"properties":{}},{"type":"Feature","geometry":{"type":"LineString","coordinates":[[8.60541,49.76447],[8.60733,49.76877]]},"properties":{}},{"type":"Feature","geometry":{"type":"LineString","coordinates":[[8.60583,50.12853],[8.6057,50.12919]]},"properties":{}},{"type":"Feature","geometry":{"type":"LineString","coordinates":[[8.6063,50.12721],[8.6057,50.12919]]},"properties":{}},{"type":"Feature","geometry":{"type":"LineString","coordinates":[[8.60574,49.76514],[8.60727,49.76864]]},"properties":{}},{"type":"Feature","geometry":{"type":"LineString","coordinates":[[8.60583,50.12853],[8.60606,50.12779]]},"properties":{}},{"type":"Feature","geometry":{"type":"LineString","coordinates":[[8.60606,50.12779],[8.60618,50.1272]]},"properties":{}},{"type":"Feature","geometry":{"type":"LineString","coordinates":[[8.60606,50.12779],[8.60646,50.12648]]},"properties":{}},{"type":"Feature","geometry":{"type":"LineString","coordinates":[[8.6062,50.12712],[8.60684,50.12462],[8.60747,50.12322]]},"properties":{}},{"type":"Feature","geometry":{"type":"LineString","coordinates":[[8.60646,50.12648],[8.6062,50.12712]]},"properties":{}},{"type":"Feature","geometry":{"type":"LineString","coordinates":[[8.60629,49.80606],[8.61228,49.80753],[8.62358,49.81167],[8.62464,49.81227],[8.62533,49.81316]]},"properties":{}},{"type":"Feature","geometry":{"type":"LineString","coordinates":[[8.6078,50.12235],[8.6063,50.12721]]},"properties":{}},{"type":"Feature","geometry":{"type":"LineString","coordinates":[[8.60646,50.12648],[8.60747,50.12322]]},"properties":{}},{"type":"Feature","geometry":{"type":"LineString","coordinates":[[8.60799,50.05335],[8.60667,50.05331]]},"properties":{}},{"type":"Feature","geometry":{"type":"LineString","coordinates":[[8.60889,50.04172],[8.60787,50.03977],[8.6069,50.03851]]},"properties":{}},{"type":"Feature","geometry":{"type":"LineString","coordinates":[[8.60733,49.76877],[8.60797,49.76967],[8.60919,49.77022],[8.61473,49.77043],[8.61615,49.77081],[8.61677,49.77121],[8.62615,49.78913]]},"properties":{}},{"type":"Feature","geometry":{"type":"LineString","coordinates":[[8.60733,49.76877],[8.60773,49.77024]]},"properties":{}},{"type":"Feature","geometry":{"type":"LineString","coordinates":[[8.60733,50.09425],[8.61339,50.09426]]},"properties":{}},{"type":"Feature","geometry":{"type":"LineString","coordinates":[[8.60747,50.12322],[8.60861,50.11995]]},"properties":{}},{"type":"Feature","geometry":{"type":"LineString","coordinates":[[8.6075,50.12312],[8.6078,50.12235]]},"properties":{}},{"type":"Feature","geometry":{"type":"LineString","coordinates":[[8.60833,50.12075],[8.6078,50.12235]]},"properties":{}},{"type":"Feature","geometry":{"type":"LineString","coordinates":[[8.60797,49.77093],[8.6303,49.82456]]},"properties":{}},{"type":"Feature","geometry":{"type":"LineString","coordinates":[[8.60813,50.04077],[8.61366,50.04875]]},"properties":{}},{"type":"Feature","geometry":{"type":"LineString","coordinates":[[8.6084,49.77214],[8.60818,49.77144]]},"properties":{}},{"type":"Feature","geometry":{"type":"LineString","coordinates":[[8.60861,50.11995],[8.60833,50.12075]]},"properties":{}},{"type":"Feature","geometry":{"type":"LineString","coordinates":[[8.62812,50.11905],[8.62036,50.11565],[8.61843,50.11525],[8.61615,50.11521],[8.61321,50.11577],[8.61107,50.11674],[8.60976,50.11799],[8.60833,50.12075]]},"properties":{}},{"type":"Feature","geometry":{"type":"LineString","coordinates":[[8.60861,50.11995],[8.60902,50.11911]]},"properties":{}},{"type":"Feature","geometry":{"type":"LineString","coordinates":[[8.60902,50.11911],[8.60997,50.11704],[8.61,50.11597],[8.60929,50.11487],[8.60442,50.11046],[8.60421,50.10912],[8.60509,50.10745],[8.60648,50.10646],[8.60863,50.10581],[8.61579,50.10573],[8.61876,50.10533],[8.62068,50.10461],[8.62486,50.10233]]},"properties":{}},{"type":"Feature","geometry":{"type":"LineString","coordinates":[[8.60902,50.11911],[8.61018,50.1174],[8.61199,50.11618],[8.61441,50.11542],[8.61723,50.11514],[8.62072,50.11573],[8.62938,50.11942]]},"properties":{}},{"type":"Feature","geometry":{"type":"LineString","coordinates":[[8.61043,50.09433],[8.60916,50.09437]]},"properties":{}},{"type":"Feature","geometry":{"type":"LineString","coordinates":[[8.61036,50.09426],[8.61125,50.09429]]},"properties":{}},{"type":"Feature","geometry":{"type":"LineString","coordinates":[[8.61192,50.0943],[8.6106,50.09433]]},"properties":{}},{"type":"Feature","geometry":{"type":"LineString","coordinates":[[8.61077,50.06184],[8.6113,50.0636],[8.61205,50.06454],[8.61323,50.06545],[8.61551,50.06633],[8.61841,50.06656]]},"properties":{}},{"type":"Feature","geometry":{"type":"LineString","coordinates":[[8.61077,50.06184],[8.61096,50.06315],[8.61134,50.06396],[8.61232,50.06502],[8.61342,50.06572],[8.61615,50.06656],[8.6206,50.06672]]},"properties":{}},{"type":"Feature","geometry":{"type":"LineString","coordinates":[[8.6121,50.0943],[8.62826,50.09437],[8.63089,50.09485],[8.63399,50.09603]]},"properties":{}},{"type":"Feature","geometry":{"type":"LineString","coordinates":[[8.61339,50.09426],[8.6121,50.0943]]},"properties":{}},{"type":"Feature","geometry":{"type":"LineString","coordinates":[[8.62653,50.10134],[8.61911,50.10515],[8.61662,50.1056],[8.61237,50.10561]]},"properties":{}},{"type":"Feature","geometry":{"type":"LineString","coordinates":[[8.61237,50.10561],[8.61629,50.10566],[8.61872,50.10529],[8.62062,50.10459],[8.62486,50.10233]]},"properties":{}},{"type":"Feature","geometry":{"type":"LineString","coordinates":[[8.61253,50.2203],[8.61326,50.22043]]},"properties":{}},{"type":"Feature","geometry":{"type":"LineString","coordinates":[[8.61266,50.0943],[8.61375,50.09434]]},"properties":{}},{"type":"Feature","geometry":{"type":"LineString","coordinates":[[8.61267,50.22042],[8.61377,50.22051]]},"properties":{}},{"type":"Feature","geometry":{"type":"LineString","coordinates":[[8.61286,50.10557],[8.6144,50.10563]]},"properties":{}},{"type":"Feature","geometry":{"type":"LineString","coordinates":[[8.6135,50.04837],[8.61322,50.048]]},"properties":{}},{"type":"Feature","geometry":{"type":"LineString","coordinates":[[8.61326,50.22043],[8.6163,50.22036]]},"properties":{}},{"type":"Feature","geometry":{"type":"LineString","coordinates":[[8.61326,50.22043],[8.61427,50.22052]]},"properties":{}},{"type":"Feature","geometry":{"type":"LineString","coordinates":[[8.61339,50.09426],[8.61375,50.09426]]},"properties":{}},{"type":"Feature","geometry":{"type":"LineString","coordinates":[[8.6147,50.09422],[8.61363,50.09422]]},"properties":{}},{"type":"Feature","geometry":{"type":"LineString","coordinates":[[8.61375,50.09426],[8.62588,50.09404],[8.62853,50.09303],[8.63016,50.09129]]},"properties":{}},{"type":"Feature","geometry":{"type":"LineString","coordinates":[[8.61594,50.09394],[8.61375,50.09426]]},"properties":{}},{"type":"Feature","geometry":{"type":"LineString","coordinates":[[8.61427,50.0943],[8.61557,50.09427]]},"properties":{}},{"type":"Feature","geometry":{"type":"LineString","coordinates":[[8.61538,50.09439],[8.61429,50.09434]]},"properties":{}},{"type":"Feature","geometry":{"type":"LineString","coordinates":[[8.61478,50.09421],[8.61641,50.09409]]},"properties":{}},{"type":"Feature","geometry":{"type":"LineString","coordinates":[[8.61517,50.22052],[8.6188,50.22046]]},"properties":{}},{"type":"Feature","geometry":{"type":"LineString","coordinates":[[8.61532,50.09413],[8.61621,50.09396]]},"properties":{}},{"type":"Feature","geometry":{"type":"LineString","coordinates":[[8.61538,50.22046],[8.62529,50.2194]]},"properties":{}},{"type":"Feature","geometry":{"type":"LineString","coordinates":[[8.61703,49.90135],[8.61555,49.9017]]},"properties":{}},{"type":"Feature","geometry":{"type":"LineString","coordinates":[[8.61583,50.22043],[8.61701,50.22043]]},"properties":{}},{"type":"Feature","geometry":{"type":"LineString","coordinates":[[8.6159,50.09402],[8.6166,50.0938]]},"properties":{}},{"type":"Feature","geometry":{"type":"LineString","coordinates":[[8.61679,50.09357],[8.61594,50.09394]]},"properties":{}},{"type":"Feature","geometry":{"type":"LineString","coordinates":[[8.61594,50.09394],[8.6169,50.09366]]},"properties":{}},{"type":"Feature","geometry":{"type":"LineString","coordinates":[[8.61621,50.09396],[8.62387,50.0936]]},"properties":{}},{"type":"Feature","geometry":{"type":"LineString","coordinates":[[8.61621,50.09396],[8.61652,50.09392]]},"properties":{}},{"type":"Feature","geometry":{"type":"LineString","coordinates":[[8.6163,50.09389],[8.61755,50.09369],[8.62387,50.0936]]},"properties":{}},{"type":"Feature","geometry":{"type":"LineString","coordinates":[[8.61631,50.09383],[8.61656,50.09373]]},"properties":{}},{"type":"Feature","geometry":{"type":"LineString","coordinates":[[8.61641,50.09409],[8.61715,50.09404]]},"properties":{}},{"type":"Feature","geometry":{"type":"LineString","coordinates":[[8.61641,50.09409],[8.61871,50.09409]]},"properties":{}},{"type":"Feature","geometry":{"type":"LineString","coordinates":[[8.61649,50.22033],[8.62529,50.2194]]},"properties":{}},{"type":"Feature","geometry":{"type":"LineString","coordinates":[[8.61652,50.09392],[8.62218,50.09389]]},"properties":{}},{"type":"Feature","geometry":{"type":"LineString","coordinates":[[8.61652,50.09392],[8.62144,50.09393]]},"properties":{}},{"type":"Feature","geometry":{"type":"LineString","coordinates":[[8.61656,50.09373],[8.61831,50.09319],[8.62454,50.09322]]},"properties":{}},{"type":"Feature","geometry":{"type":"LineString","coordinates":[[8.61656,50.09373],[8.61829,50.09331],[8.62454,50.09322]]},"properties":{}},{"type":"Feature","geometry":{"type":"LineString","coordinates":[[8.6166,50.0938],[8.61785,50.09354],[8.62344,50.09354],[8.625,50.0932]]},"properties":{}},{"type":"Feature","geometry":{"type":"LineString","coordinates":[[8.6166,50.0938],[8.62073,50.0936]]},"properties":{}},{"type":"Feature","geometry":{"type":"LineString","coordinates":[[8.61986,49.89126],[8.61818,49.89065],[8.61662,49.89069]]},"properties":{}},{"type":"Feature","geometry":{"type":"LineString","coordinates":[[8.62156,50.09419],[8.61679,50.09427]]},"properties":{}},{"type":"Feature","geometry":{"type":"LineString","coordinates":[[8.61679,50.09357],[8.6183,50.0928],[8.61881,50.09176]]},"properties":{}},{"type":"Feature","geometry":{"type":"LineString","coordinates":[[8.61714,50.09342],[8.61679,50.09357]]},"properties":{}},{"type":"Feature","geometry":{"type":"LineString","coordinates":[[8.6169,50.09366],[8.61822,50.09337],[8.62459,50.09325]]},"properties":{}},{"type":"Feature","geometry":{"type":"LineString","coordinates":[[8.6169,50.09366],[8.62345,50.09349],[8.625,50.0932]]},"properties":{}},{"type":"Feature","geometry":{"type":"LineString","coordinates":[[8.61866,49.89545],[8.617,49.89639]]},"properties":{}},{"type":"Feature","geometry":{"type":"LineString","coordinates":[[8.62049,49.89348],[8.61707,49.89533]]},"properties":{}},{"type":"Feature","geometry":{"type":"LineString","coordinates":[[8.62049,49.89348],[8.61711,49.89536]]},"properties":{}},{"type":"Feature","geometry":{"type":"LineString","coordinates":[[8.61986,49.89126],[8.62169,49.8921],[8.62201,49.8926],[8.62193,49.89321],[8.61712,49.89648]]},"properties":{}},{"type":"Feature","geometry":{"type":"LineString","coordinates":[[8.62288,50.09292],[8.61938,50.09287],[8.61714,50.09342]]},"properties":{}},{"type":"Feature","geometry":{"type":"LineString","coordinates":[[8.61755,50.09327],[8.61714,50.09342]]},"properties":{}},{"type":"Feature","geometry":{"type":"LineString","coordinates":[[8.61718,50.22042],[8.61944,50.22037],[8.62509,50.21953]]},"properties":{}},{"type":"Feature","geometry":{"type":"LineString","coordinates":[[8.61723,50.22036],[8.62431,50.21958]]},"properties":{}},{"type":"Feature","geometry":{"type":"LineString","coordinates":[[8.61723,50.22036],[8.62431,50.21958]]},"properties":{}},{"type":"Feature","geometry":{"type":"LineString","coordinates":[[8.61738,50.0542],[8.61821,50.05531]]},"properties":{}},{"type":"Feature","geometry":{"type":"LineString","coordinates":[[8.6237,50.09307],[8.61943,50.09292],[8.61755,50.09327]]},"properties":{}},{"type":"Feature","geometry":{"type":"LineString","coordinates":[[8.62407,50.09316],[8.61755,50.09327]]},"properties":{}},{"type":"Feature","geometry":{"type":"LineString","coordinates":[[8.61791,50.2202],[8.61928,50.22012]]},"properties":{}},{"type":"Feature","geometry":{"type":"LineString","coordinates":[[8.61848,49.89459],[8.61803,49.89479]]},"properties":{}},{"type":"Feature","geometry":{"type":"LineString","coordinates":[[8.6182,49.89551],[8.61962,49.89473]]},"properties":{}},{"type":"Feature","geometry":{"type":"LineString","coordinates":[[8.61841,50.06656],[8.61863,50.06657]]},"properties":{}},{"type":"Feature","geometry":{"type":"LineString","coordinates":[[8.61861,50.0559],[8.62085,50.05852],[8.62381,50.06326],[8.62537,50.06504],[8.62796,50.06643],[8.6338,50.06819]]},"properties":{}},{"type":"Feature","geometry":{"type":"LineString","coordinates":[[8.61861,50.0559],[8.62272,50.06183]]},"properties":{}},{"type":"Feature","geometry":{"type":"LineString","coordinates":[[8.61863,50.06657],[8.62416,50.06669],[8.63079,50.06754]]},"properties":{}},{"type":"Feature","geometry":{"type":"LineString","coordinates":[[8.61863,50.06657],[8.62015,50.06662]]},"properties":{}},{"type":"Feature","geometry":{"type":"LineString","coordinates":[[8.61874,50.06674],[8.6206,50.06672]]},"properties":{}},{"type":"Feature","geometry":{"type":"LineString","coordinates":[[8.63204,50.06816],[8.62762,50.06721],[8.61874,50.06674]]},"properties":{}},{"type":"Feature","geometry":{"type":"LineString","coordinates":[[8.61882,49.90082],[8.6225,49.89962],[8.62951,49.89599],[8.63097,49.89495],[8.63159,49.89401],[8.63177,49.89292],[8.63143,49.89186],[8.62839,49.88851],[8.62693,49.88662],[8.62645,49.88565],[8.62632,49.88377],[8.62729,49.8805]]},"properties":{}},{"type":"Feature","geometry":{"type":"LineString","coordinates":[[8.61882,49.90082],[8.63125,49.89762]]},"properties":{}},{"type":"Feature","geometry":{"type":"LineString","coordinates":[[8.63051,49.89784],[8.6192,49.90082]]},"properties":{}},{"type":"Feature","geometry":{"type":"LineString","coordinates":[[8.6378,49.89375],[8.6396,49.8953],[8.64017,49.89676],[8.63966,49.89835],[8.63901,49.89903],[8.63776,49.89976],[8.63636,49.9002],[8.63454,49.90037],[8.62883,49.89952],[8.62588,49.89944],[8.6192,49.90082]]},"properties":{}},{"type":"Feature","geometry":{"type":"LineString","coordinates":[[8.6319,49.89745],[8.62853,49.89794],[8.627,49.89772],[8.62575,49.89725],[8.62431,49.89597],[8.62389,49.89381],[8.62311,49.89266],[8.62201,49.89189],[8.61986,49.89126]]},"properties":{}},{"type":"Feature","geometry":{"type":"LineString","coordinates":[[8.62717,50.06702],[8.62015,50.06662]]},"properties":{}},{"type":"Feature","geometry":{"type":"LineString","coordinates":[[8.62034,49.89144],[8.62093,49.89183],[8.62122,49.89242],[8.62106,49.893],[8.62049,49.89348]]},"properties":{}},{"type":"Feature","geometry":{"type":"LineString","coordinates":[[8.6206,50.06672],[8.62552,50.0669]]},"properties":{}},{"type":"Feature","geometry":{"type":"LineString","coordinates":[[8.62081,50.06672],[8.623,50.06682]]},"properties":{}},{"type":"Feature","geometry":{"type":"LineString","coordinates":[[8.6212,50.0936],[8.6245,50.0934]]},"properties":{}},{"type":"Feature","geometry":{"type":"LineString","coordinates":[[8.62407,50.09316],[8.62129,50.09301]]},"properties":{}},{"type":"Feature","geometry":{"type":"LineString","coordinates":[[8.62337,50.09376],[8.62144,50.09393]]},"properties":{}},{"type":"Feature","geometry":{"type":"LineString","coordinates":[[8.62337,50.09376],[8.62144,50.09393]]},"properties":{}},{"type":"Feature","geometry":{"type":"LineString","coordinates":[[8.62256,50.09406],[8.62156,50.09419]]},"properties":{}},{"type":"Feature","geometry":{"type":"LineString","coordinates":[[8.62325,50.09414],[8.62156,50.09419]]},"properties":{}},{"type":"Feature","geometry":{"type":"LineString","coordinates":[[8.62275,50.09408],[8.62194,50.09419]]},"properties":{}},{"type":"Feature","geometry":{"type":"LineString","coordinates":[[8.62333,50.0938],[8.62205,50.09402]]},"properties":{}},{"type":"Feature","geometry":{"type":"LineString","coordinates":[[8.62236,49.87658],[8.62249,49.87757]]},"properties":{}},{"type":"Feature","geometry":{"type":"LineString","coordinates":[[8.62251,49.8777],[8.62269,49.87847]]},"properties":{}},{"type":"Feature","geometry":{"type":"LineString","coordinates":[[8.62256,50.09406],[8.6245,50.0934]]},"properties":{}},{"type":"Feature","geometry":{"type":"LineString","coordinates":[[8.62256,50.09406],[8.62544,50.09314]]},"properties":{}},{"type":"Feature","geometry":{"type":"LineString","coordinates":[[8.62351,50.06306],[8.62267,50.06185]]},"properties":{}},{"type":"Feature","geometry":{"type":"LineString","coordinates":[[8.62269,49.88197],[8.62332,49.88324]]},"properties":{}},{"type":"Feature","geometry":{"type":"LineString","coordinates":[[8.62272,50.06183],[8.62293,50.06213]]},"properties":{}},{"type":"Feature","geometry":{"type":"LineString","coordinates":[[8.62523,50.09325],[8.62275,50.09408]]},"properties":{}},{"type":"Feature","geometry":{"type":"LineString","coordinates":[[8.62275,50.09408],[8.62329,50.09395]]},"properties":{}},{"type":"Feature","geometry":{"type":"LineString","coordinates":[[8.65575,50.09898],[8.65442,50.09908],[8.65076,50.10012],[8.64832,50.10007],[8.63896,50.09636],[8.63361,50.09337],[8.63196,50.09273],[8.62886,50.09231],[8.62485,50.09304],[8.62288,50.09292]]},"properties":{}},{"type":"Feature","geometry":{"type":"LineString","coordinates":[[8.62288,50.09292],[8.6237,50.09307]]},"properties":{}},{"type":"Feature","geometry":{"type":"LineString","coordinates":[[8.62293,50.06213],[8.62464,50.06448],[8.62663,50.06594],[8.63515,50.06865]]},"properties":{}},{"type":"Feature","geometry":{"type":"LineString","coordinates":[[8.62293,50.06213],[8.62351,50.06306]]},"properties":{}},{"type":"Feature","geometry":{"type":"LineString","coordinates":[[8.6231,49.88116],[8.62364,49.88288]]},"properties":{}},{"type":"Feature","geometry":{"type":"LineString","coordinates":[[8.62316,49.88115],[8.62339,49.88178]]},"properties":{}},{"type":"Feature","geometry":{"type":"LineString","coordinates":[[8.62325,50.09414],[8.62366,50.09408]]},"properties":{}},{"type":"Feature","geometry":{"type":"LineString","coordinates":[[8.62762,50.09322],[8.62325,50.09414]]},"properties":{}},{"type":"Feature","geometry":{"type":"LineString","coordinates":[[8.62327,49.78354],[8.62475,49.78515]]},"properties":{}},{"type":"Feature","geometry":{"type":"LineString","coordinates":[[8.62347,49.78381],[8.62328,49.78344]]},"properties":{}},{"type":"Feature","geometry":{"type":"LineString","coordinates":[[8.6276,50.09284],[8.62549,50.09322],[8.62329,50.09395]]},"properties":{}},{"type":"Feature","geometry":{"type":"LineString","coordinates":[[8.62329,50.09395],[8.62512,50.09338]]},"properties":{}},{"type":"Feature","geometry":{"type":"LineString","coordinates":[[8.62371,50.09367],[8.62337,50.09376]]},"properties":{}},{"type":"Feature","geometry":{"type":"LineString","coordinates":[[8.62341,49.8811],[8.62353,49.88156]]},"properties":{}},{"type":"Feature","geometry":{"type":"LineString","coordinates":[[8.62347,49.8811],[8.62368,49.88267],[8.62387,49.88152],[8.62602,49.87902],[8.62664,49.87794]]},"properties":{}},{"type":"Feature","geometry":{"type":"LineString","coordinates":[[8.62358,50.06315],[8.62351,50.06306]]},"properties":{}},{"type":"Feature","geometry":{"type":"LineString","coordinates":[[8.62362,49.88108],[8.62356,49.88179]]},"properties":{}},{"type":"Feature","geometry":{"type":"LineString","coordinates":[[8.63399,50.06835],[8.62658,50.06598],[8.6249,50.06482],[8.62358,50.06315]]},"properties":{}},{"type":"Feature","geometry":{"type":"LineString","coordinates":[[8.62679,50.06648],[8.62488,50.06519],[8.62358,50.06315]]},"properties":{}},{"type":"Feature","geometry":{"type":"LineString","coordinates":[[8.62372,49.88113],[8.6236,49.88204]]},"properties":{}},{"type":"Feature","geometry":{"type":"LineString","coordinates":[[8.62382,49.88109],[8.62362,49.88271]]},"properties":{}},{"type":"Feature","geometry":{"type":"LineString","coordinates":[[8.62366,50.09408],[8.62752,50.09305]]},"properties":{}},{"type":"Feature","geometry":{"type":"LineString","coordinates":[[8.62366,50.09408],[8.62757,50.09313]]},"properties":{}},{"type":"Feature","geometry":{"type":"LineString","coordinates":[[8.62366,49.88179],[8.62664,49.87794]]},"properties":{}},{"type":"Feature","geometry":{"type":"LineString","coordinates":[[8.62514,50.09309],[8.6237,50.09307]]},"properties":{}},{"type":"Feature","geometry":{"type":"LineString","coordinates":[[8.62383,49.78339],[8.62494,49.7854]]},"properties":{}},{"type":"Feature","geometry":{"type":"LineString","coordinates":[[8.62409,50.09354],[8.62387,50.0936]]},"properties":{}},{"type":"Feature","geometry":{"type":"LineString","coordinates":[[8.62514,50.09309],[8.62407,50.09316]]},"properties":{}},{"type":"Feature","geometry":{"type":"LineString","coordinates":[[8.62709,50.09267],[8.6241,50.09336]]},"properties":{}},{"type":"Feature","geometry":{"type":"LineString","coordinates":[[8.62424,49.88122],[8.62384,49.88231],[8.62448,49.88493]]},"properties":{}},{"type":"Feature","geometry":{"type":"LineString","coordinates":[[8.62431,50.21958],[8.62624,50.21931]]},"properties":{}},{"type":"Feature","geometry":{"type":"LineString","coordinates":[[8.62441,49.88494],[8.62378,49.88208],[8.62512,49.88013]]},"properties":{}},{"type":"Feature","geometry":{"type":"LineString","coordinates":[[8.62444,50.09311],[8.62836,50.09239],[8.62952,50.09241]]},"properties":{}},{"type":"Feature","geometry":{"type":"LineString","coordinates":[[8.62473,49.81136],[8.62445,49.81055]]},"properties":{}},{"type":"Feature","geometry":{"type":"LineString","coordinates":[[8.6245,50.0934],[8.62544,50.09314]]},"properties":{}},{"type":"Feature","geometry":{"type":"LineString","coordinates":[[8.62786,50.0928],[8.62454,50.09322]]},"properties":{}},{"type":"Feature","geometry":{"type":"LineString","coordinates":[[8.6266,49.81576],[8.62476,49.81144]]},"properties":{}},{"type":"Feature","geometry":{"type":"LineString","coordinates":[[8.62476,49.81144],[8.62533,49.81316]]},"properties":{}},{"type":"Feature","geometry":{"type":"LineString","coordinates":[[8.62503,50.10224],[8.62486,50.10233]]},"properties":{}},{"type":"Feature","geometry":{"type":"LineString","coordinates":[[8.62494,49.7854],[8.62603,49.78717],[8.62608,49.78809]]},"properties":{}},{"type":"Feature","geometry":{"type":"LineString","coordinates":[[8.62494,49.7854],[8.62593,49.78732],[8.62608,49.78809]]},"properties":{}},{"type":"Feature","geometry":{"type":"LineString","coordinates":[[8.625,50.0932],[8.62659,50.09283]]},"properties":{}},{"type":"Feature","geometry":{"type":"LineString","coordinates":[[8.62503,50.10224],[8.62653,50.10134]]},"properties":{}},{"type":"Feature","geometry":{"type":"LineString","coordinates":[[8.62898,50.10006],[8.62503,50.10224]]},"properties":{}},{"type":"Feature","geometry":{"type":"LineString","coordinates":[[8.62506,49.78561],[8.62604,49.7878]]},"properties":{}},{"type":"Feature","geometry":{"type":"LineString","coordinates":[[8.6253,50.2195],[8.62509,50.21953]]},"properties":{}},{"type":"Feature","geometry":{"type":"LineString","coordinates":[[8.62786,50.0928],[8.62514,50.09309]]},"properties":{}},{"type":"Feature","geometry":{"type":"LineString","coordinates":[[8.6261,49.78783],[8.62517,49.7857]]},"properties":{}},{"type":"Feature","geometry":{"type":"LineString","coordinates":[[8.62541,49.87979],[8.6252,49.8801]]},"properties":{}},{"type":"Feature","geometry":{"type":"LineString","coordinates":[[8.62523,50.09325],[8.62582,50.09306]]},"properties":{}},{"type":"Feature","geometry":{"type":"LineString","coordinates":[[8.62672,50.09291],[8.62523,50.09325]]},"properties":{}},{"type":"Feature","geometry":{"type":"LineString","coordinates":[[8.62529,50.2194],[8.62663,50.21926]]},"properties":{}},{"type":"Feature","geometry":{"type":"LineString","coordinates":[[8.62624,50.21931],[8.6253,50.2195]]},"properties":{}},{"type":"Feature","geometry":{"type":"LineString","coordinates":[[8.62872,50.21904],[8.6253,50.2195]]},"properties":{}},{"type":"Feature","geometry":{"type":"LineString","coordinates":[[8.62533,49.81316],[8.62618,49.81503]]},"properties":{}},{"type":"Feature","geometry":{"type":"LineString","coordinates":[[8.62547,49.88084],[8.6254,49.88054]]},"properties":{}},{"type":"Feature","geometry":{"type":"LineString","coordinates":[[8.62544,50.09314],[8.62713,50.09276]]},"properties":{}},{"type":"Feature","geometry":{"type":"LineString","coordinates":[[8.62552,50.0669],[8.62717,50.06702]]},"properties":{}},{"type":"Feature","geometry":{"type":"LineString","coordinates":[[8.62552,50.0669],[8.62883,50.06728],[8.63185,50.068]]},"properties":{}},{"type":"Feature","geometry":{"type":"LineString","coordinates":[[8.62558,49.88083],[8.62554,49.88061]]},"properties":{}},{"type":"Feature","geometry":{"type":"LineString","coordinates":[[8.62559,50.06697],[8.63053,50.0677]]},"properties":{}},{"type":"Feature","geometry":{"type":"LineString","coordinates":[[8.62564,49.88082],[8.6256,49.88054]]},"properties":{}},{"type":"Feature","geometry":{"type":"LineString","coordinates":[[8.62611,49.87729],[8.62623,49.8782],[8.62592,49.87901]]},"properties":{}},{"type":"Feature","geometry":{"type":"LineString","coordinates":[[8.62601,50.10156],[8.62816,50.10038]]},"properties":{}},{"type":"Feature","geometry":{"type":"LineString","coordinates":[[8.62706,50.10104],[8.62601,50.10156]]},"properties":{}},{"type":"Feature","geometry":{"type":"LineString","coordinates":[[8.62606,49.88076],[8.62603,49.88052]]},"properties":{}},{"type":"Feature","geometry":{"type":"LineString","coordinates":[[8.62607,49.87972],[8.62581,49.88073],[8.6263,49.88247]]},"properties":{}},{"type":"Feature","geometry":{"type":"LineString","coordinates":[[8.62608,49.78809],[8.62615,49.78913],[8.62945,49.79577]]},"properties":{}},{"type":"Feature","geometry":{"type":"LineString","coordinates":[[8.62612,49.8849],[8.62618,49.88363]]},"properties":{}},{"type":"Feature","geometry":{"type":"LineString","coordinates":[[8.62618,49.81503],[8.6266,49.81576]]},"properties":{}},{"type":"Feature","geometry":{"type":"LineString","coordinates":[[8.62618,49.81503],[8.62989,49.8237]]},"properties":{}},{"type":"Feature","geometry":{"type":"LineString","coordinates":[[8.62618,49.88363],[8.62619,49.88137]]},"properties":{}},{"type":"Feature","geometry":{"type":"LineString","coordinates":[[8.62618,49.88363],[8.62665,49.88207]]},"properties":{}},{"type":"Feature","geometry":{"type":"LineString","coordinates":[[8.62624,50.21931],[8.62724,50.21918]]},"properties":{}},{"type":"Feature","geometry":{"type":"LineString","coordinates":[[8.62624,49.88321],[8.62575,49.88003],[8.62806,49.87539]]},"properties":{}},{"type":"Feature","geometry":{"type":"LineString","coordinates":[[8.62629,49.88136],[8.62637,49.88275]]},"properties":{}},{"type":"Feature","geometry":{"type":"LineString","coordinates":[[8.62675,49.88118],[8.62629,49.88324]]},"properties":{}},{"type":"Feature","geometry":{"type":"LineString","coordinates":[[8.62792,49.8761],[8.62649,49.87871]]},"properties":{}},{"type":"Feature","geometry":{"type":"LineString","coordinates":[[8.62792,49.8761],[8.62651,49.879]]},"properties":{}},{"type":"Feature","geometry":{"type":"LineString","coordinates":[[8.62706,50.10104],[8.62653,50.10134]]},"properties":{}},{"type":"Feature","geometry":{"type":"LineString","coordinates":[[8.62659,50.09283],[8.62709,50.09267]]},"properties":{}},{"type":"Feature","geometry":{"type":"LineString","coordinates":[[8.62659,50.09283],[8.62765,50.09259]]},"properties":{}},{"type":"Feature","geometry":{"type":"LineString","coordinates":[[8.62989,49.8237],[8.6266,49.81576]]},"properties":{}},{"type":"Feature","geometry":{"type":"LineString","coordinates":[[8.62723,49.87783],[8.62663,49.87892]]},"properties":{}},{"type":"Feature","geometry":{"type":"LineString","coordinates":[[8.62664,49.87794],[8.62791,49.87567]]},"properties":{}},{"type":"Feature","geometry":{"type":"LineString","coordinates":[[8.62792,49.87643],[8.62737,49.87773],[8.62701,49.88088],[8.62665,49.88207]]},"properties":{}},{"type":"Feature","geometry":{"type":"LineString","coordinates":[[8.62695,49.88139],[8.62665,49.88207]]},"properties":{}},{"type":"Feature","geometry":{"type":"LineString","coordinates":[[8.62679,50.06648],[8.63079,50.06754]]},"properties":{}},{"type":"Feature","geometry":{"type":"LineString","coordinates":[[8.63076,50.06762],[8.62679,50.06648]]},"properties":{}},{"type":"Feature","geometry":{"type":"LineString","coordinates":[[8.627,49.88561],[8.62684,49.88504]]},"properties":{}},{"type":"Feature","geometry":{"type":"LineString","coordinates":[[8.62684,49.88504],[8.62688,49.88341],[8.62774,49.88127]]},"properties":{}},{"type":"Feature","geometry":{"type":"LineString","coordinates":[[8.62684,49.88504],[8.62688,49.884]]},"properties":{}},{"type":"Feature","geometry":{"type":"LineString","coordinates":[[8.62694,49.88231],[8.62685,49.88285]]},"properties":{}},{"type":"Feature","geometry":{"type":"LineString","coordinates":[[8.6276,50.09284],[8.62687,50.09288]]},"properties":{}},{"type":"Feature","geometry":{"type":"LineString","coordinates":[[8.65056,49.89197],[8.63822,49.89227],[8.63553,49.89184],[8.63153,49.88975],[8.62857,49.88764],[8.62713,49.88561],[8.62688,49.884]]},"properties":{}},{"type":"Feature","geometry":{"type":"LineString","coordinates":[[8.62688,49.884],[8.62732,49.88249],[8.62861,49.87968],[8.62996,49.87487]]},"properties":{}},{"type":"Feature","geometry":{"type":"LineString","coordinates":[[8.627,49.88487],[8.62688,49.88434]]},"properties":{}},{"type":"Feature","geometry":{"type":"LineString","coordinates":[[8.62689,49.88398],[8.62719,49.88265],[8.62853,49.87972],[8.62994,49.875]]},"properties":{}},{"type":"Feature","geometry":{"type":"LineString","coordinates":[[8.62692,49.88581],[8.62663,49.88465],[8.62671,49.88351],[8.62858,49.87806],[8.62887,49.87623]]},"properties":{}},{"type":"Feature","geometry":{"type":"LineString","coordinates":[[8.64909,49.89177],[8.64542,49.8918],[8.63898,49.89348],[8.6371,49.89344],[8.6355,49.89308],[8.63369,49.89206],[8.62751,49.88699],[8.62688,49.88596],[8.62658,49.88492],[8.62659,49.88369],[8.62694,49.88231]]},"properties":{}},{"type":"Feature","geometry":{"type":"LineString","coordinates":[[8.62694,49.88231],[8.62696,49.88225]]},"properties":{}},{"type":"Feature","geometry":{"type":"LineString","coordinates":[[8.62694,49.88368],[8.62862,49.88003],[8.62987,49.87598],[8.6305,49.87123],[8.63053,49.86795]]},"properties":{}},{"type":"Feature","geometry":{"type":"LineString","coordinates":[[8.62696,49.88225],[8.62707,49.8817]]},"properties":{}},{"type":"Feature","geometry":{"type":"LineString","coordinates":[[8.62696,49.88225],[8.62792,49.87915]]},"properties":{}},{"type":"Feature","geometry":{"type":"LineString","coordinates":[[8.64432,49.90656],[8.64399,49.90472],[8.643,49.90293],[8.6418,49.90176],[8.63662,49.89829],[8.63431,49.89627],[8.62686,49.88663],[8.62636,49.88557],[8.62619,49.88439],[8.62697,49.88132]]},"properties":{}},{"type":"Feature","geometry":{"type":"LineString","coordinates":[[8.62697,49.88132],[8.62762,49.87924]]},"properties":{}},{"type":"Feature","geometry":{"type":"LineString","coordinates":[[8.62697,49.88132],[8.62729,49.8805]]},"properties":{}},{"type":"Feature","geometry":{"type":"LineString","coordinates":[[8.62698,49.8165],[8.63055,49.82514]]},"properties":{}},{"type":"Feature","geometry":{"type":"LineString","coordinates":[[8.627,49.88561],[8.62807,49.88731],[8.63045,49.88926],[8.63839,49.89405],[8.63982,49.89527],[8.64341,49.9017],[8.64398,49.90336],[8.64436,49.90576]]},"properties":{}},{"type":"Feature","geometry":{"type":"LineString","coordinates":[[8.627,49.88561],[8.62754,49.88679]]},"properties":{}},{"type":"Feature","geometry":{"type":"LineString","coordinates":[[8.62953,49.88823],[8.62777,49.88667],[8.627,49.88487]]},"properties":{}},{"type":"Feature","geometry":{"type":"LineString","coordinates":[[8.627,49.88487],[8.62714,49.88359]]},"properties":{}},{"type":"Feature","geometry":{"type":"LineString","coordinates":[[8.62705,49.88217],[8.62868,49.87712]]},"properties":{}},{"type":"Feature","geometry":{"type":"LineString","coordinates":[[8.62765,50.10072],[8.62706,50.10104]]},"properties":{}},{"type":"Feature","geometry":{"type":"LineString","coordinates":[[8.62737,49.87736],[8.62707,49.87856]]},"properties":{}},{"type":"Feature","geometry":{"type":"LineString","coordinates":[[8.62707,49.8817],[8.62647,49.88446],[8.62669,49.88565],[8.62729,49.88681],[8.62847,49.88798],[8.63461,49.89285],[8.6355,49.89401],[8.63556,49.89503],[8.63498,49.89605],[8.6339,49.89679],[8.63218,49.89737]]},"properties":{}},{"type":"Feature","geometry":{"type":"LineString","coordinates":[[8.62707,49.8817],[8.62708,49.88165]]},"properties":{}},{"type":"Feature","geometry":{"type":"LineString","coordinates":[[8.62708,49.88165],[8.62721,49.88098]]},"properties":{}},{"type":"Feature","geometry":{"type":"LineString","coordinates":[[8.62708,49.88165],[8.62816,49.878]]},"properties":{}},{"type":"Feature","geometry":{"type":"LineString","coordinates":[[8.62923,50.09239],[8.62709,50.09267]]},"properties":{}},{"type":"Feature","geometry":{"type":"LineString","coordinates":[[8.6271,49.8833],[8.62861,49.87986],[8.62993,49.87552]]},"properties":{}},{"type":"Feature","geometry":{"type":"LineString","coordinates":[[8.62712,50.10101],[8.62805,50.10044]]},"properties":{}},{"type":"Feature","geometry":{"type":"LineString","coordinates":[[8.62713,50.09276],[8.62765,50.09259]]},"properties":{}},{"type":"Feature","geometry":{"type":"LineString","coordinates":[[8.62713,50.09276],[8.62863,50.0925]]},"properties":{}},{"type":"Feature","geometry":{"type":"LineString","coordinates":[[8.62953,49.88823],[8.62823,49.88713],[8.62743,49.88602],[8.62704,49.88476],[8.62714,49.88359]]},"properties":{}},{"type":"Feature","geometry":{"type":"LineString","coordinates":[[8.62714,49.88359],[8.62723,49.88335]]},"properties":{}},{"type":"Feature","geometry":{"type":"LineString","coordinates":[[8.63076,50.06762],[8.62717,50.06702]]},"properties":{}},{"type":"Feature","geometry":{"type":"LineString","coordinates":[[8.62721,49.88182],[8.62895,49.87623]]},"properties":{}},{"type":"Feature","geometry":{"type":"LineString","coordinates":[[8.62721,49.88098],[8.62635,49.88399],[8.62641,49.88518],[8.62678,49.88621],[8.62771,49.88749],[8.62987,49.88967],[8.63229,49.89112]]},"properties":{}},{"type":"Feature","geometry":{"type":"LineString","coordinates":[[8.62726,49.88079],[8.62721,49.88098]]},"properties":{}},{"type":"Feature","geometry":{"type":"LineString","coordinates":[[8.62998,49.88857],[8.6283,49.8871],[8.62749,49.886],[8.62713,49.8846],[8.62723,49.88335]]},"properties":{}},{"type":"Feature","geometry":{"type":"LineString","coordinates":[[8.62723,49.88335],[8.62778,49.88191]]},"properties":{}},{"type":"Feature","geometry":{"type":"LineString","coordinates":[[8.62724,50.21918],[8.6321,50.21881],[8.63359,50.21909],[8.63526,50.21978],[8.63831,50.22161],[8.64452,50.22819],[8.64616,50.23301],[8.64612,50.23633],[8.64703,50.23855],[8.64718,50.23947],[8.6466,50.2412],[8.64437,50.24368],[8.64385,50.24496],[8.64395,50.2463],[8.64526,50.24929]]},"properties":{}},{"type":"Feature","geometry":{"type":"LineString","coordinates":[[8.62724,50.21918],[8.62872,50.21904]]},"properties":{}},{"type":"Feature","geometry":{"type":"LineString","coordinates":[[8.62726,49.88079],[8.62736,49.88026]]},"properties":{}},{"type":"Feature","geometry":{"type":"LineString","coordinates":[[8.62796,49.87854],[8.62726,49.88079]]},"properties":{}},{"type":"Feature","geometry":{"type":"LineString","coordinates":[[8.62729,50.06703],[8.62862,50.06715]]},"properties":{}},{"type":"Feature","geometry":{"type":"LineString","coordinates":[[8.62729,49.88289],[8.6276,49.88227]]},"properties":{}},{"type":"Feature","geometry":{"type":"LineString","coordinates":[[8.62729,49.8805],[8.62764,49.87936]]},"properties":{}},{"type":"Feature","geometry":{"type":"LineString","coordinates":[[8.62738,49.88147],[8.62916,49.87576]]},"properties":{}},{"type":"Feature","geometry":{"type":"LineString","coordinates":[[8.62739,49.88018],[8.62758,49.87934]]},"properties":{}},{"type":"Feature","geometry":{"type":"LineString","coordinates":[[8.62745,49.87632],[8.62758,49.87603]]},"properties":{}},{"type":"Feature","geometry":{"type":"LineString","coordinates":[[8.62774,49.87682],[8.6275,49.87785]]},"properties":{}},{"type":"Feature","geometry":{"type":"LineString","coordinates":[[8.62791,49.87567],[8.62758,49.87621]]},"properties":{}},{"type":"Feature","geometry":{"type":"LineString","coordinates":[[8.63055,50.09412],[8.62925,50.0931],[8.6276,50.09284]]},"properties":{}},{"type":"Feature","geometry":{"type":"LineString","coordinates":[[8.62792,49.87643],[8.6276,49.87832]]},"properties":{}},{"type":"Feature","geometry":{"type":"LineString","coordinates":[[8.62762,49.87924],[8.62771,49.87881]]},"properties":{}},{"type":"Feature","geometry":{"type":"LineString","coordinates":[[8.62762,49.87924],[8.62806,49.87789]]},"properties":{}},{"type":"Feature","geometry":{"type":"LineString","coordinates":[[8.62764,49.87936],[8.62821,49.87767]]},"properties":{}},{"type":"Feature","geometry":{"type":"LineString","coordinates":[[8.62796,49.87854],[8.62764,49.87936]]},"properties":{}},{"type":"Feature","geometry":{"type":"LineString","coordinates":[[8.63029,50.09925],[8.62765,50.10072]]},"properties":{}},{"type":"Feature","geometry":{"type":"LineString","coordinates":[[8.62898,50.10006],[8.62765,50.10072]]},"properties":{}},{"type":"Feature","geometry":{"type":"LineString","coordinates":[[8.62765,50.09259],[8.62882,50.09243]]},"properties":{}},{"type":"Feature","geometry":{"type":"LineString","coordinates":[[8.62792,49.87915],[8.62766,49.87978]]},"properties":{}},{"type":"Feature","geometry":{"type":"LineString","coordinates":[[8.62771,49.87881],[8.62836,49.87635],[8.62896,49.87194],[8.62955,49.87078]]},"properties":{}},{"type":"Feature","geometry":{"type":"LineString","coordinates":[[8.62771,49.87881],[8.62845,49.87627],[8.62905,49.87193],[8.62955,49.87078]]},"properties":{}},{"type":"Feature","geometry":{"type":"LineString","coordinates":[[8.62774,49.88127],[8.62929,49.87636]]},"properties":{}},{"type":"Feature","geometry":{"type":"LineString","coordinates":[[8.62774,49.88127],[8.62932,49.87688]]},"properties":{}},{"type":"Feature","geometry":{"type":"LineString","coordinates":[[8.62778,49.88191],[8.62804,49.88138]]},"properties":{}},{"type":"Feature","geometry":{"type":"LineString","coordinates":[[8.62881,49.88051],[8.62778,49.88191]]},"properties":{}},{"type":"Feature","geometry":{"type":"LineString","coordinates":[[8.62781,49.8783],[8.62812,49.87515]]},"properties":{}},{"type":"Feature","geometry":{"type":"LineString","coordinates":[[8.63009,49.88856],[8.62819,49.88666],[8.6274,49.88526],[8.62723,49.884],[8.62786,49.88192]]},"properties":{}},{"type":"Feature","geometry":{"type":"LineString","coordinates":[[8.62786,49.88192],[8.62891,49.87984]]},"properties":{}},{"type":"Feature","geometry":{"type":"LineString","coordinates":[[8.62786,49.88192],[8.6286,49.8805]]},"properties":{}},{"type":"Feature","geometry":{"type":"LineString","coordinates":[[8.63055,50.09412],[8.6295,50.09316],[8.62786,50.0928]]},"properties":{}},{"type":"Feature","geometry":{"type":"LineString","coordinates":[[8.62791,49.87567],[8.62806,49.87539]]},"properties":{}},{"type":"Feature","geometry":{"type":"LineString","coordinates":[[8.62799,49.87614],[8.62792,49.87643]]},"properties":{}},{"type":"Feature","geometry":{"type":"LineString","coordinates":[[8.62792,49.87915],[8.62876,49.87651]]},"properties":{}},{"type":"Feature","geometry":{"type":"LineString","coordinates":[[8.62806,49.87563],[8.62792,49.8761]]},"properties":{}},{"type":"Feature","geometry":{"type":"LineString","coordinates":[[8.62809,49.87701],[8.62794,49.87751]]},"properties":{}},{"type":"Feature","geometry":{"type":"LineString","coordinates":[[8.62794,49.88066],[8.62918,49.87665]]},"properties":{}},{"type":"Feature","geometry":{"type":"LineString","coordinates":[[8.62796,49.87699],[8.62797,49.87678]]},"properties":{}},{"type":"Feature","geometry":{"type":"LineString","coordinates":[[8.62799,49.87709],[8.62796,49.87736]]},"properties":{}},{"type":"Feature","geometry":{"type":"LineString","coordinates":[[8.62816,49.878],[8.62796,49.87854]]},"properties":{}},{"type":"Feature","geometry":{"type":"LineString","coordinates":[[8.62805,50.09252],[8.62863,50.0925]]},"properties":{}},{"type":"Feature","geometry":{"type":"LineString","coordinates":[[8.62806,49.87539],[8.62812,49.87515]]},"properties":{}},{"type":"Feature","geometry":{"type":"LineString","coordinates":[[8.62806,49.87789],[8.62872,49.8755],[8.62924,49.87187],[8.62997,49.87006]]},"properties":{}},{"type":"Feature","geometry":{"type":"LineString","coordinates":[[8.62806,49.87789],[8.62853,49.87659]]},"properties":{}},{"type":"Feature","geometry":{"type":"LineString","coordinates":[[8.62865,49.87297],[8.62809,49.87701]]},"properties":{}},{"type":"Feature","geometry":{"type":"LineString","coordinates":[[8.62809,49.87701],[8.62885,49.87194],[8.62931,49.87098]]},"properties":{}},{"type":"Feature","geometry":{"type":"LineString","coordinates":[[8.62922,50.11938],[8.62812,50.11905]]},"properties":{}},{"type":"Feature","geometry":{"type":"LineString","coordinates":[[8.63861,50.1199],[8.6367,50.12058],[8.6347,50.12072],[8.62812,50.11905]]},"properties":{}},{"type":"Feature","geometry":{"type":"LineString","coordinates":[[8.62812,49.87515],[8.62854,49.87219],[8.62931,49.87098]]},"properties":{}},{"type":"Feature","geometry":{"type":"LineString","coordinates":[[8.62815,49.87448],[8.62851,49.87207],[8.62971,49.8704]]},"properties":{}},{"type":"Feature","geometry":{"type":"LineString","coordinates":[[8.62846,49.87716],[8.62816,49.878]]},"properties":{}},{"type":"Feature","geometry":{"type":"LineString","coordinates":[[8.62963,50.09263],[8.62967,50.09404],[8.63125,50.09632],[8.63146,50.09752],[8.63076,50.09873],[8.62816,50.10038]]},"properties":{}},{"type":"Feature","geometry":{"type":"LineString","coordinates":[[8.62816,50.10038],[8.62905,50.09989]]},"properties":{}},{"type":"Feature","geometry":{"type":"LineString","coordinates":[[8.62821,49.87767],[8.62853,49.87659]]},"properties":{}},{"type":"Feature","geometry":{"type":"LineString","coordinates":[[8.62821,49.87767],[8.62914,49.87424]]},"properties":{}},{"type":"Feature","geometry":{"type":"LineString","coordinates":[[8.62823,49.87438],[8.62824,49.87383]]},"properties":{}},{"type":"Feature","geometry":{"type":"LineString","coordinates":[[8.62824,49.8834],[8.63301,49.88067],[8.63458,49.88027]]},"properties":{}},{"type":"Feature","geometry":{"type":"LineString","coordinates":[[8.62874,49.8802],[8.6283,49.88086]]},"properties":{}},{"type":"Feature","geometry":{"type":"LineString","coordinates":[[8.62831,49.87545],[8.62831,49.87485]]},"properties":{}},{"type":"Feature","geometry":{"type":"LineString","coordinates":[[8.62834,49.88333],[8.62998,49.88285],[8.63197,49.88295]]},"properties":{}},{"type":"Feature","geometry":{"type":"LineString","coordinates":[[8.62906,49.87544],[8.62846,49.87716]]},"properties":{}},{"type":"Feature","geometry":{"type":"LineString","coordinates":[[8.62846,49.87716],[8.62876,49.87651]]},"properties":{}},{"type":"Feature","geometry":{"type":"LineString","coordinates":[[8.62909,49.87925],[8.62847,49.88052]]},"properties":{}},{"type":"Feature","geometry":{"type":"LineString","coordinates":[[8.62904,49.87956],[8.62849,49.88059]]},"properties":{}},{"type":"Feature","geometry":{"type":"LineString","coordinates":[[8.62869,49.79638],[8.6285,49.79387]]},"properties":{}},{"type":"Feature","geometry":{"type":"LineString","coordinates":[[8.62853,49.87659],[8.62934,49.87187],[8.62995,49.87023]]},"properties":{}},{"type":"Feature","geometry":{"type":"LineString","coordinates":[[8.62885,49.87747],[8.62856,49.87812]]},"properties":{}},{"type":"Feature","geometry":{"type":"LineString","coordinates":[[8.62859,50.06719],[8.6306,50.06766]]},"properties":{}},{"type":"Feature","geometry":{"type":"LineString","coordinates":[[8.6286,49.87176],[8.62945,49.8707]]},"properties":{}},{"type":"Feature","geometry":{"type":"LineString","coordinates":[[8.6289,49.88008],[8.6286,49.8805]]},"properties":{}},{"type":"Feature","geometry":{"type":"LineString","coordinates":[[8.63302,49.87825],[8.63034,49.8792],[8.6286,49.8805]]},"properties":{}},{"type":"Feature","geometry":{"type":"LineString","coordinates":[[8.62863,50.0925],[8.62979,50.09256]]},"properties":{}},{"type":"Feature","geometry":{"type":"LineString","coordinates":[[8.62876,49.87982],[8.62864,49.88017]]},"properties":{}},{"type":"Feature","geometry":{"type":"LineString","coordinates":[[8.64519,50.25012],[8.64506,50.24867],[8.64383,50.24606],[8.64381,50.24484],[8.64446,50.24348],[8.64656,50.24119],[8.64712,50.23948],[8.64699,50.23856],[8.64606,50.23635],[8.64611,50.23302],[8.64476,50.22874],[8.64383,50.2274],[8.63913,50.22246],[8.63745,50.22105],[8.63442,50.21944],[8.63308,50.21899],[8.63098,50.21882],[8.62872,50.21904]]},"properties":{}},{"type":"Feature","geometry":{"type":"LineString","coordinates":[[8.63032,49.87875],[8.62874,49.8802]]},"properties":{}},{"type":"Feature","geometry":{"type":"LineString","coordinates":[[8.62891,49.87998],[8.62874,49.8802]]},"properties":{}},{"type":"Feature","geometry":{"type":"LineString","coordinates":[[8.63005,49.87508],[8.62876,49.87982]]},"properties":{}},{"type":"Feature","geometry":{"type":"LineString","coordinates":[[8.62892,49.87946],[8.62876,49.87982]]},"properties":{}},{"type":"Feature","geometry":{"type":"LineString","coordinates":[[8.62895,49.87601],[8.62876,49.87651]]},"properties":{}},{"type":"Feature","geometry":{"type":"LineString","coordinates":[[8.62882,50.09243],[8.62923,50.09239]]},"properties":{}},{"type":"Feature","geometry":{"type":"LineString","coordinates":[[8.62882,50.09243],[8.62987,50.09247]]},"properties":{}},{"type":"Feature","geometry":{"type":"LineString","coordinates":[[8.63087,49.87857],[8.62891,49.87998]]},"properties":{}},{"type":"Feature","geometry":{"type":"LineString","coordinates":[[8.62937,49.87958],[8.62891,49.87998]]},"properties":{}},{"type":"Feature","geometry":{"type":"LineString","coordinates":[[8.62891,49.87984],[8.6308,49.87707],[8.63134,49.87555]]},"properties":{}},{"type":"Feature","geometry":{"type":"LineString","coordinates":[[8.62891,49.87984],[8.63055,49.87828]]},"properties":{}},{"type":"Feature","geometry":{"type":"LineString","coordinates":[[8.62919,49.87863],[8.62892,49.87946]]},"properties":{}},{"type":"Feature","geometry":{"type":"LineString","coordinates":[[8.63065,49.87559],[8.63038,49.87677],[8.62892,49.87946]]},"properties":{}},{"type":"Feature","geometry":{"type":"LineString","coordinates":[[8.62894,49.87716],[8.62989,49.87463]]},"properties":{}},{"type":"Feature","geometry":{"type":"LineString","coordinates":[[8.62906,49.87544],[8.62895,49.87601]]},"properties":{}},{"type":"Feature","geometry":{"type":"LineString","coordinates":[[8.62925,49.87516],[8.62895,49.87601]]},"properties":{}},{"type":"Feature","geometry":{"type":"LineString","coordinates":[[8.64362,50.10058],[8.63677,50.09796],[8.63504,50.09763],[8.63296,50.09794],[8.62898,50.10006]]},"properties":{}},{"type":"Feature","geometry":{"type":"LineString","coordinates":[[8.63123,49.87547],[8.63071,49.87701],[8.62904,49.87956]]},"properties":{}},{"type":"Feature","geometry":{"type":"LineString","coordinates":[[8.63098,49.87651],[8.62904,49.87956]]},"properties":{}},{"type":"Feature","geometry":{"type":"LineString","coordinates":[[8.62905,50.09989],[8.63445,50.09708],[8.63607,50.09667],[8.6377,50.0966]]},"properties":{}},{"type":"Feature","geometry":{"type":"LineString","coordinates":[[8.63029,50.09925],[8.62905,50.09989]]},"properties":{}},{"type":"Feature","geometry":{"type":"LineString","coordinates":[[8.62913,49.87512],[8.62906,49.87544]]},"properties":{}},{"type":"Feature","geometry":{"type":"LineString","coordinates":[[8.63023,49.87661],[8.62908,49.87899]]},"properties":{}},{"type":"Feature","geometry":{"type":"LineString","coordinates":[[8.63004,49.87758],[8.62909,49.87925]]},"properties":{}},{"type":"Feature","geometry":{"type":"LineString","coordinates":[[8.63061,49.87688],[8.62909,49.87925]]},"properties":{}},{"type":"Feature","geometry":{"type":"LineString","coordinates":[[8.62912,49.87656],[8.62679,49.88351],[8.62674,49.88492],[8.62718,49.88623],[8.62839,49.8877],[8.63056,49.88939],[8.6378,49.89375]]},"properties":{}},{"type":"Feature","geometry":{"type":"LineString","coordinates":[[8.62939,49.87512],[8.62912,49.87656]]},"properties":{}},{"type":"Feature","geometry":{"type":"LineString","coordinates":[[8.63035,49.86919],[8.62959,49.87485],[8.62912,49.87656]]},"properties":{}},{"type":"Feature","geometry":{"type":"LineString","coordinates":[[8.63105,49.87864],[8.62913,49.87979]]},"properties":{}},{"type":"Feature","geometry":{"type":"LineString","coordinates":[[8.62963,49.87917],[8.62913,49.87959]]},"properties":{}},{"type":"Feature","geometry":{"type":"LineString","coordinates":[[8.62914,49.87424],[8.62913,49.87512]]},"properties":{}},{"type":"Feature","geometry":{"type":"LineString","coordinates":[[8.62992,49.87079],[8.62961,49.87165],[8.62913,49.87512]]},"properties":{}},{"type":"Feature","geometry":{"type":"LineString","coordinates":[[8.62914,49.87424],[8.62949,49.87168],[8.62995,49.87023]]},"properties":{}},{"type":"Feature","geometry":{"type":"LineString","coordinates":[[8.63001,49.87585],[8.62919,49.87863]]},"properties":{}},{"type":"Feature","geometry":{"type":"LineString","coordinates":[[8.62952,49.87792],[8.62919,49.87863]]},"properties":{}},{"type":"Feature","geometry":{"type":"LineString","coordinates":[[8.63213,50.09286],[8.62923,50.09239]]},"properties":{}},{"type":"Feature","geometry":{"type":"LineString","coordinates":[[8.6294,49.87424],[8.62925,49.87516]]},"properties":{}},{"type":"Feature","geometry":{"type":"LineString","coordinates":[[8.62952,49.87414],[8.62925,49.87516]]},"properties":{}},{"type":"Feature","geometry":{"type":"LineString","coordinates":[[8.62931,49.87098],[8.63002,49.8698],[8.63047,49.86761],[8.63171,49.8639]]},"properties":{}},{"type":"Feature","geometry":{"type":"LineString","coordinates":[[8.63141,49.87551],[8.63089,49.87703],[8.62932,49.87938]]},"properties":{}},{"type":"Feature","geometry":{"type":"LineString","coordinates":[[8.63026,49.87044],[8.62932,49.87688]]},"properties":{}},{"type":"Feature","geometry":{"type":"LineString","coordinates":[[8.62932,49.87688],[8.63001,49.87385],[8.63026,49.87044]]},"properties":{}},{"type":"Feature","geometry":{"type":"LineString","coordinates":[[8.63015,49.87538],[8.62935,49.87827]]},"properties":{}},{"type":"Feature","geometry":{"type":"LineString","coordinates":[[8.63085,49.87865],[8.62937,49.87958]]},"properties":{}},{"type":"Feature","geometry":{"type":"LineString","coordinates":[[8.631,49.8786],[8.62937,49.87958]]},"properties":{}},{"type":"Feature","geometry":{"type":"LineString","coordinates":[[8.62938,50.11942],[8.63371,50.12049],[8.63543,50.12058],[8.6373,50.12012],[8.63981,50.11872]]},"properties":{}},{"type":"Feature","geometry":{"type":"LineString","coordinates":[[8.62938,50.11942],[8.63396,50.1206],[8.63669,50.12051],[8.63854,50.11982],[8.64189,50.11781],[8.64255,50.11722],[8.64313,50.11623]]},"properties":{}},{"type":"Feature","geometry":{"type":"LineString","coordinates":[[8.6294,49.87424],[8.62939,49.87512]]},"properties":{}},{"type":"Feature","geometry":{"type":"LineString","coordinates":[[8.62952,49.87414],[8.62939,49.87512]]},"properties":{}},{"type":"Feature","geometry":{"type":"LineString","coordinates":[[8.62992,49.87079],[8.6294,49.87424]]},"properties":{}},{"type":"Feature","geometry":{"type":"LineString","coordinates":[[8.62945,49.79577],[8.63008,49.79664],[8.63342,49.80348]]},"properties":{}},{"type":"Feature","geometry":{"type":"LineString","coordinates":[[8.62945,49.79577],[8.63331,49.8035]]},"properties":{}},{"type":"Feature","geometry":{"type":"LineString","coordinates":[[8.62975,49.87722],[8.62952,49.87792]]},"properties":{}},{"type":"Feature","geometry":{"type":"LineString","coordinates":[[8.62952,49.87792],[8.62999,49.87697]]},"properties":{}},{"type":"Feature","geometry":{"type":"LineString","coordinates":[[8.63014,49.87019],[8.62952,49.87414]]},"properties":{}},{"type":"Feature","geometry":{"type":"LineString","coordinates":[[8.63061,49.88905],[8.62953,49.88823]]},"properties":{}},{"type":"Feature","geometry":{"type":"LineString","coordinates":[[8.62955,49.87078],[8.62957,49.87076]]},"properties":{}},{"type":"Feature","geometry":{"type":"LineString","coordinates":[[8.62984,49.87018],[8.62957,49.87076]]},"properties":{}},{"type":"Feature","geometry":{"type":"LineString","coordinates":[[8.62957,49.87076],[8.62997,49.87006]]},"properties":{}},{"type":"Feature","geometry":{"type":"LineString","coordinates":[[8.62963,50.09263],[8.62974,50.0938],[8.63052,50.09497],[8.63168,50.09578],[8.63373,50.09667]]},"properties":{}},{"type":"Feature","geometry":{"type":"LineString","coordinates":[[8.63016,50.09129],[8.62963,50.09263]]},"properties":{}},{"type":"Feature","geometry":{"type":"LineString","coordinates":[[8.63007,49.87023],[8.62965,49.87108]]},"properties":{}},{"type":"Feature","geometry":{"type":"LineString","coordinates":[[8.63336,49.80349],[8.62967,49.79607]]},"properties":{}},{"type":"Feature","geometry":{"type":"LineString","coordinates":[[8.62982,49.87722],[8.62969,49.87758]]},"properties":{}},{"type":"Feature","geometry":{"type":"LineString","coordinates":[[8.6301,49.87759],[8.62975,49.87826]]},"properties":{}},{"type":"Feature","geometry":{"type":"LineString","coordinates":[[8.62979,50.09256],[8.63172,50.09319]]},"properties":{}},{"type":"Feature","geometry":{"type":"LineString","coordinates":[[8.62979,50.09256],[8.63099,50.09307],[8.63198,50.09405]]},"properties":{}},{"type":"Feature","geometry":{"type":"LineString","coordinates":[[8.63166,49.80021],[8.62982,49.79628]]},"properties":{}},{"type":"Feature","geometry":{"type":"LineString","coordinates":[[8.62986,50.09243],[8.63059,50.09256]]},"properties":{}},{"type":"Feature","geometry":{"type":"LineString","coordinates":[[8.62987,50.09247],[8.63059,50.09256]]},"properties":{}},{"type":"Feature","geometry":{"type":"LineString","coordinates":[[8.62987,50.09247],[8.6302,50.09253]]},"properties":{}},{"type":"Feature","geometry":{"type":"LineString","coordinates":[[8.62993,49.8238],[8.62989,49.8237]]},"properties":{}},{"type":"Feature","geometry":{"type":"LineString","coordinates":[[8.63014,49.87019],[8.62992,49.87079]]},"properties":{}},{"type":"Feature","geometry":{"type":"LineString","coordinates":[[8.6303,49.82456],[8.62993,49.8238]]},"properties":{}},{"type":"Feature","geometry":{"type":"LineString","coordinates":[[8.63099,49.86617],[8.63194,49.86358],[8.63862,49.85122],[8.63916,49.84936],[8.63926,49.84733],[8.63859,49.84452],[8.62993,49.8238]]},"properties":{}},{"type":"Feature","geometry":{"type":"LineString","coordinates":[[8.62995,49.87023],[8.6302,49.86944]]},"properties":{}},{"type":"Feature","geometry":{"type":"LineString","coordinates":[[8.62996,49.87487],[8.63044,49.87126],[8.63039,49.86887]]},"properties":{}},{"type":"Feature","geometry":{"type":"LineString","coordinates":[[8.6301,49.87424],[8.62996,49.87487]]},"properties":{}},{"type":"Feature","geometry":{"type":"LineString","coordinates":[[8.62997,49.87006],[8.6302,49.86944]]},"properties":{}},{"type":"Feature","geometry":{"type":"LineString","coordinates":[[8.63002,49.87529],[8.63001,49.87585]]},"properties":{}},{"type":"Feature","geometry":{"type":"LineString","coordinates":[[8.63021,49.87433],[8.63001,49.87585]]},"properties":{}},{"type":"Feature","geometry":{"type":"LineString","coordinates":[[8.63247,49.87764],[8.63005,49.87869]]},"properties":{}},{"type":"Feature","geometry":{"type":"LineString","coordinates":[[8.63005,49.87461],[8.63005,49.87508]]},"properties":{}},{"type":"Feature","geometry":{"type":"LineString","coordinates":[[8.6302,49.87398],[8.63005,49.87508]]},"properties":{}},{"type":"Feature","geometry":{"type":"LineString","coordinates":[[8.63006,50.09264],[8.63094,50.09292]]},"properties":{}},{"type":"Feature","geometry":{"type":"LineString","coordinates":[[8.63033,50.0912],[8.63009,50.09196]]},"properties":{}},{"type":"Feature","geometry":{"type":"LineString","coordinates":[[8.6301,49.88238],[8.6305,49.8821]]},"properties":{}},{"type":"Feature","geometry":{"type":"LineString","coordinates":[[8.63013,49.87356],[8.63011,49.87421]]},"properties":{}},{"type":"Feature","geometry":{"type":"LineString","coordinates":[[8.6302,49.86993],[8.63014,49.87019]]},"properties":{}},{"type":"Feature","geometry":{"type":"LineString","coordinates":[[8.63052,50.09069],[8.63016,50.09129]]},"properties":{}},{"type":"Feature","geometry":{"type":"LineString","coordinates":[[8.63034,49.8688],[8.6302,49.86993]]},"properties":{}},{"type":"Feature","geometry":{"type":"LineString","coordinates":[[8.6302,49.86993],[8.63035,49.86919]]},"properties":{}},{"type":"Feature","geometry":{"type":"LineString","coordinates":[[8.6302,50.09253],[8.6314,50.09288],[8.63222,50.09349]]},"properties":{}},{"type":"Feature","geometry":{"type":"LineString","coordinates":[[8.63214,50.09348],[8.63136,50.09291],[8.6302,50.09253]]},"properties":{}},{"type":"Feature","geometry":{"type":"LineString","coordinates":[[8.6302,49.86944],[8.63034,49.8688]]},"properties":{}},{"type":"Feature","geometry":{"type":"LineString","coordinates":[[8.63026,49.87044],[8.63028,49.86982]]},"properties":{}},{"type":"Feature","geometry":{"type":"LineString","coordinates":[[8.63217,50.09823],[8.63029,50.09925]]},"properties":{}},{"type":"Feature","geometry":{"type":"LineString","coordinates":[[8.6303,49.82456],[8.63866,49.84452],[8.63934,49.84734],[8.63918,49.84953],[8.63829,49.85227],[8.632,49.8636],[8.63129,49.86541]]},"properties":{}},{"type":"Feature","geometry":{"type":"LineString","coordinates":[[8.63062,50.09069],[8.63033,50.09142]]},"properties":{}},{"type":"Feature","geometry":{"type":"LineString","coordinates":[[8.63034,49.8688],[8.63035,49.86873]]},"properties":{}},{"type":"Feature","geometry":{"type":"LineString","coordinates":[[8.63036,49.86818],[8.63035,49.86873]]},"properties":{}},{"type":"Feature","geometry":{"type":"LineString","coordinates":[[8.63035,49.86873],[8.63099,49.86617]]},"properties":{}},{"type":"Feature","geometry":{"type":"LineString","coordinates":[[8.63053,49.86795],[8.63035,49.86919]]},"properties":{}},{"type":"Feature","geometry":{"type":"LineString","coordinates":[[8.63047,49.86796],[8.63041,49.86874]]},"properties":{}},{"type":"Feature","geometry":{"type":"LineString","coordinates":[[8.63049,49.86788],[8.63062,49.86716]]},"properties":{}},{"type":"Feature","geometry":{"type":"LineString","coordinates":[[8.63125,49.89762],[8.63051,49.89784]]},"properties":{}},{"type":"Feature","geometry":{"type":"LineString","coordinates":[[8.65108,49.89215],[8.64727,49.89257],[8.64078,49.89512],[8.63051,49.89784]]},"properties":{}},{"type":"Feature","geometry":{"type":"LineString","coordinates":[[8.64919,50.10203],[8.63205,50.09504],[8.63101,50.09422],[8.63026,50.09306],[8.63011,50.09179],[8.63052,50.09069]]},"properties":{}},{"type":"Feature","geometry":{"type":"LineString","coordinates":[[8.63052,50.09069],[8.6307,50.09032]]},"properties":{}},{"type":"Feature","geometry":{"type":"LineString","coordinates":[[8.63053,50.0677],[8.63185,50.068]]},"properties":{}},{"type":"Feature","geometry":{"type":"LineString","coordinates":[[8.63204,50.06816],[8.63053,50.0677]]},"properties":{}},{"type":"Feature","geometry":{"type":"LineString","coordinates":[[8.63129,49.86541],[8.63053,49.86795]]},"properties":{}},{"type":"Feature","geometry":{"type":"LineString","coordinates":[[8.63054,50.09281],[8.63355,50.09487],[8.63611,50.09623]]},"properties":{}},{"type":"Feature","geometry":{"type":"LineString","coordinates":[[8.63055,49.87828],[8.63154,49.87733],[8.6322,49.87547]]},"properties":{}},{"type":"Feature","geometry":{"type":"LineString","coordinates":[[8.63171,49.87734],[8.63055,49.87828]]},"properties":{}},{"type":"Feature","geometry":{"type":"LineString","coordinates":[[8.63318,50.0964],[8.63055,50.09412]]},"properties":{}},{"type":"Feature","geometry":{"type":"LineString","coordinates":[[8.63059,50.09256],[8.63126,50.09275]]},"properties":{}},{"type":"Feature","geometry":{"type":"LineString","coordinates":[[8.63061,49.88905],[8.63399,49.89113],[8.63588,49.8919],[8.63823,49.89223],[8.64193,49.89215]]},"properties":{}},{"type":"Feature","geometry":{"type":"LineString","coordinates":[[8.63061,49.88905],[8.62799,49.88629],[8.62742,49.88501],[8.62755,49.88416],[8.6293,49.88264],[8.63533,49.87916],[8.63609,49.87823]]},"properties":{}},{"type":"Feature","geometry":{"type":"LineString","coordinates":[[8.63062,50.09279],[8.63163,50.09318],[8.63336,50.09454],[8.63568,50.09594]]},"properties":{}},{"type":"Feature","geometry":{"type":"LineString","coordinates":[[8.63211,50.09303],[8.63063,50.09252]]},"properties":{}},{"type":"Feature","geometry":{"type":"LineString","coordinates":[[8.63775,50.09663],[8.63494,50.0962],[8.63231,50.09506],[8.63129,50.09433],[8.63053,50.09337],[8.63025,50.09256],[8.63029,50.0916],[8.6307,50.09032]]},"properties":{}},{"type":"Feature","geometry":{"type":"LineString","coordinates":[[8.6307,50.09032],[8.63184,50.08799]]},"properties":{}},{"type":"Feature","geometry":{"type":"LineString","coordinates":[[8.63367,50.06846],[8.63076,50.06762]]},"properties":{}},{"type":"Feature","geometry":{"type":"LineString","coordinates":[[8.63079,50.06754],[8.63702,50.0693]]},"properties":{}},{"type":"Feature","geometry":{"type":"LineString","coordinates":[[8.63615,50.09628],[8.63338,50.09483],[8.63081,50.09295]]},"properties":{}},{"type":"Feature","geometry":{"type":"LineString","coordinates":[[8.63083,50.09016],[8.6303,50.09246],[8.63059,50.09337],[8.63134,50.09431],[8.63273,50.09523],[8.63504,50.0962],[8.6377,50.0966]]},"properties":{}},{"type":"Feature","geometry":{"type":"LineString","coordinates":[[8.63083,50.09016],[8.6302,50.0916],[8.63023,50.09277],[8.63075,50.09384],[8.63207,50.09501],[8.65505,50.10424]]},"properties":{}},{"type":"Feature","geometry":{"type":"LineString","coordinates":[[8.63245,50.08708],[8.63083,50.09016]]},"properties":{}},{"type":"Feature","geometry":{"type":"LineString","coordinates":[[8.63379,50.09686],[8.63089,50.09567]]},"properties":{}},{"type":"Feature","geometry":{"type":"LineString","coordinates":[[8.63094,50.09292],[8.63568,50.09594]]},"properties":{}},{"type":"Feature","geometry":{"type":"LineString","coordinates":[[8.63094,50.09292],[8.63339,50.09471],[8.63611,50.09623]]},"properties":{}},{"type":"Feature","geometry":{"type":"LineString","coordinates":[[8.63099,50.09307],[8.63474,50.09569]]},"properties":{}},{"type":"Feature","geometry":{"type":"LineString","coordinates":[[8.63099,49.86617],[8.63129,49.86541]]},"properties":{}},{"type":"Feature","geometry":{"type":"LineString","coordinates":[[8.63106,49.89761],[8.63169,49.89746]]},"properties":{}},{"type":"Feature","geometry":{"type":"LineString","coordinates":[[8.63168,50.09277],[8.63109,50.09261]]},"properties":{}},{"type":"Feature","geometry":{"type":"LineString","coordinates":[[8.6312,49.79928],[8.63143,49.7996]]},"properties":{}},{"type":"Feature","geometry":{"type":"LineString","coordinates":[[8.63125,49.89762],[8.6319,49.89745]]},"properties":{}},{"type":"Feature","geometry":{"type":"LineString","coordinates":[[8.63126,50.09275],[8.6318,50.09296]]},"properties":{}},{"type":"Feature","geometry":{"type":"LineString","coordinates":[[8.63126,50.09275],[8.6335,50.09453]]},"properties":{}},{"type":"Feature","geometry":{"type":"LineString","coordinates":[[8.6313,50.09332],[8.63314,50.09479],[8.63474,50.09569]]},"properties":{}},{"type":"Feature","geometry":{"type":"LineString","coordinates":[[8.64343,50.09468],[8.63136,50.09017]]},"properties":{}},{"type":"Feature","geometry":{"type":"LineString","coordinates":[[8.6327,50.09646],[8.63148,50.09597]]},"properties":{}},{"type":"Feature","geometry":{"type":"LineString","coordinates":[[8.63738,50.09234],[8.63563,50.09203],[8.6331,50.09266],[8.63149,50.09262]]},"properties":{}},{"type":"Feature","geometry":{"type":"LineString","coordinates":[[8.63151,50.09355],[8.63308,50.0948],[8.63456,50.09564]]},"properties":{}},{"type":"Feature","geometry":{"type":"LineString","coordinates":[[8.63155,50.09288],[8.63194,50.09309]]},"properties":{}},{"type":"Feature","geometry":{"type":"LineString","coordinates":[[8.63166,49.80007],[8.6319,49.80042]]},"properties":{}},{"type":"Feature","geometry":{"type":"LineString","coordinates":[[8.63694,50.09581],[8.63168,50.09277]]},"properties":{}},{"type":"Feature","geometry":{"type":"LineString","coordinates":[[8.6373,50.09613],[8.63168,50.09277]]},"properties":{}},{"type":"Feature","geometry":{"type":"LineString","coordinates":[[8.63314,50.09672],[8.63179,50.09626]]},"properties":{}},{"type":"Feature","geometry":{"type":"LineString","coordinates":[[8.6318,50.09296],[8.63678,50.0959]]},"properties":{}},{"type":"Feature","geometry":{"type":"LineString","coordinates":[[8.6318,50.09296],[8.63678,50.0959]]},"properties":{}},{"type":"Feature","geometry":{"type":"LineString","coordinates":[[8.63183,50.09388],[8.63336,50.09506],[8.63456,50.09564]]},"properties":{}},{"type":"Feature","geometry":{"type":"LineString","coordinates":[[8.63184,50.08799],[8.63693,50.08105],[8.64141,50.07543],[8.64204,50.07417],[8.64184,50.07245],[8.64074,50.07103],[8.63899,50.06999],[8.6361,50.06909]]},"properties":{}},{"type":"Feature","geometry":{"type":"LineString","coordinates":[[8.63245,50.08708],[8.63184,50.08799]]},"properties":{}},{"type":"Feature","geometry":{"type":"LineString","coordinates":[[8.63314,50.09672],[8.63184,50.09621]]},"properties":{}},{"type":"Feature","geometry":{"type":"LineString","coordinates":[[8.63315,50.08629],[8.63184,50.08808]]},"properties":{}},{"type":"Feature","geometry":{"type":"LineString","coordinates":[[8.63185,50.068],[8.63713,50.06951]]},"properties":{}},{"type":"Feature","geometry":{"type":"LineString","coordinates":[[8.63246,50.09351],[8.63185,50.09307]]},"properties":{}},{"type":"Feature","geometry":{"type":"LineString","coordinates":[[8.6319,49.89745],[8.63218,49.89737]]},"properties":{}},{"type":"Feature","geometry":{"type":"LineString","coordinates":[[8.63194,50.09309],[8.63708,50.09615]]},"properties":{}},{"type":"Feature","geometry":{"type":"LineString","coordinates":[[8.63194,50.09309],[8.63741,50.0964]]},"properties":{}},{"type":"Feature","geometry":{"type":"LineString","coordinates":[[8.63197,50.09609],[8.63421,50.09709]]},"properties":{}},{"type":"Feature","geometry":{"type":"LineString","coordinates":[[8.63198,50.09405],[8.63375,50.09533],[8.63551,50.09608]]},"properties":{}},{"type":"Feature","geometry":{"type":"LineString","coordinates":[[8.63198,50.09405],[8.63344,50.09528]]},"properties":{}},{"type":"Feature","geometry":{"type":"LineString","coordinates":[[8.63362,50.0969],[8.63204,50.09646]]},"properties":{}},{"type":"Feature","geometry":{"type":"LineString","coordinates":[[8.63755,50.09658],[8.63274,50.09383],[8.63204,50.09322]]},"properties":{}},{"type":"Feature","geometry":{"type":"LineString","coordinates":[[8.63774,50.06975],[8.63204,50.06816]]},"properties":{}},{"type":"Feature","geometry":{"type":"LineString","coordinates":[[8.63621,50.0952],[8.63213,50.09286]]},"properties":{}},{"type":"Feature","geometry":{"type":"LineString","coordinates":[[8.6365,50.09543],[8.63213,50.09286]]},"properties":{}},{"type":"Feature","geometry":{"type":"LineString","coordinates":[[8.63216,50.09279],[8.63869,50.09627]]},"properties":{}},{"type":"Feature","geometry":{"type":"LineString","coordinates":[[8.63775,50.09663],[8.63513,50.0969],[8.63217,50.09823]]},"properties":{}},{"type":"Feature","geometry":{"type":"LineString","coordinates":[[8.64503,50.10056],[8.63669,50.09744],[8.63434,50.09746],[8.63217,50.09823]]},"properties":{}},{"type":"Feature","geometry":{"type":"LineString","coordinates":[[8.63218,49.89737],[8.64019,49.89527],[8.64713,49.89255],[8.6495,49.89214],[8.65187,49.89212]]},"properties":{}},{"type":"Feature","geometry":{"type":"LineString","coordinates":[[8.63709,50.09628],[8.63226,50.09335]]},"properties":{}},{"type":"Feature","geometry":{"type":"LineString","coordinates":[[8.63341,50.09453],[8.6324,50.09364]]},"properties":{}},{"type":"Feature","geometry":{"type":"LineString","coordinates":[[8.63246,50.08706],[8.63245,50.08708]]},"properties":{}},{"type":"Feature","geometry":{"type":"LineString","coordinates":[[8.63709,50.09628],[8.63246,50.09351]]},"properties":{}},{"type":"Feature","geometry":{"type":"LineString","coordinates":[[8.63755,50.09658],[8.63246,50.09351]]},"properties":{}},{"type":"Feature","geometry":{"type":"LineString","coordinates":[[8.63547,50.08324],[8.63246,50.08706]]},"properties":{}},{"type":"Feature","geometry":{"type":"LineString","coordinates":[[8.63315,50.08629],[8.63246,50.08706]]},"properties":{}},{"type":"Feature","geometry":{"type":"LineString","coordinates":[[8.63726,50.09655],[8.63247,50.0937]]},"properties":{}},{"type":"Feature","geometry":{"type":"LineString","coordinates":[[8.63641,50.09196],[8.6325,50.0906]]},"properties":{}},{"type":"Feature","geometry":{"type":"LineString","coordinates":[[8.64344,50.09459],[8.63269,50.09056]]},"properties":{}},{"type":"Feature","geometry":{"type":"LineString","coordinates":[[8.63726,50.09655],[8.63284,50.09399]]},"properties":{}},{"type":"Feature","geometry":{"type":"LineString","coordinates":[[8.63379,50.09686],[8.63285,50.09649]]},"properties":{}},{"type":"Feature","geometry":{"type":"LineString","coordinates":[[8.63312,49.80313],[8.63289,49.8024]]},"properties":{}},{"type":"Feature","geometry":{"type":"LineString","coordinates":[[8.63389,50.12069],[8.6329,50.12053]]},"properties":{}},{"type":"Feature","geometry":{"type":"LineString","coordinates":[[8.6376,50.12003],[8.63542,50.12079],[8.63294,50.12048]]},"properties":{}},{"type":"Feature","geometry":{"type":"LineString","coordinates":[[8.63358,50.09668],[8.63299,50.09645]]},"properties":{}},{"type":"Feature","geometry":{"type":"LineString","coordinates":[[8.63299,50.09645],[8.63493,50.09728]]},"properties":{}},{"type":"Feature","geometry":{"type":"LineString","coordinates":[[8.63299,50.09066],[8.63339,50.09085]]},"properties":{}},{"type":"Feature","geometry":{"type":"LineString","coordinates":[[8.63301,50.09308],[8.63669,50.09528],[8.6391,50.09642]]},"properties":{}},{"type":"Feature","geometry":{"type":"LineString","coordinates":[[8.63304,49.89715],[8.63391,49.89697]]},"properties":{}},{"type":"Feature","geometry":{"type":"LineString","coordinates":[[8.63316,50.12425],[8.63311,50.12469]]},"properties":{}},{"type":"Feature","geometry":{"type":"LineString","coordinates":[[8.64352,50.09967],[8.6392,50.09736],[8.6366,50.09632],[8.63314,50.09423]]},"properties":{}},{"type":"Feature","geometry":{"type":"LineString","coordinates":[[8.63362,50.0969],[8.63314,50.09672]]},"properties":{}},{"type":"Feature","geometry":{"type":"LineString","coordinates":[[8.63429,50.08486],[8.63315,50.08629]]},"properties":{}},{"type":"Feature","geometry":{"type":"LineString","coordinates":[[8.63545,50.09731],[8.63318,50.0964]]},"properties":{}},{"type":"Feature","geometry":{"type":"LineString","coordinates":[[8.63373,50.09667],[8.63318,50.0964]]},"properties":{}},{"type":"Feature","geometry":{"type":"LineString","coordinates":[[8.63334,50.12542],[8.63321,50.12486]]},"properties":{}},{"type":"Feature","geometry":{"type":"LineString","coordinates":[[8.63321,50.12486],[8.63339,50.12349],[8.63445,50.12207],[8.64037,50.11844]]},"properties":{}},{"type":"Feature","geometry":{"type":"LineString","coordinates":[[8.63321,50.12486],[8.63353,50.12332],[8.63451,50.12209],[8.64037,50.11844]]},"properties":{}},{"type":"Feature","geometry":{"type":"LineString","coordinates":[[8.63321,49.89157],[8.6361,49.89293],[8.63869,49.89332],[8.6404,49.89314],[8.64539,49.89177],[8.64908,49.89173]]},"properties":{}},{"type":"Feature","geometry":{"type":"LineString","coordinates":[[8.63402,50.12674],[8.63346,50.12581]]},"properties":{}},{"type":"Feature","geometry":{"type":"LineString","coordinates":[[8.63574,50.12968],[8.63346,50.12581]]},"properties":{}},{"type":"Feature","geometry":{"type":"LineString","coordinates":[[8.63346,50.12581],[8.63333,50.12404],[8.63439,50.12228],[8.64169,50.11771],[8.6429,50.11639],[8.64321,50.11516],[8.64342,50.10587],[8.64393,50.10473],[8.64516,50.10335],[8.64701,50.10218],[8.64934,50.10189],[8.65139,50.10232],[8.65562,50.10394]]},"properties":{}},{"type":"Feature","geometry":{"type":"LineString","coordinates":[[8.63764,50.09679],[8.6335,50.09453]]},"properties":{}},{"type":"Feature","geometry":{"type":"LineString","coordinates":[[8.63612,50.09615],[8.6335,50.09453]]},"properties":{}},{"type":"Feature","geometry":{"type":"LineString","coordinates":[[8.63358,50.09668],[8.63448,50.09697]]},"properties":{}},{"type":"Feature","geometry":{"type":"LineString","coordinates":[[8.63433,50.09697],[8.63358,50.09668]]},"properties":{}},{"type":"Feature","geometry":{"type":"LineString","coordinates":[[8.63359,50.1256],[8.63412,50.12678]]},"properties":{}},{"type":"Feature","geometry":{"type":"LineString","coordinates":[[8.63457,50.09723],[8.63362,50.0969]]},"properties":{}},{"type":"Feature","geometry":{"type":"LineString","coordinates":[[8.63592,50.06904],[8.63367,50.06846]]},"properties":{}},{"type":"Feature","geometry":{"type":"LineString","coordinates":[[8.63367,50.06846],[8.63474,50.06877]]},"properties":{}},{"type":"Feature","geometry":{"type":"LineString","coordinates":[[8.63373,50.09667],[8.63448,50.09697]]},"properties":{}},{"type":"Feature","geometry":{"type":"LineString","coordinates":[[8.63433,50.09697],[8.63373,50.09667]]},"properties":{}},{"type":"Feature","geometry":{"type":"LineString","coordinates":[[8.63457,50.09723],[8.63379,50.09686]]},"properties":{}},{"type":"Feature","geometry":{"type":"LineString","coordinates":[[8.6338,50.06819],[8.64067,50.07023]]},"properties":{}},{"type":"Feature","geometry":{"type":"LineString","coordinates":[[8.6338,50.06819],[8.63515,50.06865]]},"properties":{}},{"type":"Feature","geometry":{"type":"LineString","coordinates":[[8.63396,50.06815],[8.63729,50.06922]]},"properties":{}},{"type":"Feature","geometry":{"type":"LineString","coordinates":[[8.63399,50.06835],[8.63905,50.06985]]},"properties":{}},{"type":"Feature","geometry":{"type":"LineString","coordinates":[[8.63592,50.06904],[8.63399,50.06835]]},"properties":{}},{"type":"Feature","geometry":{"type":"LineString","coordinates":[[8.63399,50.09603],[8.64783,50.10156]]},"properties":{}},{"type":"Feature","geometry":{"type":"LineString","coordinates":[[8.63713,50.06951],[8.63926,50.07021],[8.64091,50.07129],[8.64176,50.07246],[8.64198,50.07381],[8.6413,50.0754],[8.63176,50.08777],[8.63003,50.09098],[8.6299,50.09245],[8.63053,50.09383],[8.63178,50.09495],[8.63399,50.09603]]},"properties":{}},{"type":"Feature","geometry":{"type":"LineString","coordinates":[[8.63429,50.08486],[8.63402,50.08528]]},"properties":{}},{"type":"Feature","geometry":{"type":"LineString","coordinates":[[8.63402,50.12674],[8.63504,50.12841]]},"properties":{}},{"type":"Feature","geometry":{"type":"LineString","coordinates":[[8.64259,50.11698],[8.64136,50.11801],[8.63512,50.12175],[8.63411,50.12267],[8.63358,50.12351],[8.63333,50.12466],[8.63347,50.12562],[8.63402,50.12674]]},"properties":{}},{"type":"Feature","geometry":{"type":"LineString","coordinates":[[8.65706,50.07514],[8.64899,50.07298],[8.64652,50.073],[8.64395,50.07371],[8.64181,50.07527],[8.63429,50.08486]]},"properties":{}},{"type":"Feature","geometry":{"type":"LineString","coordinates":[[8.63432,50.12214],[8.63505,50.12145],[8.63692,50.12037]]},"properties":{}},{"type":"Feature","geometry":{"type":"LineString","coordinates":[[8.63433,50.09697],[8.64342,50.10062],[8.64432,50.10122]]},"properties":{}},{"type":"Feature","geometry":{"type":"LineString","coordinates":[[8.63493,50.09728],[8.63433,50.09697]]},"properties":{}},{"type":"Feature","geometry":{"type":"LineString","coordinates":[[8.63433,50.06821],[8.63861,50.06947]]},"properties":{}},{"type":"Feature","geometry":{"type":"LineString","coordinates":[[8.63434,50.08461],[8.63505,50.08378]]},"properties":{}},{"type":"Feature","geometry":{"type":"LineString","coordinates":[[8.63448,49.87967],[8.63527,49.87872]]},"properties":{}},{"type":"Feature","geometry":{"type":"LineString","coordinates":[[8.63448,50.09697],[8.63467,50.09705]]},"properties":{}},{"type":"Feature","geometry":{"type":"LineString","coordinates":[[8.63456,50.09564],[8.63506,50.09586]]},"properties":{}},{"type":"Feature","geometry":{"type":"LineString","coordinates":[[8.63571,50.09763],[8.63457,50.09723]]},"properties":{}},{"type":"Feature","geometry":{"type":"LineString","coordinates":[[8.63545,50.09731],[8.63467,50.09705]]},"properties":{}},{"type":"Feature","geometry":{"type":"LineString","coordinates":[[8.63467,50.09705],[8.63926,50.09885]]},"properties":{}},{"type":"Feature","geometry":{"type":"LineString","coordinates":[[8.63713,50.06951],[8.63474,50.06877]]},"properties":{}},{"type":"Feature","geometry":{"type":"LineString","coordinates":[[8.63474,50.06877],[8.63774,50.06975]]},"properties":{}},{"type":"Feature","geometry":{"type":"LineString","coordinates":[[8.63474,50.09569],[8.63615,50.09628]]},"properties":{}},{"type":"Feature","geometry":{"type":"LineString","coordinates":[[8.63658,50.12054],[8.63487,50.12158]]},"properties":{}},{"type":"Feature","geometry":{"type":"LineString","coordinates":[[8.64432,50.10122],[8.64342,50.10067],[8.63493,50.09728]]},"properties":{}},{"type":"Feature","geometry":{"type":"LineString","coordinates":[[8.63495,49.88264],[8.63613,49.88235]]},"properties":{}},{"type":"Feature","geometry":{"type":"LineString","coordinates":[[8.63552,50.0829],[8.63497,50.08378]]},"properties":{}},{"type":"Feature","geometry":{"type":"LineString","coordinates":[[8.63501,50.12825],[8.6358,50.12945]]},"properties":{}},{"type":"Feature","geometry":{"type":"LineString","coordinates":[[8.63504,50.12841],[8.64429,50.14532],[8.66178,50.1661],[8.66332,50.16758],[8.66492,50.1686],[8.66796,50.16976],[8.67041,50.17022],[8.68488,50.17013],[8.68927,50.17074],[8.6917,50.17161],[8.69321,50.17244],[8.69673,50.17581],[8.69865,50.17713],[8.70112,50.17814],[8.70416,50.17879],[8.70756,50.17889],[8.72768,50.17749],[8.73039,50.17771],[8.73354,50.17888],[8.73525,50.17996],[8.73601,50.1809],[8.73777,50.18491]]},"properties":{}},{"type":"Feature","geometry":{"type":"LineString","coordinates":[[8.63574,50.12968],[8.63504,50.12841]]},"properties":{}},{"type":"Feature","geometry":{"type":"LineString","coordinates":[[8.63574,50.0827],[8.63512,50.08368]]},"properties":{}},{"type":"Feature","geometry":{"type":"LineString","coordinates":[[8.63515,50.06865],[8.63525,50.06868]]},"properties":{}},{"type":"Feature","geometry":{"type":"LineString","coordinates":[[8.63516,50.12145],[8.63734,50.12016]]},"properties":{}},{"type":"Feature","geometry":{"type":"LineString","coordinates":[[8.63517,49.87926],[8.6365,49.87865]]},"properties":{}},{"type":"Feature","geometry":{"type":"LineString","coordinates":[[8.63525,50.06868],[8.64044,50.07021]]},"properties":{}},{"type":"Feature","geometry":{"type":"LineString","coordinates":[[8.63525,50.06868],[8.63702,50.0693]]},"properties":{}},{"type":"Feature","geometry":{"type":"LineString","coordinates":[[8.63582,50.09745],[8.63545,50.09731]]},"properties":{}},{"type":"Feature","geometry":{"type":"LineString","coordinates":[[8.63765,50.06949],[8.63954,50.07017],[8.64104,50.07122],[8.6419,50.07244],[8.64215,50.07388],[8.64162,50.07523],[8.63547,50.08324]]},"properties":{}},{"type":"Feature","geometry":{"type":"LineString","coordinates":[[8.63547,50.08324],[8.63653,50.08203]]},"properties":{}},{"type":"Feature","geometry":{"type":"LineString","coordinates":[[8.63559,50.08281],[8.63617,50.08179]]},"properties":{}},{"type":"Feature","geometry":{"type":"LineString","coordinates":[[8.63661,50.12046],[8.6356,50.12099]]},"properties":{}},{"type":"Feature","geometry":{"type":"LineString","coordinates":[[8.63571,49.87734],[8.63565,49.87675]]},"properties":{}},{"type":"Feature","geometry":{"type":"LineString","coordinates":[[8.63568,50.09594],[8.63612,50.09615]]},"properties":{}},{"type":"Feature","geometry":{"type":"LineString","coordinates":[[8.7379,50.18537],[8.73619,50.18138],[8.73526,50.18005],[8.73349,50.1789],[8.73037,50.17774],[8.72769,50.17753],[8.70757,50.17893],[8.70372,50.17877],[8.70091,50.17812],[8.6983,50.17699],[8.69671,50.17586],[8.69327,50.17254],[8.69168,50.17164],[8.68926,50.17077],[8.6851,50.17018],[8.6704,50.17027],[8.66792,50.16981],[8.66486,50.16863],[8.66327,50.1676],[8.66174,50.16613],[8.6445,50.1457],[8.63894,50.13587],[8.63574,50.12968]]},"properties":{}},{"type":"Feature","geometry":{"type":"LineString","coordinates":[[8.63574,49.87663],[8.63599,49.87814],[8.63577,49.87876]]},"properties":{}},{"type":"Feature","geometry":{"type":"LineString","coordinates":[[8.63628,50.08183],[8.63581,50.0826]]},"properties":{}},{"type":"Feature","geometry":{"type":"LineString","coordinates":[[8.63617,50.09756],[8.63582,50.09745]]},"properties":{}},{"type":"Feature","geometry":{"type":"LineString","coordinates":[[8.64428,50.10074],[8.63582,50.09745]]},"properties":{}},{"type":"Feature","geometry":{"type":"LineString","coordinates":[[8.6361,50.06909],[8.63592,50.06904]]},"properties":{}},{"type":"Feature","geometry":{"type":"LineString","coordinates":[[8.6361,50.06909],[8.63754,50.06946]]},"properties":{}},{"type":"Feature","geometry":{"type":"LineString","coordinates":[[8.63611,50.09623],[8.6365,50.09641]]},"properties":{}},{"type":"Feature","geometry":{"type":"LineString","coordinates":[[8.63682,50.09653],[8.63612,50.09615]]},"properties":{}},{"type":"Feature","geometry":{"type":"LineString","coordinates":[[8.63751,50.09796],[8.63614,50.09751]]},"properties":{}},{"type":"Feature","geometry":{"type":"LineString","coordinates":[[8.63937,50.09729],[8.63615,50.09628]]},"properties":{}},{"type":"Feature","geometry":{"type":"LineString","coordinates":[[8.63676,50.09774],[8.63617,50.09756]]},"properties":{}},{"type":"Feature","geometry":{"type":"LineString","coordinates":[[8.64051,50.09925],[8.63617,50.09756]]},"properties":{}},{"type":"Feature","geometry":{"type":"LineString","coordinates":[[8.63704,50.09569],[8.63621,50.0952]]},"properties":{}},{"type":"Feature","geometry":{"type":"LineString","coordinates":[[8.6373,50.09613],[8.63621,50.0952]]},"properties":{}},{"type":"Feature","geometry":{"type":"LineString","coordinates":[[8.63773,50.09642],[8.63646,50.09535]]},"properties":{}},{"type":"Feature","geometry":{"type":"LineString","coordinates":[[8.63751,50.09796],[8.63676,50.09774]]},"properties":{}},{"type":"Feature","geometry":{"type":"LineString","coordinates":[[8.64428,50.10074],[8.63676,50.09774]]},"properties":{}},{"type":"Feature","geometry":{"type":"LineString","coordinates":[[8.63678,50.0959],[8.63767,50.09658]]},"properties":{}},{"type":"Feature","geometry":{"type":"LineString","coordinates":[[8.63682,50.06895],[8.64067,50.07023]]},"properties":{}},{"type":"Feature","geometry":{"type":"LineString","coordinates":[[8.63702,50.0693],[8.63754,50.06946]]},"properties":{}},{"type":"Feature","geometry":{"type":"LineString","coordinates":[[8.64251,50.09814],[8.63864,50.0968],[8.63704,50.09569]]},"properties":{}},{"type":"Feature","geometry":{"type":"LineString","coordinates":[[8.64478,50.09909],[8.63856,50.0968],[8.63704,50.09569]]},"properties":{}},{"type":"Feature","geometry":{"type":"LineString","coordinates":[[8.63708,50.12065],[8.63786,50.12012]]},"properties":{}},{"type":"Feature","geometry":{"type":"LineString","coordinates":[[8.63767,50.09658],[8.63709,50.09628]]},"properties":{}},{"type":"Feature","geometry":{"type":"LineString","coordinates":[[8.63834,50.09697],[8.63726,50.09655]]},"properties":{}},{"type":"Feature","geometry":{"type":"LineString","coordinates":[[8.63773,50.09642],[8.6373,50.09613]]},"properties":{}},{"type":"Feature","geometry":{"type":"LineString","coordinates":[[8.63811,50.09674],[8.6373,50.09613]]},"properties":{}},{"type":"Feature","geometry":{"type":"LineString","coordinates":[[8.63737,50.06925],[8.63875,50.06972]]},"properties":{}},{"type":"Feature","geometry":{"type":"LineString","coordinates":[[8.63783,50.09805],[8.63751,50.09796]]},"properties":{}},{"type":"Feature","geometry":{"type":"LineString","coordinates":[[8.64065,50.0992],[8.63751,50.09796]]},"properties":{}},{"type":"Feature","geometry":{"type":"LineString","coordinates":[[8.63754,50.06946],[8.63765,50.06949]]},"properties":{}},{"type":"Feature","geometry":{"type":"LineString","coordinates":[[8.63834,50.09697],[8.63755,50.09658]]},"properties":{}},{"type":"Feature","geometry":{"type":"LineString","coordinates":[[8.63765,50.06949],[8.63905,50.06985]]},"properties":{}},{"type":"Feature","geometry":{"type":"LineString","coordinates":[[8.63937,50.09729],[8.63767,50.09658]]},"properties":{}},{"type":"Feature","geometry":{"type":"LineString","coordinates":[[8.6377,50.0966],[8.64027,50.09708],[8.65237,50.10185]]},"properties":{}},{"type":"Feature","geometry":{"type":"LineString","coordinates":[[8.63869,50.09694],[8.63773,50.09642]]},"properties":{}},{"type":"Feature","geometry":{"type":"LineString","coordinates":[[8.63814,50.0977],[8.634,50.0963],[8.63209,50.09536],[8.63045,50.09383],[8.6298,50.09207],[8.63007,50.09074],[8.63165,50.08783],[8.64172,50.07462],[8.64191,50.07318],[8.64122,50.07169],[8.63989,50.07058],[8.63774,50.06975]]},"properties":{}},{"type":"Feature","geometry":{"type":"LineString","coordinates":[[8.65032,50.10113],[8.64026,50.09711],[8.63775,50.09663]]},"properties":{}},{"type":"Feature","geometry":{"type":"LineString","coordinates":[[8.6378,49.89375],[8.63908,49.89463],[8.63989,49.89554],[8.64317,49.90131],[8.64401,49.90383],[8.64446,49.90676]]},"properties":{}},{"type":"Feature","geometry":{"type":"LineString","coordinates":[[8.63837,50.09821],[8.63783,50.09805]]},"properties":{}},{"type":"Feature","geometry":{"type":"LineString","coordinates":[[8.64134,50.09943],[8.63783,50.09805]]},"properties":{}},{"type":"Feature","geometry":{"type":"LineString","coordinates":[[8.63783,50.09246],[8.63821,50.09266]]},"properties":{}},{"type":"Feature","geometry":{"type":"LineString","coordinates":[[8.64183,50.09883],[8.63807,50.09718]]},"properties":{}},{"type":"Feature","geometry":{"type":"LineString","coordinates":[[8.64251,50.09814],[8.63811,50.09674]]},"properties":{}},{"type":"Feature","geometry":{"type":"LineString","coordinates":[[8.64221,50.09898],[8.63811,50.09674]]},"properties":{}},{"type":"Feature","geometry":{"type":"LineString","coordinates":[[8.64636,50.10103],[8.63814,50.0977]]},"properties":{}},{"type":"Feature","geometry":{"type":"LineString","coordinates":[[8.63951,50.09743],[8.63834,50.09697]]},"properties":{}},{"type":"Feature","geometry":{"type":"LineString","coordinates":[[8.63891,50.09836],[8.63837,50.09821]]},"properties":{}},{"type":"Feature","geometry":{"type":"LineString","coordinates":[[8.64198,50.09962],[8.63837,50.09821]]},"properties":{}},{"type":"Feature","geometry":{"type":"LineString","coordinates":[[8.63849,50.09743],[8.64098,50.0985]]},"properties":{}},{"type":"Feature","geometry":{"type":"LineString","coordinates":[[8.63861,50.1199],[8.63544,50.12168],[8.63411,50.12291],[8.63346,50.12465],[8.63385,50.12618],[8.64436,50.14522],[8.66198,50.16617],[8.66373,50.16775],[8.66704,50.16936],[8.67043,50.17011],[8.67306,50.17024],[8.68405,50.17],[8.68706,50.1702],[8.68929,50.17064],[8.6917,50.17148],[8.69344,50.17246],[8.69693,50.17577],[8.69871,50.17699],[8.7015,50.17813],[8.70397,50.17866],[8.70769,50.17879],[8.72789,50.17738],[8.73138,50.17783],[8.73445,50.17917],[8.7359,50.18049],[8.73805,50.18523],[8.73964,50.18784],[8.7415,50.1922]]},"properties":{}},{"type":"Feature","geometry":{"type":"LineString","coordinates":[[8.65791,50.10568],[8.64931,50.10242],[8.64742,50.10239],[8.64588,50.10303],[8.64422,50.10478],[8.64361,50.1062],[8.64357,50.11235],[8.6432,50.11624],[8.64208,50.11773],[8.63861,50.1199]]},"properties":{}},{"type":"Feature","geometry":{"type":"LineString","coordinates":[[8.64101,50.09765],[8.63869,50.09694]]},"properties":{}},{"type":"Feature","geometry":{"type":"LineString","coordinates":[[8.64101,50.09765],[8.63869,50.09694]]},"properties":{}},{"type":"Feature","geometry":{"type":"LineString","coordinates":[[8.63889,50.09735],[8.64141,50.09867]]},"properties":{}},{"type":"Feature","geometry":{"type":"LineString","coordinates":[[8.63945,50.09852],[8.63891,50.09836]]},"properties":{}},{"type":"Feature","geometry":{"type":"LineString","coordinates":[[8.64264,50.09982],[8.63891,50.09836]]},"properties":{}},{"type":"Feature","geometry":{"type":"LineString","coordinates":[[8.63905,50.06985],[8.63923,50.0699]]},"properties":{}},{"type":"Feature","geometry":{"type":"LineString","coordinates":[[8.63923,50.0699],[8.64044,50.07021]]},"properties":{}},{"type":"Feature","geometry":{"type":"LineString","coordinates":[[8.6425,50.07081],[8.63923,50.0699]]},"properties":{}},{"type":"Feature","geometry":{"type":"LineString","coordinates":[[8.64051,50.09925],[8.63926,50.09885]]},"properties":{}},{"type":"Feature","geometry":{"type":"LineString","coordinates":[[8.63926,50.09885],[8.64362,50.10058]]},"properties":{}},{"type":"Feature","geometry":{"type":"LineString","coordinates":[[8.63979,50.09748],[8.63934,50.09732]]},"properties":{}},{"type":"Feature","geometry":{"type":"LineString","coordinates":[[8.6399,50.09743],[8.63937,50.09729]]},"properties":{}},{"type":"Feature","geometry":{"type":"LineString","coordinates":[[8.64375,50.10014],[8.63945,50.09852]]},"properties":{}},{"type":"Feature","geometry":{"type":"LineString","coordinates":[[8.64327,50.10001],[8.63945,50.09852]]},"properties":{}},{"type":"Feature","geometry":{"type":"LineString","coordinates":[[8.64108,50.09805],[8.63951,50.09743]]},"properties":{}},{"type":"Feature","geometry":{"type":"LineString","coordinates":[[8.64129,50.09842],[8.63951,50.09743]]},"properties":{}},{"type":"Feature","geometry":{"type":"LineString","coordinates":[[8.63962,50.11907],[8.64101,50.11813]]},"properties":{}},{"type":"Feature","geometry":{"type":"LineString","coordinates":[[8.63966,50.07766],[8.64033,50.07671]]},"properties":{}},{"type":"Feature","geometry":{"type":"LineString","coordinates":[[8.6424,50.09825],[8.63979,50.09748]]},"properties":{}},{"type":"Feature","geometry":{"type":"LineString","coordinates":[[8.64121,50.09822],[8.63979,50.09748]]},"properties":{}},{"type":"Feature","geometry":{"type":"LineString","coordinates":[[8.6398,50.09328],[8.64062,50.09356]]},"properties":{}},{"type":"Feature","geometry":{"type":"LineString","coordinates":[[8.64129,50.09842],[8.63986,50.09757]]},"properties":{}},{"type":"Feature","geometry":{"type":"LineString","coordinates":[[8.64304,50.09835],[8.6399,50.09743]]},"properties":{}},{"type":"Feature","geometry":{"type":"LineString","coordinates":[[8.64278,50.09852],[8.6399,50.09743]]},"properties":{}},{"type":"Feature","geometry":{"type":"LineString","coordinates":[[8.64003,50.09796],[8.64088,50.09839]]},"properties":{}},{"type":"Feature","geometry":{"type":"LineString","coordinates":[[8.64022,50.09753],[8.64188,50.09804]]},"properties":{}},{"type":"Feature","geometry":{"type":"LineString","coordinates":[[8.64028,50.09767],[8.64179,50.09821]]},"properties":{}},{"type":"Feature","geometry":{"type":"LineString","coordinates":[[8.64179,50.09821],[8.64031,50.09765]]},"properties":{}},{"type":"Feature","geometry":{"type":"LineString","coordinates":[[8.64037,50.11844],[8.64139,50.11791]]},"properties":{}},{"type":"Feature","geometry":{"type":"LineString","coordinates":[[8.64044,50.07021],[8.64062,50.07026]]},"properties":{}},{"type":"Feature","geometry":{"type":"LineString","coordinates":[[8.64337,50.10033],[8.64051,50.09925]]},"properties":{}},{"type":"Feature","geometry":{"type":"LineString","coordinates":[[8.64057,50.11832],[8.64185,50.11752]]},"properties":{}},{"type":"Feature","geometry":{"type":"LineString","coordinates":[[8.64062,50.07026],[8.64251,50.07077]]},"properties":{}},{"type":"Feature","geometry":{"type":"LineString","coordinates":[[8.6425,50.07081],[8.64062,50.07026]]},"properties":{}},{"type":"Feature","geometry":{"type":"LineString","coordinates":[[8.64134,50.09943],[8.64065,50.0992]]},"properties":{}},{"type":"Feature","geometry":{"type":"LineString","coordinates":[[8.64595,50.10129],[8.64065,50.0992]]},"properties":{}},{"type":"Feature","geometry":{"type":"LineString","coordinates":[[8.64067,50.07023],[8.64251,50.07077]]},"properties":{}},{"type":"Feature","geometry":{"type":"LineString","coordinates":[[8.64215,50.09854],[8.64074,50.09791]]},"properties":{}},{"type":"Feature","geometry":{"type":"LineString","coordinates":[[8.64221,50.09898],[8.64074,50.09797]]},"properties":{}},{"type":"Feature","geometry":{"type":"LineString","coordinates":[[8.64239,50.09819],[8.64101,50.09765]]},"properties":{}},{"type":"Feature","geometry":{"type":"LineString","coordinates":[[8.64108,50.09805],[8.64403,50.09889]]},"properties":{}},{"type":"Feature","geometry":{"type":"LineString","coordinates":[[8.6421,50.09845],[8.64108,50.09805]]},"properties":{}},{"type":"Feature","geometry":{"type":"LineString","coordinates":[[8.64222,50.09872],[8.64109,50.0982]]},"properties":{}},{"type":"Feature","geometry":{"type":"LineString","coordinates":[[8.64115,50.10086],[8.64124,50.10089]]},"properties":{}},{"type":"Feature","geometry":{"type":"LineString","coordinates":[[8.64214,50.09859],[8.64121,50.09822]]},"properties":{}},{"type":"Feature","geometry":{"type":"LineString","coordinates":[[8.64258,50.09882],[8.64121,50.09822]]},"properties":{}},{"type":"Feature","geometry":{"type":"LineString","coordinates":[[8.64455,50.09975],[8.64129,50.09842]]},"properties":{}},{"type":"Feature","geometry":{"type":"LineString","coordinates":[[8.64198,50.09962],[8.64134,50.09943]]},"properties":{}},{"type":"Feature","geometry":{"type":"LineString","coordinates":[[8.64598,50.10126],[8.64134,50.09943]]},"properties":{}},{"type":"Feature","geometry":{"type":"LineString","coordinates":[[8.64194,50.09867],[8.64136,50.0984]]},"properties":{}},{"type":"Feature","geometry":{"type":"LineString","coordinates":[[8.64139,50.09795],[8.64318,50.09863]]},"properties":{}},{"type":"Feature","geometry":{"type":"LineString","coordinates":[[8.64144,50.09816],[8.64214,50.09841]]},"properties":{}},{"type":"Feature","geometry":{"type":"LineString","coordinates":[[8.64168,50.09841],[8.64215,50.09854]]},"properties":{}},{"type":"Feature","geometry":{"type":"LineString","coordinates":[[8.64256,50.0985],[8.64179,50.09821]]},"properties":{}},{"type":"Feature","geometry":{"type":"LineString","coordinates":[[8.64183,50.11761],[8.64259,50.11698]]},"properties":{}},{"type":"Feature","geometry":{"type":"LineString","coordinates":[[8.64357,50.09874],[8.64184,50.09808]]},"properties":{}},{"type":"Feature","geometry":{"type":"LineString","coordinates":[[8.64239,50.09819],[8.64188,50.09804]]},"properties":{}},{"type":"Feature","geometry":{"type":"LineString","coordinates":[[8.6424,50.09825],[8.64188,50.09804]]},"properties":{}},{"type":"Feature","geometry":{"type":"LineString","coordinates":[[8.64194,50.09867],[8.64273,50.09891]]},"properties":{}},{"type":"Feature","geometry":{"type":"LineString","coordinates":[[8.64288,50.09908],[8.64194,50.09867]]},"properties":{}},{"type":"Feature","geometry":{"type":"LineString","coordinates":[[8.64264,50.09982],[8.64198,50.09962]]},"properties":{}},{"type":"Feature","geometry":{"type":"LineString","coordinates":[[8.64611,50.10124],[8.64198,50.09962]]},"properties":{}},{"type":"Feature","geometry":{"type":"LineString","coordinates":[[8.64199,50.09417],[8.64314,50.09449]]},"properties":{}},{"type":"Feature","geometry":{"type":"LineString","coordinates":[[8.64313,50.09898],[8.64214,50.09859]]},"properties":{}},{"type":"Feature","geometry":{"type":"LineString","coordinates":[[8.64258,50.09882],[8.64214,50.09859]]},"properties":{}},{"type":"Feature","geometry":{"type":"LineString","coordinates":[[8.6425,50.09868],[8.64215,50.09854]]},"properties":{}},{"type":"Feature","geometry":{"type":"LineString","coordinates":[[8.64281,50.0993],[8.64221,50.09898]]},"properties":{}},{"type":"Feature","geometry":{"type":"LineString","coordinates":[[8.6475,50.10044],[8.64653,50.09983],[8.64239,50.09819]]},"properties":{}},{"type":"Feature","geometry":{"type":"LineString","coordinates":[[8.64403,50.09889],[8.6424,50.09825]]},"properties":{}},{"type":"Feature","geometry":{"type":"LineString","coordinates":[[8.64321,50.0989],[8.6425,50.09868]]},"properties":{}},{"type":"Feature","geometry":{"type":"LineString","coordinates":[[8.64318,50.09894],[8.6425,50.09868]]},"properties":{}},{"type":"Feature","geometry":{"type":"LineString","coordinates":[[8.65706,50.07514],[8.6425,50.07081]]},"properties":{}},{"type":"Feature","geometry":{"type":"LineString","coordinates":[[8.64304,50.09835],[8.64251,50.09814]]},"properties":{}},{"type":"Feature","geometry":{"type":"LineString","coordinates":[[8.64251,50.07077],[8.6578,50.0753]]},"properties":{}},{"type":"Feature","geometry":{"type":"LineString","coordinates":[[8.64333,50.09878],[8.64256,50.0985]]},"properties":{}},{"type":"Feature","geometry":{"type":"LineString","coordinates":[[8.64256,50.0985],[8.64328,50.09888]]},"properties":{}},{"type":"Feature","geometry":{"type":"LineString","coordinates":[[8.6431,50.09902],[8.64258,50.09882]]},"properties":{}},{"type":"Feature","geometry":{"type":"LineString","coordinates":[[8.64339,50.10724],[8.64325,50.11545],[8.64259,50.11698]]},"properties":{}},{"type":"Feature","geometry":{"type":"LineString","coordinates":[[8.64327,50.10001],[8.64264,50.09982]]},"properties":{}},{"type":"Feature","geometry":{"type":"LineString","coordinates":[[8.64628,50.10125],[8.64264,50.09982]]},"properties":{}},{"type":"Feature","geometry":{"type":"LineString","coordinates":[[8.64274,50.09998],[8.64396,50.10057]]},"properties":{}},{"type":"Feature","geometry":{"type":"LineString","coordinates":[[8.64757,50.10124],[8.64281,50.0993]]},"properties":{}},{"type":"Feature","geometry":{"type":"LineString","coordinates":[[8.64352,50.09967],[8.64281,50.0993]]},"properties":{}},{"type":"Feature","geometry":{"type":"LineString","coordinates":[[8.64737,50.10002],[8.64304,50.09835]]},"properties":{}},{"type":"Feature","geometry":{"type":"LineString","coordinates":[[8.74162,50.1929],[8.739,50.1869],[8.73799,50.18524],[8.73592,50.18061],[8.73441,50.1792],[8.73135,50.17787],[8.7279,50.17742],[8.70758,50.17884],[8.70394,50.17869],[8.70131,50.17812],[8.69866,50.17701],[8.69678,50.1757],[8.69339,50.17248],[8.69168,50.17153],[8.68932,50.17069],[8.68475,50.17008],[8.67042,50.17016],[8.66701,50.1694],[8.66481,50.16848],[8.66337,50.16755],[8.66215,50.16645],[8.65601,50.15928],[8.6444,50.14537],[8.63361,50.12582],[8.63348,50.12405],[8.63451,50.12232],[8.64178,50.11778],[8.64313,50.11623]]},"properties":{}},{"type":"Feature","geometry":{"type":"LineString","coordinates":[[8.64313,50.11623],[8.64335,50.11488],[8.64351,50.10616],[8.64398,50.10488],[8.6449,50.1038]]},"properties":{}},{"type":"Feature","geometry":{"type":"LineString","coordinates":[[8.64316,49.89673],[8.64337,49.89879]]},"properties":{}},{"type":"Feature","geometry":{"type":"LineString","coordinates":[[8.64375,50.10014],[8.64327,50.10001]]},"properties":{}},{"type":"Feature","geometry":{"type":"LineString","coordinates":[[8.64632,50.10121],[8.64327,50.10001]]},"properties":{}},{"type":"Feature","geometry":{"type":"LineString","coordinates":[[8.64331,49.89828],[8.64349,49.89746],[8.64332,49.89665]]},"properties":{}},{"type":"Feature","geometry":{"type":"LineString","coordinates":[[8.64331,50.10819],[8.64322,50.10611],[8.64402,50.10441],[8.64528,50.10307],[8.65163,50.09762]]},"properties":{}},{"type":"Feature","geometry":{"type":"LineString","coordinates":[[8.6436,50.10516],[8.64332,50.10591]]},"properties":{}},{"type":"Feature","geometry":{"type":"LineString","coordinates":[[8.64334,50.1064],[8.64339,50.10724]]},"properties":{}},{"type":"Feature","geometry":{"type":"LineString","coordinates":[[8.64334,49.89857],[8.64345,49.89793]]},"properties":{}},{"type":"Feature","geometry":{"type":"LineString","coordinates":[[8.65071,50.09838],[8.64429,50.10417],[8.6436,50.10516],[8.64335,50.10628]]},"properties":{}},{"type":"Feature","geometry":{"type":"LineString","coordinates":[[8.64337,49.89879],[8.64362,49.9006]]},"properties":{}},{"type":"Feature","geometry":{"type":"LineString","coordinates":[[8.64337,49.89879],[8.64339,49.89859]]},"properties":{}},{"type":"Feature","geometry":{"type":"LineString","coordinates":[[8.64345,50.10824],[8.64339,50.10736]]},"properties":{}},{"type":"Feature","geometry":{"type":"LineString","coordinates":[[8.64339,49.89859],[8.6439,49.89771]]},"properties":{}},{"type":"Feature","geometry":{"type":"LineString","coordinates":[[8.64339,49.89859],[8.64416,49.89776],[8.64612,49.89735]]},"properties":{}},{"type":"Feature","geometry":{"type":"LineString","coordinates":[[8.65625,50.10424],[8.65052,50.10211],[8.64904,50.10192],[8.64758,50.10207],[8.64584,50.10283],[8.64419,50.10448],[8.64349,50.10584],[8.64339,50.10724]]},"properties":{}},{"type":"Feature","geometry":{"type":"LineString","coordinates":[[8.64341,49.89811],[8.64376,49.8974]]},"properties":{}},{"type":"Feature","geometry":{"type":"LineString","coordinates":[[8.64341,49.89904],[8.64357,49.89838],[8.64408,49.8979]]},"properties":{}},{"type":"Feature","geometry":{"type":"LineString","coordinates":[[8.64345,49.89793],[8.64342,49.89665]]},"properties":{}},{"type":"Feature","geometry":{"type":"LineString","coordinates":[[8.64345,49.89793],[8.64367,49.89733],[8.64353,49.89664]]},"properties":{}},{"type":"Feature","geometry":{"type":"LineString","coordinates":[[8.64351,50.10824],[8.64346,50.10771]]},"properties":{}},{"type":"Feature","geometry":{"type":"LineString","coordinates":[[8.64346,49.89941],[8.64369,49.89874],[8.64452,49.89821],[8.64946,49.89764]]},"properties":{}},{"type":"Feature","geometry":{"type":"LineString","coordinates":[[8.64346,50.10739],[8.64355,50.10663]]},"properties":{}},{"type":"Feature","geometry":{"type":"LineString","coordinates":[[8.64348,49.89916],[8.64351,49.89893]]},"properties":{}},{"type":"Feature","geometry":{"type":"LineString","coordinates":[[8.64351,49.89893],[8.6441,49.89798]]},"properties":{}},{"type":"Feature","geometry":{"type":"LineString","coordinates":[[8.64413,49.89805],[8.64351,49.89893]]},"properties":{}},{"type":"Feature","geometry":{"type":"LineString","coordinates":[[8.64641,50.10083],[8.64352,50.09967]]},"properties":{}},{"type":"Feature","geometry":{"type":"LineString","coordinates":[[8.64474,50.10097],[8.64362,50.10058]]},"properties":{}},{"type":"Feature","geometry":{"type":"LineString","coordinates":[[8.64362,50.10058],[8.64629,50.10177]]},"properties":{}},{"type":"Feature","geometry":{"type":"LineString","coordinates":[[8.64376,49.8974],[8.64363,49.89663]]},"properties":{}},{"type":"Feature","geometry":{"type":"LineString","coordinates":[[8.64364,49.89771],[8.64395,49.89689],[8.64382,49.89478],[8.64454,49.89397]]},"properties":{}},{"type":"Feature","geometry":{"type":"LineString","coordinates":[[8.64374,49.90149],[8.64396,49.90072],[8.645,49.89991],[8.64767,49.89945]]},"properties":{}},{"type":"Feature","geometry":{"type":"LineString","coordinates":[[8.64503,50.10056],[8.64375,50.10014]]},"properties":{}},{"type":"Feature","geometry":{"type":"LineString","coordinates":[[8.64671,50.10131],[8.64375,50.10014]]},"properties":{}},{"type":"Feature","geometry":{"type":"LineString","coordinates":[[8.64376,49.8974],[8.64377,49.89661]]},"properties":{}},{"type":"Feature","geometry":{"type":"LineString","coordinates":[[8.64388,49.89729],[8.64379,49.895]]},"properties":{}},{"type":"Feature","geometry":{"type":"LineString","coordinates":[[8.64382,49.89714],[8.64385,49.8966]]},"properties":{}},{"type":"Feature","geometry":{"type":"LineString","coordinates":[[8.64383,49.89743],[8.64484,49.89653],[8.64846,49.89614]]},"properties":{}},{"type":"Feature","geometry":{"type":"LineString","coordinates":[[8.64455,50.09975],[8.64385,50.09946]]},"properties":{}},{"type":"Feature","geometry":{"type":"LineString","coordinates":[[8.64434,50.10404],[8.6439,50.10465]]},"properties":{}},{"type":"Feature","geometry":{"type":"LineString","coordinates":[[8.64395,50.27253],[8.64756,50.26904]]},"properties":{}},{"type":"Feature","geometry":{"type":"LineString","coordinates":[[8.64395,50.27253],[8.64454,50.2719]]},"properties":{}},{"type":"Feature","geometry":{"type":"LineString","coordinates":[[8.64397,49.89721],[8.64414,49.89657]]},"properties":{}},{"type":"Feature","geometry":{"type":"LineString","coordinates":[[8.64399,49.89696],[8.64404,49.89541],[8.64462,49.89485],[8.64548,49.89457]]},"properties":{}},{"type":"Feature","geometry":{"type":"LineString","coordinates":[[8.64451,50.09908],[8.64403,50.09889]]},"properties":{}},{"type":"Feature","geometry":{"type":"LineString","coordinates":[[8.64403,49.89639],[8.64439,49.89575],[8.64538,49.89537]]},"properties":{}},{"type":"Feature","geometry":{"type":"LineString","coordinates":[[8.64449,50.25557],[8.64423,50.25493]]},"properties":{}},{"type":"Feature","geometry":{"type":"LineString","coordinates":[[8.64451,50.25258],[8.64418,50.25413],[8.64423,50.25493]]},"properties":{}},{"type":"Feature","geometry":{"type":"LineString","coordinates":[[8.64423,50.25493],[8.64518,50.25023]]},"properties":{}},{"type":"Feature","geometry":{"type":"LineString","coordinates":[[8.64428,50.10074],[8.64485,50.10097]]},"properties":{}},{"type":"Feature","geometry":{"type":"LineString","coordinates":[[8.64474,50.10097],[8.64428,50.10074]]},"properties":{}},{"type":"Feature","geometry":{"type":"LineString","coordinates":[[8.64432,49.90656],[8.64454,49.90788]]},"properties":{}},{"type":"Feature","geometry":{"type":"LineString","coordinates":[[8.64579,49.91694],[8.64432,49.90656]]},"properties":{}},{"type":"Feature","geometry":{"type":"LineString","coordinates":[[8.64448,50.1039],[8.64505,50.10261],[8.64484,50.10185],[8.64432,50.10122]]},"properties":{}},{"type":"Feature","geometry":{"type":"LineString","coordinates":[[8.64436,49.90576],[8.64438,49.90587]]},"properties":{}},{"type":"Feature","geometry":{"type":"LineString","coordinates":[[8.65074,49.89217],[8.64818,49.89244],[8.64531,49.89324],[8.64254,49.89451],[8.64126,49.89588],[8.64119,49.89721],[8.64374,49.90223],[8.64436,49.90576]]},"properties":{}},{"type":"Feature","geometry":{"type":"LineString","coordinates":[[8.64438,49.90587],[8.64472,49.90818]]},"properties":{}},{"type":"Feature","geometry":{"type":"LineString","coordinates":[[8.64438,49.90587],[8.64446,49.90676]]},"properties":{}},{"type":"Feature","geometry":{"type":"LineString","coordinates":[[8.64446,49.90676],[8.64447,49.90689]]},"properties":{}},{"type":"Feature","geometry":{"type":"LineString","coordinates":[[8.64448,50.25501],[8.64446,50.25405]]},"properties":{}},{"type":"Feature","geometry":{"type":"LineString","coordinates":[[8.64449,50.25557],[8.64446,50.25405]]},"properties":{}},{"type":"Feature","geometry":{"type":"LineString","coordinates":[[8.64446,50.25405],[8.64447,50.254]]},"properties":{}},{"type":"Feature","geometry":{"type":"LineString","coordinates":[[8.64447,50.254],[8.64518,50.25023]]},"properties":{}},{"type":"Feature","geometry":{"type":"LineString","coordinates":[[8.64447,50.254],[8.64475,50.25323]]},"properties":{}},{"type":"Feature","geometry":{"type":"LineString","coordinates":[[8.64447,49.90689],[8.64454,49.90734]]},"properties":{}},{"type":"Feature","geometry":{"type":"LineString","coordinates":[[8.64447,49.90689],[8.64454,49.90788]]},"properties":{}},{"type":"Feature","geometry":{"type":"LineString","coordinates":[[8.64448,50.25501],[8.64511,50.25617],[8.6464,50.257],[8.6536,50.25991],[8.65755,50.26066],[8.66009,50.26052],[8.67821,50.25759],[8.68158,50.25768],[8.68369,50.25847],[8.69361,50.26507],[8.69489,50.2663],[8.69982,50.2744],[8.7016,50.28076],[8.7015,50.28174],[8.70034,50.28447],[8.7006,50.28626],[8.70155,50.28751],[8.70456,50.28979],[8.70543,50.29104],[8.70559,50.2924],[8.70531,50.2933],[8.70284,50.29634]]},"properties":{}},{"type":"Feature","geometry":{"type":"LineString","coordinates":[[8.64448,50.25501],[8.64475,50.25323]]},"properties":{}},{"type":"Feature","geometry":{"type":"LineString","coordinates":[[8.64756,50.26904],[8.6484,50.26778],[8.64843,50.26654],[8.64779,50.26535],[8.64616,50.26377],[8.64569,50.26241],[8.64674,50.25916],[8.6468,50.25828],[8.64633,50.25734],[8.64449,50.25557]]},"properties":{}},{"type":"Feature","geometry":{"type":"LineString","coordinates":[[8.6451,50.09932],[8.64451,50.09908]]},"properties":{}},{"type":"Feature","geometry":{"type":"LineString","coordinates":[[8.64572,50.09971],[8.64451,50.09908]]},"properties":{}},{"type":"Feature","geometry":{"type":"LineString","coordinates":[[8.64454,49.90788],[8.64566,49.91567]]},"properties":{}},{"type":"Feature","geometry":{"type":"LineString","coordinates":[[8.64454,49.90734],[8.64472,49.90818]]},"properties":{}},{"type":"Feature","geometry":{"type":"LineString","coordinates":[[8.64454,49.90734],[8.64589,49.91668]]},"properties":{}},{"type":"Feature","geometry":{"type":"LineString","coordinates":[[8.64454,50.2719],[8.64756,50.26904]]},"properties":{}},{"type":"Feature","geometry":{"type":"LineString","coordinates":[[8.64586,50.27083],[8.64454,50.2719]]},"properties":{}},{"type":"Feature","geometry":{"type":"LineString","coordinates":[[8.64454,49.89397],[8.64645,49.89304],[8.64903,49.89247]]},"properties":{}},{"type":"Feature","geometry":{"type":"LineString","coordinates":[[8.64887,49.89256],[8.64454,49.89397]]},"properties":{}},{"type":"Feature","geometry":{"type":"LineString","coordinates":[[8.64642,50.10031],[8.64455,50.09975]]},"properties":{}},{"type":"Feature","geometry":{"type":"LineString","coordinates":[[8.64472,49.90818],[8.65038,49.94691]]},"properties":{}},{"type":"Feature","geometry":{"type":"LineString","coordinates":[[8.65093,50.10311],[8.64809,50.10252],[8.64474,50.10097]]},"properties":{}},{"type":"Feature","geometry":{"type":"LineString","coordinates":[[8.64684,50.102],[8.64474,50.10097]]},"properties":{}},{"type":"Feature","geometry":{"type":"LineString","coordinates":[[8.64475,50.25323],[8.64515,50.25151],[8.64526,50.24929]]},"properties":{}},{"type":"Feature","geometry":{"type":"LineString","coordinates":[[8.64477,49.89384],[8.6466,49.89308],[8.6488,49.89253]]},"properties":{}},{"type":"Feature","geometry":{"type":"LineString","coordinates":[[8.64825,50.10037],[8.64478,50.09909]]},"properties":{}},{"type":"Feature","geometry":{"type":"LineString","coordinates":[[8.64695,50.09995],[8.64478,50.09909]]},"properties":{}},{"type":"Feature","geometry":{"type":"LineString","coordinates":[[8.64572,50.09971],[8.64485,50.09937]]},"properties":{}},{"type":"Feature","geometry":{"type":"LineString","coordinates":[[8.6449,50.1038],[8.64571,50.10293]]},"properties":{}},{"type":"Feature","geometry":{"type":"LineString","coordinates":[[8.6449,50.1038],[8.64589,50.10286],[8.64697,50.1023],[8.64814,50.10201],[8.64964,50.102],[8.65157,50.10249],[8.6583,50.10533]]},"properties":{}},{"type":"Feature","geometry":{"type":"LineString","coordinates":[[8.64497,50.24845],[8.64526,50.24926]]},"properties":{}},{"type":"Feature","geometry":{"type":"LineString","coordinates":[[8.64903,49.89247],[8.64666,49.89301],[8.64498,49.8937]]},"properties":{}},{"type":"Feature","geometry":{"type":"LineString","coordinates":[[8.64713,49.89342],[8.64502,49.89376]]},"properties":{}},{"type":"Feature","geometry":{"type":"LineString","coordinates":[[8.6451,50.10058],[8.64503,50.10056]]},"properties":{}},{"type":"Feature","geometry":{"type":"LineString","coordinates":[[8.64636,50.10103],[8.6451,50.10058]]},"properties":{}},{"type":"Feature","geometry":{"type":"LineString","coordinates":[[8.64909,50.10216],[8.6451,50.10058]]},"properties":{}},{"type":"Feature","geometry":{"type":"LineString","coordinates":[[8.64737,50.10002],[8.6451,50.09932]]},"properties":{}},{"type":"Feature","geometry":{"type":"LineString","coordinates":[[8.64587,50.09964],[8.6451,50.09932]]},"properties":{}},{"type":"Feature","geometry":{"type":"LineString","coordinates":[[8.64511,49.8981],[8.64653,49.89799]]},"properties":{}},{"type":"Feature","geometry":{"type":"LineString","coordinates":[[8.64518,50.25023],[8.64519,50.25012]]},"properties":{}},{"type":"Feature","geometry":{"type":"LineString","coordinates":[[8.64526,50.24929],[8.64519,50.25012]]},"properties":{}},{"type":"Feature","geometry":{"type":"LineString","coordinates":[[8.64616,50.10016],[8.64524,50.09981]]},"properties":{}},{"type":"Feature","geometry":{"type":"LineString","coordinates":[[8.64565,50.09992],[8.64527,50.09977]]},"properties":{}},{"type":"Feature","geometry":{"type":"LineString","coordinates":[[8.64737,49.89302],[8.64527,49.89367]]},"properties":{}},{"type":"Feature","geometry":{"type":"LineString","coordinates":[[8.64642,50.10031],[8.64528,50.09987]]},"properties":{}},{"type":"Feature","geometry":{"type":"LineString","coordinates":[[8.64604,50.10001],[8.64531,50.09973]]},"properties":{}},{"type":"Feature","geometry":{"type":"LineString","coordinates":[[8.64622,50.10003],[8.64534,50.0997]]},"properties":{}},{"type":"Feature","geometry":{"type":"LineString","coordinates":[[8.64622,50.10003],[8.64538,50.09965]]},"properties":{}},{"type":"Feature","geometry":{"type":"LineString","coordinates":[[8.64556,49.89362],[8.64714,49.89346]]},"properties":{}},{"type":"Feature","geometry":{"type":"LineString","coordinates":[[8.64561,49.89804],[8.64694,49.89787]]},"properties":{}},{"type":"Feature","geometry":{"type":"LineString","coordinates":[[8.6474,50.10061],[8.64565,50.09992]]},"properties":{}},{"type":"Feature","geometry":{"type":"LineString","coordinates":[[8.64616,50.10016],[8.64565,50.09992]]},"properties":{}},{"type":"Feature","geometry":{"type":"LineString","coordinates":[[8.64566,49.91567],[8.64589,49.91668]]},"properties":{}},{"type":"Feature","geometry":{"type":"LineString","coordinates":[[8.64566,49.91567],[8.64579,49.91694]]},"properties":{}},{"type":"Feature","geometry":{"type":"LineString","coordinates":[[8.64567,49.89351],[8.64758,49.89287]]},"properties":{}},{"type":"Feature","geometry":{"type":"LineString","coordinates":[[8.64691,50.10031],[8.64572,50.09971]]},"properties":{}},{"type":"Feature","geometry":{"type":"LineString","coordinates":[[8.65661,49.99115],[8.64579,49.91694]]},"properties":{}},{"type":"Feature","geometry":{"type":"LineString","coordinates":[[8.64697,50.10219],[8.64584,50.10283]]},"properties":{}},{"type":"Feature","geometry":{"type":"LineString","coordinates":[[8.6475,50.10044],[8.64587,50.09964]]},"properties":{}},{"type":"Feature","geometry":{"type":"LineString","coordinates":[[8.64793,50.10072],[8.64587,50.09964]]},"properties":{}},{"type":"Feature","geometry":{"type":"LineString","coordinates":[[8.64589,49.91668],[8.66182,50.02657]]},"properties":{}},{"type":"Feature","geometry":{"type":"LineString","coordinates":[[8.64602,49.91667],[8.64593,49.91637]]},"properties":{}},{"type":"Feature","geometry":{"type":"LineString","coordinates":[[8.64655,50.10017],[8.64604,50.10001]]},"properties":{}},{"type":"Feature","geometry":{"type":"LineString","coordinates":[[8.64735,50.10053],[8.64604,50.10001]]},"properties":{}},{"type":"Feature","geometry":{"type":"LineString","coordinates":[[8.64695,50.10047],[8.64616,50.10016]]},"properties":{}},{"type":"Feature","geometry":{"type":"LineString","coordinates":[[8.64735,50.10053],[8.64622,50.10003]]},"properties":{}},{"type":"Feature","geometry":{"type":"LineString","coordinates":[[8.64629,50.10177],[8.64684,50.102]]},"properties":{}},{"type":"Feature","geometry":{"type":"LineString","coordinates":[[8.64629,50.10177],[8.64708,50.10216]]},"properties":{}},{"type":"Feature","geometry":{"type":"LineString","coordinates":[[8.64645,50.10106],[8.64636,50.10103]]},"properties":{}},{"type":"Feature","geometry":{"type":"LineString","coordinates":[[8.64727,50.10112],[8.64641,50.10083]]},"properties":{}},{"type":"Feature","geometry":{"type":"LineString","coordinates":[[8.64641,50.10083],[8.65066,50.1025]]},"properties":{}},{"type":"Feature","geometry":{"type":"LineString","coordinates":[[8.6474,50.10061],[8.64642,50.10031]]},"properties":{}},{"type":"Feature","geometry":{"type":"LineString","coordinates":[[8.64645,50.10106],[8.64783,50.10156]]},"properties":{}},{"type":"Feature","geometry":{"type":"LineString","coordinates":[[8.64763,50.10153],[8.64645,50.10106]]},"properties":{}},{"type":"Feature","geometry":{"type":"LineString","coordinates":[[8.64899,50.10115],[8.64668,50.09985]]},"properties":{}},{"type":"Feature","geometry":{"type":"LineString","coordinates":[[8.64726,50.1022],[8.64684,50.102]]},"properties":{}},{"type":"Feature","geometry":{"type":"LineString","coordinates":[[8.64692,49.89791],[8.64744,49.89782]]},"properties":{}},{"type":"Feature","geometry":{"type":"LineString","coordinates":[[8.64802,50.10037],[8.64695,50.09995]]},"properties":{}},{"type":"Feature","geometry":{"type":"LineString","coordinates":[[8.64798,50.10041],[8.64695,50.09995]]},"properties":{}},{"type":"Feature","geometry":{"type":"LineString","coordinates":[[8.64708,50.10216],[8.64788,50.10255]]},"properties":{}},{"type":"Feature","geometry":{"type":"LineString","coordinates":[[8.64776,50.10259],[8.64708,50.10216]]},"properties":{}},{"type":"Feature","geometry":{"type":"LineString","coordinates":[[8.64778,50.10245],[8.64726,50.1022]]},"properties":{}},{"type":"Feature","geometry":{"type":"LineString","coordinates":[[8.64726,50.1022],[8.64788,50.10255]]},"properties":{}},{"type":"Feature","geometry":{"type":"LineString","coordinates":[[8.64836,50.10092],[8.64735,50.10053]]},"properties":{}},{"type":"Feature","geometry":{"type":"LineString","coordinates":[[8.64825,50.10037],[8.64737,50.10002]]},"properties":{}},{"type":"Feature","geometry":{"type":"LineString","coordinates":[[8.64819,50.1009],[8.6474,50.10061]]},"properties":{}},{"type":"Feature","geometry":{"type":"LineString","coordinates":[[8.64836,50.10092],[8.6475,50.10044]]},"properties":{}},{"type":"Feature","geometry":{"type":"LineString","coordinates":[[8.6505,50.10198],[8.64757,50.10124]]},"properties":{}},{"type":"Feature","geometry":{"type":"LineString","coordinates":[[8.65183,50.10289],[8.64757,50.10124]]},"properties":{}},{"type":"Feature","geometry":{"type":"LineString","coordinates":[[8.64919,50.10215],[8.64763,50.10153]]},"properties":{}},{"type":"Feature","geometry":{"type":"LineString","coordinates":[[8.64897,50.10211],[8.64763,50.10153]]},"properties":{}},{"type":"Feature","geometry":{"type":"LineString","coordinates":[[8.64819,50.1009],[8.64764,50.10064]]},"properties":{}},{"type":"Feature","geometry":{"type":"LineString","coordinates":[[8.64827,50.10265],[8.64778,50.10245]]},"properties":{}},{"type":"Feature","geometry":{"type":"LineString","coordinates":[[8.64778,50.10245],[8.64844,50.10276]]},"properties":{}},{"type":"Feature","geometry":{"type":"LineString","coordinates":[[8.64877,50.10148],[8.6478,50.10115]]},"properties":{}},{"type":"Feature","geometry":{"type":"LineString","coordinates":[[8.64783,50.10156],[8.64935,50.10216]]},"properties":{}},{"type":"Feature","geometry":{"type":"LineString","coordinates":[[8.64877,50.10148],[8.64784,50.10112]]},"properties":{}},{"type":"Feature","geometry":{"type":"LineString","coordinates":[[8.64919,50.10215],[8.64785,50.10157]]},"properties":{}},{"type":"Feature","geometry":{"type":"LineString","coordinates":[[8.64817,50.10269],[8.64788,50.10255]]},"properties":{}},{"type":"Feature","geometry":{"type":"LineString","coordinates":[[8.64929,50.10163],[8.64794,50.10111]]},"properties":{}},{"type":"Feature","geometry":{"type":"LineString","coordinates":[[8.64985,50.10177],[8.64798,50.10108]]},"properties":{}},{"type":"Feature","geometry":{"type":"LineString","coordinates":[[8.64985,50.10177],[8.64801,50.10104]]},"properties":{}},{"type":"Feature","geometry":{"type":"LineString","coordinates":[[8.65065,50.10203],[8.64804,50.10101]]},"properties":{}},{"type":"Feature","geometry":{"type":"LineString","coordinates":[[8.6513,50.10222],[8.64808,50.10097]]},"properties":{}},{"type":"Feature","geometry":{"type":"LineString","coordinates":[[8.64817,50.10269],[8.64991,50.10333]]},"properties":{}},{"type":"Feature","geometry":{"type":"LineString","coordinates":[[8.64856,50.10289],[8.64817,50.10269]]},"properties":{}},{"type":"Feature","geometry":{"type":"LineString","coordinates":[[8.65199,50.10241],[8.64819,50.1009]]},"properties":{}},{"type":"Feature","geometry":{"type":"LineString","coordinates":[[8.64881,50.10121],[8.64819,50.1009]]},"properties":{}},{"type":"Feature","geometry":{"type":"LineString","coordinates":[[8.64949,50.10086],[8.64825,50.10037]]},"properties":{}},{"type":"Feature","geometry":{"type":"LineString","coordinates":[[8.64827,50.10265],[8.64866,50.10276]]},"properties":{}},{"type":"Feature","geometry":{"type":"LineString","coordinates":[[8.64999,50.10313],[8.64827,50.10265]]},"properties":{}},{"type":"Feature","geometry":{"type":"LineString","coordinates":[[8.65023,50.10152],[8.64829,50.1007]]},"properties":{}},{"type":"Feature","geometry":{"type":"LineString","coordinates":[[8.64928,50.10133],[8.64836,50.10092]]},"properties":{}},{"type":"Feature","geometry":{"type":"LineString","coordinates":[[8.65037,50.10159],[8.64836,50.10068]]},"properties":{}},{"type":"Feature","geometry":{"type":"LineString","coordinates":[[8.65107,50.10193],[8.64839,50.10064]]},"properties":{}},{"type":"Feature","geometry":{"type":"LineString","coordinates":[[8.64998,50.10321],[8.64844,50.10276]]},"properties":{}},{"type":"Feature","geometry":{"type":"LineString","coordinates":[[8.64995,50.10327],[8.64844,50.10276]]},"properties":{}},{"type":"Feature","geometry":{"type":"LineString","coordinates":[[8.65091,50.10181],[8.64844,50.10061]]},"properties":{}},{"type":"Feature","geometry":{"type":"LineString","coordinates":[[8.65091,50.10181],[8.64848,50.10057]]},"properties":{}},{"type":"Feature","geometry":{"type":"LineString","coordinates":[[8.64856,50.10289],[8.65002,50.10346]]},"properties":{}},{"type":"Feature","geometry":{"type":"LineString","coordinates":[[8.64886,50.10305],[8.64856,50.10289]]},"properties":{}},{"type":"Feature","geometry":{"type":"LineString","coordinates":[[8.65016,50.10173],[8.64858,50.10106]]},"properties":{}},{"type":"Feature","geometry":{"type":"LineString","coordinates":[[8.65023,50.10152],[8.64862,50.10088]]},"properties":{}},{"type":"Feature","geometry":{"type":"LineString","coordinates":[[8.64866,50.10276],[8.65109,50.10332]]},"properties":{}},{"type":"Feature","geometry":{"type":"LineString","coordinates":[[8.64866,50.10276],[8.64998,50.10305]]},"properties":{}},{"type":"Feature","geometry":{"type":"LineString","coordinates":[[8.65017,50.10188],[8.64877,50.10148]]},"properties":{}},{"type":"Feature","geometry":{"type":"LineString","coordinates":[[8.64945,49.89761],[8.64878,49.89773]]},"properties":{}},{"type":"Feature","geometry":{"type":"LineString","coordinates":[[8.65086,50.10183],[8.64885,50.10101]]},"properties":{}},{"type":"Feature","geometry":{"type":"LineString","coordinates":[[8.6498,50.10348],[8.64886,50.10305]]},"properties":{}},{"type":"Feature","geometry":{"type":"LineString","coordinates":[[8.64946,50.10341],[8.64886,50.10305]]},"properties":{}},{"type":"Feature","geometry":{"type":"LineString","coordinates":[[8.65275,50.10266],[8.64899,50.10115]]},"properties":{}},{"type":"Feature","geometry":{"type":"LineString","coordinates":[[8.65016,50.10173],[8.64899,50.10115]]},"properties":{}},{"type":"Feature","geometry":{"type":"LineString","coordinates":[[8.65074,49.89217],[8.64903,49.89247]]},"properties":{}},{"type":"Feature","geometry":{"type":"LineString","coordinates":[[8.64908,49.89173],[8.65508,49.89211],[8.65989,49.89294],[8.66346,49.89328]]},"properties":{}},{"type":"Feature","geometry":{"type":"LineString","coordinates":[[8.64908,49.89173],[8.65039,49.89182]]},"properties":{}},{"type":"Feature","geometry":{"type":"LineString","coordinates":[[8.65058,50.10274],[8.64909,50.10216]]},"properties":{}},{"type":"Feature","geometry":{"type":"LineString","coordinates":[[8.65219,50.10341],[8.64909,50.10216]]},"properties":{}},{"type":"Feature","geometry":{"type":"LineString","coordinates":[[8.65039,49.89182],[8.64909,49.89177]]},"properties":{}},{"type":"Feature","geometry":{"type":"LineString","coordinates":[[8.65367,49.89219],[8.64909,49.89177]]},"properties":{}},{"type":"Feature","geometry":{"type":"LineString","coordinates":[[8.65093,50.10311],[8.64917,50.10245]]},"properties":{}},{"type":"Feature","geometry":{"type":"LineString","coordinates":[[8.64919,50.10203],[8.65033,50.10243]]},"properties":{}},{"type":"Feature","geometry":{"type":"LineString","coordinates":[[8.65107,50.10276],[8.64919,50.10203]]},"properties":{}},{"type":"Feature","geometry":{"type":"LineString","coordinates":[[8.64933,50.10221],[8.64919,50.10215]]},"properties":{}},{"type":"Feature","geometry":{"type":"LineString","coordinates":[[8.65185,50.10117],[8.6492,50.10024]]},"properties":{}},{"type":"Feature","geometry":{"type":"LineString","coordinates":[[8.65802,50.10555],[8.64933,50.10221]]},"properties":{}},{"type":"Feature","geometry":{"type":"LineString","coordinates":[[8.65058,50.10274],[8.64933,50.10221]]},"properties":{}},{"type":"Feature","geometry":{"type":"LineString","coordinates":[[8.65107,50.10276],[8.64935,50.10216]]},"properties":{}},{"type":"Feature","geometry":{"type":"LineString","coordinates":[[8.64935,50.10216],[8.65812,50.10545]]},"properties":{}},{"type":"Feature","geometry":{"type":"LineString","coordinates":[[8.64943,49.94118],[8.64949,49.94204]]},"properties":{}},{"type":"Feature","geometry":{"type":"LineString","coordinates":[[8.64946,50.10341],[8.65059,50.10385]]},"properties":{}},{"type":"Feature","geometry":{"type":"LineString","coordinates":[[8.65193,50.1045],[8.64946,50.10341]]},"properties":{}},{"type":"Feature","geometry":{"type":"LineString","coordinates":[[8.65032,50.10113],[8.64949,50.10086]]},"properties":{}},{"type":"Feature","geometry":{"type":"LineString","coordinates":[[8.65624,50.10338],[8.64949,50.10086]]},"properties":{}},{"type":"Feature","geometry":{"type":"LineString","coordinates":[[8.65129,50.10323],[8.64951,50.10254]]},"properties":{}},{"type":"Feature","geometry":{"type":"LineString","coordinates":[[8.65067,49.95016],[8.64952,49.94223]]},"properties":{}},{"type":"Feature","geometry":{"type":"LineString","coordinates":[[8.64976,49.89232],[8.65096,49.8922]]},"properties":{}},{"type":"Feature","geometry":{"type":"LineString","coordinates":[[8.65068,50.10376],[8.6498,50.10348]]},"properties":{}},{"type":"Feature","geometry":{"type":"LineString","coordinates":[[8.6498,50.10348],[8.65059,50.10385]]},"properties":{}},{"type":"Feature","geometry":{"type":"LineString","coordinates":[[8.65017,50.10188],[8.64985,50.10177]]},"properties":{}},{"type":"Feature","geometry":{"type":"LineString","coordinates":[[8.64991,50.10333],[8.65081,50.1036]]},"properties":{}},{"type":"Feature","geometry":{"type":"LineString","coordinates":[[8.65073,50.1037],[8.64991,50.10333]]},"properties":{}},{"type":"Feature","geometry":{"type":"LineString","coordinates":[[8.64993,50.099],[8.65071,50.09838]]},"properties":{}},{"type":"Feature","geometry":{"type":"LineString","coordinates":[[8.64995,50.10327],[8.65082,50.10352]]},"properties":{}},{"type":"Feature","geometry":{"type":"LineString","coordinates":[[8.65081,50.1036],[8.64995,50.10327]]},"properties":{}},{"type":"Feature","geometry":{"type":"LineString","coordinates":[[8.64998,50.10305],[8.65109,50.10332]]},"properties":{}},{"type":"Feature","geometry":{"type":"LineString","coordinates":[[8.64998,50.10305],[8.65101,50.1034]]},"properties":{}},{"type":"Feature","geometry":{"type":"LineString","coordinates":[[8.64998,50.10321],[8.65094,50.10346]]},"properties":{}},{"type":"Feature","geometry":{"type":"LineString","coordinates":[[8.65082,50.10352],[8.64998,50.10321]]},"properties":{}},{"type":"Feature","geometry":{"type":"LineString","coordinates":[[8.64999,50.10313],[8.65101,50.1034]]},"properties":{}},{"type":"Feature","geometry":{"type":"LineString","coordinates":[[8.64999,50.10313],[8.65094,50.10346]]},"properties":{}},{"type":"Feature","geometry":{"type":"LineString","coordinates":[[8.65002,50.10346],[8.65073,50.1037]]},"properties":{}},{"type":"Feature","geometry":{"type":"LineString","coordinates":[[8.65068,50.10376],[8.65002,50.10346]]},"properties":{}},{"type":"Feature","geometry":{"type":"LineString","coordinates":[[8.65272,50.10317],[8.65007,50.10216]]},"properties":{}},{"type":"Feature","geometry":{"type":"LineString","coordinates":[[8.65655,50.10445],[8.65008,50.10213]]},"properties":{}},{"type":"Feature","geometry":{"type":"LineString","coordinates":[[8.65305,50.10288],[8.65016,50.10173]]},"properties":{}},{"type":"Feature","geometry":{"type":"LineString","coordinates":[[8.6505,50.10198],[8.65017,50.10188]]},"properties":{}},{"type":"Feature","geometry":{"type":"LineString","coordinates":[[8.65107,50.10193],[8.65023,50.10152]]},"properties":{}},{"type":"Feature","geometry":{"type":"LineString","coordinates":[[8.65298,50.10209],[8.65032,50.10113]]},"properties":{}},{"type":"Feature","geometry":{"type":"LineString","coordinates":[[8.65038,49.94691],[8.65413,49.97286]]},"properties":{}},{"type":"Feature","geometry":{"type":"LineString","coordinates":[[8.65413,49.97286],[8.65038,49.94691]]},"properties":{}},{"type":"Feature","geometry":{"type":"LineString","coordinates":[[8.65039,49.89182],[8.65054,49.89183]]},"properties":{}},{"type":"Feature","geometry":{"type":"LineString","coordinates":[[8.65275,50.10266],[8.6505,50.10198]]},"properties":{}},{"type":"Feature","geometry":{"type":"LineString","coordinates":[[8.65515,50.10255],[8.6505,50.10069]]},"properties":{}},{"type":"Feature","geometry":{"type":"LineString","coordinates":[[8.65972,49.89296],[8.65433,49.89211],[8.65054,49.89183]]},"properties":{}},{"type":"Feature","geometry":{"type":"LineString","coordinates":[[8.65054,49.89183],[8.65659,49.8925],[8.65998,49.89316],[8.66132,49.8937],[8.67871,49.9063]]},"properties":{}},{"type":"Feature","geometry":{"type":"LineString","coordinates":[[8.65269,50.10165],[8.65056,50.10076]]},"properties":{}},{"type":"Feature","geometry":{"type":"LineString","coordinates":[[8.6527,49.89214],[8.65056,49.89197]]},"properties":{}},{"type":"Feature","geometry":{"type":"LineString","coordinates":[[8.65056,49.89197],[8.65214,49.89213]]},"properties":{}},{"type":"Feature","geometry":{"type":"LineString","coordinates":[[8.65312,50.10372],[8.65058,50.10274]]},"properties":{}},{"type":"Feature","geometry":{"type":"LineString","coordinates":[[8.65059,50.10385],[8.65292,50.10477]]},"properties":{}},{"type":"Feature","geometry":{"type":"LineString","coordinates":[[8.65341,50.1034],[8.65059,50.10229]]},"properties":{}},{"type":"Feature","geometry":{"type":"LineString","coordinates":[[8.65314,50.10188],[8.65062,50.10088]]},"properties":{}},{"type":"Feature","geometry":{"type":"LineString","coordinates":[[8.65636,50.10517],[8.65063,50.10293]]},"properties":{}},{"type":"Feature","geometry":{"type":"LineString","coordinates":[[8.65066,50.1025],[8.65173,50.10286]]},"properties":{}},{"type":"Feature","geometry":{"type":"LineString","coordinates":[[8.6552,50.10426],[8.65066,50.1025]]},"properties":{}},{"type":"Feature","geometry":{"type":"LineString","coordinates":[[8.65359,50.10211],[8.65067,50.10094]]},"properties":{}},{"type":"Feature","geometry":{"type":"LineString","coordinates":[[8.65269,50.10165],[8.65067,50.10085]]},"properties":{}},{"type":"Feature","geometry":{"type":"LineString","coordinates":[[8.65301,50.10467],[8.65068,50.10376]]},"properties":{}},{"type":"Feature","geometry":{"type":"LineString","coordinates":[[8.65071,49.95041],[8.65086,49.95105]]},"properties":{}},{"type":"Feature","geometry":{"type":"LineString","coordinates":[[8.65111,50.09808],[8.65071,50.09838]]},"properties":{}},{"type":"Feature","geometry":{"type":"LineString","coordinates":[[8.65403,50.10232],[8.65072,50.10101]]},"properties":{}},{"type":"Feature","geometry":{"type":"LineString","coordinates":[[8.65073,50.1037],[8.65307,50.10461]]},"properties":{}},{"type":"Feature","geometry":{"type":"LineString","coordinates":[[8.65108,49.89215],[8.65074,49.89217]]},"properties":{}},{"type":"Feature","geometry":{"type":"LineString","coordinates":[[8.65366,50.10222],[8.65076,50.10107]]},"properties":{}},{"type":"Feature","geometry":{"type":"LineString","coordinates":[[8.65304,50.10201],[8.65081,50.10114]]},"properties":{}},{"type":"Feature","geometry":{"type":"LineString","coordinates":[[8.65315,50.10452],[8.65081,50.1036]]},"properties":{}},{"type":"Feature","geometry":{"type":"LineString","coordinates":[[8.65233,50.10412],[8.65082,50.10352]]},"properties":{}},{"type":"Feature","geometry":{"type":"LineString","coordinates":[[8.65304,50.10201],[8.65089,50.10122]]},"properties":{}},{"type":"Feature","geometry":{"type":"LineString","coordinates":[[8.65123,50.10201],[8.65091,50.10181]]},"properties":{}},{"type":"Feature","geometry":{"type":"LineString","coordinates":[[8.65129,50.10323],[8.65093,50.10311]]},"properties":{}},{"type":"Feature","geometry":{"type":"LineString","coordinates":[[8.65094,50.10346],[8.65241,50.10404]]},"properties":{}},{"type":"Feature","geometry":{"type":"LineString","coordinates":[[8.65101,50.1034],[8.65247,50.10397]]},"properties":{}},{"type":"Feature","geometry":{"type":"LineString","coordinates":[[8.65159,50.10273],[8.65102,50.10246]]},"properties":{}},{"type":"Feature","geometry":{"type":"LineString","coordinates":[[8.65123,50.10201],[8.65107,50.10193]]},"properties":{}},{"type":"Feature","geometry":{"type":"LineString","coordinates":[[8.65505,50.10428],[8.65107,50.10276]]},"properties":{}},{"type":"Feature","geometry":{"type":"LineString","coordinates":[[8.65314,49.89222],[8.65108,49.89215]]},"properties":{}},{"type":"Feature","geometry":{"type":"LineString","coordinates":[[8.65187,49.89212],[8.65108,49.89215]]},"properties":{}},{"type":"Feature","geometry":{"type":"LineString","coordinates":[[8.65109,50.10332],[8.65255,50.10391]]},"properties":{}},{"type":"Feature","geometry":{"type":"LineString","coordinates":[[8.65543,50.10353],[8.6517,50.10212],[8.65053,50.10118],[8.65011,50.10039],[8.65007,50.09959],[8.65035,50.09891],[8.65111,50.09808]]},"properties":{}},{"type":"Feature","geometry":{"type":"LineString","coordinates":[[8.65111,50.09808],[8.65163,50.09762]]},"properties":{}},{"type":"Feature","geometry":{"type":"LineString","coordinates":[[8.65153,50.09778],[8.65111,50.09808]]},"properties":{}},{"type":"Feature","geometry":{"type":"LineString","coordinates":[[8.65341,50.1034],[8.65115,50.10247]]},"properties":{}},{"type":"Feature","geometry":{"type":"LineString","coordinates":[[8.65199,50.10241],[8.65123,50.10201]]},"properties":{}},{"type":"Feature","geometry":{"type":"LineString","coordinates":[[8.65273,50.10372],[8.65129,50.10323]]},"properties":{}},{"type":"Feature","geometry":{"type":"LineString","coordinates":[[8.65727,50.10384],[8.65148,50.10163]]},"properties":{}},{"type":"Feature","geometry":{"type":"LineString","coordinates":[[8.65196,50.1019],[8.65149,50.10174]]},"properties":{}},{"type":"Feature","geometry":{"type":"LineString","coordinates":[[8.65153,50.09778],[8.65023,50.09927],[8.65012,50.10011],[8.65041,50.10091],[8.65176,50.1021],[8.65522,50.1034]]},"properties":{}},{"type":"Feature","geometry":{"type":"LineString","coordinates":[[8.66969,50.0871],[8.66812,50.08931],[8.66595,50.09098],[8.66284,50.09228],[8.65824,50.09312],[8.65631,50.09378],[8.65518,50.09451],[8.65153,50.09778]]},"properties":{}},{"type":"Feature","geometry":{"type":"LineString","coordinates":[[8.65153,50.09778],[8.65202,50.09743]]},"properties":{}},{"type":"Feature","geometry":{"type":"LineString","coordinates":[[8.65163,50.09762],[8.65514,50.09449],[8.65626,50.09376],[8.65774,50.0932],[8.66351,50.09201],[8.66534,50.09126],[8.66746,50.08986],[8.66905,50.08814],[8.67001,50.08603],[8.67016,50.08453],[8.66982,50.08186]]},"properties":{}},{"type":"Feature","geometry":{"type":"LineString","coordinates":[[8.65163,50.09762],[8.65271,50.09681]]},"properties":{}},{"type":"Feature","geometry":{"type":"LineString","coordinates":[[8.65204,50.10353],[8.65171,50.1034]]},"properties":{}},{"type":"Feature","geometry":{"type":"LineString","coordinates":[[8.65272,50.10317],[8.65183,50.10289]]},"properties":{}},{"type":"Feature","geometry":{"type":"LineString","coordinates":[[8.65343,50.1035],[8.65183,50.10289]]},"properties":{}},{"type":"Feature","geometry":{"type":"LineString","coordinates":[[8.65465,50.10227],[8.65185,50.10117]]},"properties":{}},{"type":"Feature","geometry":{"type":"LineString","coordinates":[[8.65295,50.10171],[8.65185,50.10117]]},"properties":{}},{"type":"Feature","geometry":{"type":"LineString","coordinates":[[8.65187,49.89212],[8.65214,49.89213]]},"properties":{}},{"type":"Feature","geometry":{"type":"LineString","coordinates":[[8.65626,50.10349],[8.65196,50.1019]]},"properties":{}},{"type":"Feature","geometry":{"type":"LineString","coordinates":[[8.65326,50.10243],[8.65196,50.1019]]},"properties":{}},{"type":"Feature","geometry":{"type":"LineString","coordinates":[[8.65239,50.10257],[8.65199,50.10241]]},"properties":{}},{"type":"Feature","geometry":{"type":"LineString","coordinates":[[8.65644,50.10384],[8.65203,50.10217],[8.65055,50.101],[8.65019,50.1001],[8.6503,50.09927],[8.65202,50.09743]]},"properties":{}},{"type":"Feature","geometry":{"type":"LineString","coordinates":[[8.65202,50.09743],[8.65271,50.09681]]},"properties":{}},{"type":"Feature","geometry":{"type":"LineString","coordinates":[[8.65202,50.09743],[8.65254,50.09702]]},"properties":{}},{"type":"Feature","geometry":{"type":"LineString","coordinates":[[8.65584,50.10502],[8.65204,50.10353]]},"properties":{}},{"type":"Feature","geometry":{"type":"LineString","coordinates":[[8.6573,50.10546],[8.65204,50.10353]]},"properties":{}},{"type":"Feature","geometry":{"type":"LineString","coordinates":[[8.65214,49.89213],[8.6527,49.89214]]},"properties":{}},{"type":"Feature","geometry":{"type":"LineString","coordinates":[[8.65214,49.89213],[8.65314,49.89222]]},"properties":{}},{"type":"Feature","geometry":{"type":"LineString","coordinates":[[8.65312,50.10372],[8.65219,50.10341]]},"properties":{}},{"type":"Feature","geometry":{"type":"LineString","coordinates":[[8.65838,50.10584],[8.65219,50.10341]]},"properties":{}},{"type":"Feature","geometry":{"type":"LineString","coordinates":[[8.65237,50.10185],[8.65484,50.10273]]},"properties":{}},{"type":"Feature","geometry":{"type":"LineString","coordinates":[[8.65237,50.10185],[8.65298,50.10209]]},"properties":{}},{"type":"Feature","geometry":{"type":"LineString","coordinates":[[8.65271,50.1027],[8.65239,50.10257]]},"properties":{}},{"type":"Feature","geometry":{"type":"LineString","coordinates":[[8.65305,50.10288],[8.65239,50.10257]]},"properties":{}},{"type":"Feature","geometry":{"type":"LineString","coordinates":[[8.65671,50.10372],[8.65251,50.10213]]},"properties":{}},{"type":"Feature","geometry":{"type":"LineString","coordinates":[[8.65254,50.09702],[8.65041,50.09915],[8.65025,50.10002],[8.65057,50.10093],[8.65206,50.10214],[8.65695,50.10399]]},"properties":{}},{"type":"Feature","geometry":{"type":"LineString","coordinates":[[8.66765,50.09312],[8.66599,50.09279],[8.66298,50.09273],[8.6578,50.0933],[8.65571,50.09423],[8.65254,50.09702]]},"properties":{}},{"type":"Feature","geometry":{"type":"LineString","coordinates":[[8.65314,50.10188],[8.65269,50.10165]]},"properties":{}},{"type":"Feature","geometry":{"type":"LineString","coordinates":[[8.6527,49.89214],[8.65367,49.89219]]},"properties":{}},{"type":"Feature","geometry":{"type":"LineString","coordinates":[[8.6527,49.89214],[8.65698,49.89288],[8.66022,49.89431],[8.67323,49.90253],[8.68288,49.90942],[8.68821,49.91269]]},"properties":{}},{"type":"Feature","geometry":{"type":"LineString","coordinates":[[8.65271,50.09681],[8.6556,50.09426],[8.65779,50.09327],[8.66272,50.0927],[8.66715,50.09294]]},"properties":{}},{"type":"Feature","geometry":{"type":"LineString","coordinates":[[8.65679,50.10417],[8.65271,50.1027]]},"properties":{}},{"type":"Feature","geometry":{"type":"LineString","coordinates":[[8.65562,50.10384],[8.65271,50.1027]]},"properties":{}},{"type":"Feature","geometry":{"type":"LineString","coordinates":[[8.65275,50.10319],[8.65272,50.10317]]},"properties":{}},{"type":"Feature","geometry":{"type":"LineString","coordinates":[[8.65325,50.10387],[8.65273,50.10372]]},"properties":{}},{"type":"Feature","geometry":{"type":"LineString","coordinates":[[8.65687,50.10533],[8.65273,50.10372]]},"properties":{}},{"type":"Feature","geometry":{"type":"LineString","coordinates":[[8.65323,50.10338],[8.65275,50.10319]]},"properties":{}},{"type":"Feature","geometry":{"type":"LineString","coordinates":[[8.65343,50.1035],[8.65275,50.10319]]},"properties":{}},{"type":"Feature","geometry":{"type":"LineString","coordinates":[[8.65471,50.1033],[8.65275,50.10266]]},"properties":{}},{"type":"Feature","geometry":{"type":"LineString","coordinates":[[8.65769,50.10461],[8.65275,50.10266]]},"properties":{}},{"type":"Feature","geometry":{"type":"LineString","coordinates":[[8.6564,50.10303],[8.65295,50.10171]]},"properties":{}},{"type":"Feature","geometry":{"type":"LineString","coordinates":[[8.65344,50.10196],[8.65295,50.10171]]},"properties":{}},{"type":"Feature","geometry":{"type":"LineString","coordinates":[[8.65397,50.10244],[8.65298,50.10209]]},"properties":{}},{"type":"Feature","geometry":{"type":"LineString","coordinates":[[8.65366,50.10222],[8.65304,50.10201]]},"properties":{}},{"type":"Feature","geometry":{"type":"LineString","coordinates":[[8.65858,50.10506],[8.65305,50.10288]]},"properties":{}},{"type":"Feature","geometry":{"type":"LineString","coordinates":[[8.65328,50.10378],[8.65312,50.10372]]},"properties":{}},{"type":"Feature","geometry":{"type":"LineString","coordinates":[[8.65359,50.10211],[8.65314,50.10188]]},"properties":{}},{"type":"Feature","geometry":{"type":"LineString","coordinates":[[8.68636,49.91178],[8.6817,49.90869],[8.67413,49.90318],[8.6602,49.89434],[8.65699,49.89292],[8.65314,49.89222]]},"properties":{}},{"type":"Feature","geometry":{"type":"LineString","coordinates":[[8.65428,50.10403],[8.65322,50.10361]]},"properties":{}},{"type":"Feature","geometry":{"type":"LineString","coordinates":[[8.65398,50.10361],[8.65323,50.10338]]},"properties":{}},{"type":"Feature","geometry":{"type":"LineString","coordinates":[[8.65804,50.10513],[8.65323,50.10338]]},"properties":{}},{"type":"Feature","geometry":{"type":"LineString","coordinates":[[8.65455,50.10427],[8.65325,50.10387]]},"properties":{}},{"type":"Feature","geometry":{"type":"LineString","coordinates":[[8.65681,50.10527],[8.65325,50.10387]]},"properties":{}},{"type":"Feature","geometry":{"type":"LineString","coordinates":[[8.65715,50.10394],[8.65326,50.10243]]},"properties":{}},{"type":"Feature","geometry":{"type":"LineString","coordinates":[[8.65748,50.10415],[8.65326,50.10243]]},"properties":{}},{"type":"Feature","geometry":{"type":"LineString","coordinates":[[8.65378,50.10395],[8.65328,50.10378]]},"properties":{}},{"type":"Feature","geometry":{"type":"LineString","coordinates":[[8.65455,50.10427],[8.65328,50.10378]]},"properties":{}},{"type":"Feature","geometry":{"type":"LineString","coordinates":[[8.65398,50.10361],[8.65341,50.1034]]},"properties":{}},{"type":"Feature","geometry":{"type":"LineString","coordinates":[[8.65359,50.10357],[8.65343,50.1035]]},"properties":{}},{"type":"Feature","geometry":{"type":"LineString","coordinates":[[8.65631,50.10306],[8.65344,50.10196]]},"properties":{}},{"type":"Feature","geometry":{"type":"LineString","coordinates":[[8.65399,50.10223],[8.65344,50.10196]]},"properties":{}},{"type":"Feature","geometry":{"type":"LineString","coordinates":[[8.65744,50.09973],[8.6553,50.09909],[8.65358,50.09932]]},"properties":{}},{"type":"Feature","geometry":{"type":"LineString","coordinates":[[8.65403,50.10232],[8.65359,50.10211]]},"properties":{}},{"type":"Feature","geometry":{"type":"LineString","coordinates":[[8.6537,50.10361],[8.65359,50.10357]]},"properties":{}},{"type":"Feature","geometry":{"type":"LineString","coordinates":[[8.65505,50.10428],[8.65359,50.10357]]},"properties":{}},{"type":"Feature","geometry":{"type":"LineString","coordinates":[[8.65447,50.10254],[8.65366,50.10222]]},"properties":{}},{"type":"Feature","geometry":{"type":"LineString","coordinates":[[8.6568,49.89262],[8.65367,49.89219]]},"properties":{}},{"type":"Feature","geometry":{"type":"LineString","coordinates":[[8.65646,50.09881],[8.65368,50.09718]]},"properties":{}},{"type":"Feature","geometry":{"type":"LineString","coordinates":[[8.65422,50.10378],[8.6537,50.10361]]},"properties":{}},{"type":"Feature","geometry":{"type":"LineString","coordinates":[[8.65555,50.10443],[8.6537,50.10361]]},"properties":{}},{"type":"Feature","geometry":{"type":"LineString","coordinates":[[8.65646,50.09881],[8.65372,50.09715]]},"properties":{}},{"type":"Feature","geometry":{"type":"LineString","coordinates":[[8.6572,50.10437],[8.65374,50.10302]]},"properties":{}},{"type":"Feature","geometry":{"type":"LineString","coordinates":[[8.65452,50.10417],[8.65378,50.10395]]},"properties":{}},{"type":"Feature","geometry":{"type":"LineString","coordinates":[[8.65491,50.10438],[8.65378,50.10395]]},"properties":{}},{"type":"Feature","geometry":{"type":"LineString","coordinates":[[8.65452,50.10417],[8.6539,50.10393]]},"properties":{}},{"type":"Feature","geometry":{"type":"LineString","coordinates":[[8.65463,50.10355],[8.65395,50.10324]]},"properties":{}},{"type":"Feature","geometry":{"type":"LineString","coordinates":[[8.65484,50.10273],[8.65397,50.10244]]},"properties":{}},{"type":"Feature","geometry":{"type":"LineString","coordinates":[[8.65466,50.10271],[8.65397,50.10244]]},"properties":{}},{"type":"Feature","geometry":{"type":"LineString","coordinates":[[8.65436,50.10373],[8.65398,50.10361]]},"properties":{}},{"type":"Feature","geometry":{"type":"LineString","coordinates":[[8.65566,50.10291],[8.65399,50.10223]]},"properties":{}},{"type":"Feature","geometry":{"type":"LineString","coordinates":[[8.65457,50.10252],[8.65399,50.10223]]},"properties":{}},{"type":"Feature","geometry":{"type":"LineString","coordinates":[[8.65447,50.10254],[8.65403,50.10232]]},"properties":{}},{"type":"Feature","geometry":{"type":"LineString","coordinates":[[8.65413,49.97286],[8.65433,49.97723],[8.65644,49.99057]]},"properties":{}},{"type":"Feature","geometry":{"type":"LineString","coordinates":[[8.65418,50.10363],[8.65552,50.10408]]},"properties":{}},{"type":"Feature","geometry":{"type":"LineString","coordinates":[[8.65474,50.10394],[8.65422,50.10378]]},"properties":{}},{"type":"Feature","geometry":{"type":"LineString","coordinates":[[8.65817,50.10534],[8.65422,50.10378]]},"properties":{}},{"type":"Feature","geometry":{"type":"LineString","coordinates":[[8.65662,50.10497],[8.65428,50.10403]]},"properties":{}},{"type":"Feature","geometry":{"type":"LineString","coordinates":[[8.65542,50.10458],[8.65428,50.10403]]},"properties":{}},{"type":"Feature","geometry":{"type":"LineString","coordinates":[[8.65449,50.10255],[8.65447,50.10254]]},"properties":{}},{"type":"Feature","geometry":{"type":"LineString","coordinates":[[8.65566,50.10291],[8.65449,50.10255]]},"properties":{}},{"type":"Feature","geometry":{"type":"LineString","coordinates":[[8.65519,50.10282],[8.65449,50.10255]]},"properties":{}},{"type":"Feature","geometry":{"type":"LineString","coordinates":[[8.65924,50.1056],[8.65452,50.10417]]},"properties":{}},{"type":"Feature","geometry":{"type":"LineString","coordinates":[[8.65595,50.10474],[8.65452,50.10417]]},"properties":{}},{"type":"Feature","geometry":{"type":"LineString","coordinates":[[8.65491,50.10438],[8.65455,50.10427]]},"properties":{}},{"type":"Feature","geometry":{"type":"LineString","coordinates":[[8.65457,50.10252],[8.65734,50.10362]]},"properties":{}},{"type":"Feature","geometry":{"type":"LineString","coordinates":[[8.65519,50.10282],[8.65457,50.10252]]},"properties":{}},{"type":"Feature","geometry":{"type":"LineString","coordinates":[[8.65575,50.10313],[8.65466,50.10271]]},"properties":{}},{"type":"Feature","geometry":{"type":"LineString","coordinates":[[8.65626,50.10349],[8.65466,50.10271]]},"properties":{}},{"type":"Feature","geometry":{"type":"LineString","coordinates":[[8.65687,50.09902],[8.65471,50.09817]]},"properties":{}},{"type":"Feature","geometry":{"type":"LineString","coordinates":[[8.65543,50.10353],[8.65471,50.1033]]},"properties":{}},{"type":"Feature","geometry":{"type":"LineString","coordinates":[[8.65575,50.10371],[8.65471,50.1033]]},"properties":{}},{"type":"Feature","geometry":{"type":"LineString","coordinates":[[8.65706,50.10479],[8.65474,50.10394]]},"properties":{}},{"type":"Feature","geometry":{"type":"LineString","coordinates":[[8.65906,50.10563],[8.65474,50.10394]]},"properties":{}},{"type":"Feature","geometry":{"type":"LineString","coordinates":[[8.65476,50.09812],[8.65633,50.0988]]},"properties":{}},{"type":"Feature","geometry":{"type":"LineString","coordinates":[[8.65484,50.10273],[8.6551,50.10283]]},"properties":{}},{"type":"Feature","geometry":{"type":"LineString","coordinates":[[8.65648,50.10485],[8.65491,50.10438]]},"properties":{}},{"type":"Feature","geometry":{"type":"LineString","coordinates":[[8.65542,50.10458],[8.65491,50.10438]]},"properties":{}},{"type":"Feature","geometry":{"type":"LineString","coordinates":[[8.65602,50.10467],[8.65505,50.10428]]},"properties":{}},{"type":"Feature","geometry":{"type":"LineString","coordinates":[[8.65595,50.10474],[8.65505,50.10428]]},"properties":{}},{"type":"Feature","geometry":{"type":"LineString","coordinates":[[8.65803,50.10532],[8.65505,50.10424]]},"properties":{}},{"type":"Feature","geometry":{"type":"LineString","coordinates":[[8.65555,50.10443],[8.65505,50.10424]]},"properties":{}},{"type":"Feature","geometry":{"type":"LineString","coordinates":[[8.6551,50.10283],[8.65582,50.10311]]},"properties":{}},{"type":"Feature","geometry":{"type":"LineString","coordinates":[[8.65575,50.10313],[8.6551,50.10283]]},"properties":{}},{"type":"Feature","geometry":{"type":"LineString","coordinates":[[8.65523,50.10283],[8.65519,50.10282]]},"properties":{}},{"type":"Feature","geometry":{"type":"LineString","coordinates":[[8.65522,50.1034],[8.65595,50.10369]]},"properties":{}},{"type":"Feature","geometry":{"type":"LineString","coordinates":[[8.65522,50.1034],[8.65591,50.10372]]},"properties":{}},{"type":"Feature","geometry":{"type":"LineString","coordinates":[[8.65696,50.1035],[8.65523,50.10283]]},"properties":{}},{"type":"Feature","geometry":{"type":"LineString","coordinates":[[8.65582,50.10311],[8.65523,50.10283]]},"properties":{}},{"type":"Feature","geometry":{"type":"LineString","coordinates":[[8.65739,50.10535],[8.65542,50.10458]]},"properties":{}},{"type":"Feature","geometry":{"type":"LineString","coordinates":[[8.65681,50.10527],[8.65542,50.10458]]},"properties":{}},{"type":"Feature","geometry":{"type":"LineString","coordinates":[[8.65595,50.10369],[8.65543,50.10353]]},"properties":{}},{"type":"Feature","geometry":{"type":"LineString","coordinates":[[8.65591,50.10372],[8.65543,50.10353]]},"properties":{}},{"type":"Feature","geometry":{"type":"LineString","coordinates":[[8.65794,50.10495],[8.65546,50.10392]]},"properties":{}},{"type":"Feature","geometry":{"type":"LineString","coordinates":[[8.657,50.10501],[8.65555,50.10443]]},"properties":{}},{"type":"Feature","geometry":{"type":"LineString","coordinates":[[8.65602,50.10467],[8.65555,50.10443]]},"properties":{}},{"type":"Feature","geometry":{"type":"LineString","coordinates":[[8.65794,50.10456],[8.65562,50.10384]]},"properties":{}},{"type":"Feature","geometry":{"type":"LineString","coordinates":[[8.65922,50.10528],[8.65562,50.10384]]},"properties":{}},{"type":"Feature","geometry":{"type":"LineString","coordinates":[[8.65562,50.10394],[8.65726,50.10459]]},"properties":{}},{"type":"Feature","geometry":{"type":"LineString","coordinates":[[8.65562,50.10394],[8.65625,50.10424]]},"properties":{}},{"type":"Feature","geometry":{"type":"LineString","coordinates":[[8.65604,50.10302],[8.65566,50.10291]]},"properties":{}},{"type":"Feature","geometry":{"type":"LineString","coordinates":[[8.65797,50.10381],[8.65566,50.10291]]},"properties":{}},{"type":"Feature","geometry":{"type":"LineString","coordinates":[[8.65935,50.10004],[8.65679,50.09908],[8.65575,50.09898]]},"properties":{}},{"type":"Feature","geometry":{"type":"LineString","coordinates":[[8.65789,50.09952],[8.65575,50.09898]]},"properties":{}},{"type":"Feature","geometry":{"type":"LineString","coordinates":[[8.65623,50.10332],[8.65575,50.10313]]},"properties":{}},{"type":"Feature","geometry":{"type":"LineString","coordinates":[[8.65624,50.10338],[8.65575,50.10313]]},"properties":{}},{"type":"Feature","geometry":{"type":"LineString","coordinates":[[8.65741,50.10422],[8.65575,50.10371]]},"properties":{}},{"type":"Feature","geometry":{"type":"LineString","coordinates":[[8.65794,50.10456],[8.65575,50.10371]]},"properties":{}},{"type":"Feature","geometry":{"type":"LineString","coordinates":[[8.65684,50.10518],[8.65578,50.10475]]},"properties":{}},{"type":"Feature","geometry":{"type":"LineString","coordinates":[[8.65582,50.10311],[8.65614,50.10324]]},"properties":{}},{"type":"Feature","geometry":{"type":"LineString","coordinates":[[8.65623,50.10332],[8.65582,50.10311]]},"properties":{}},{"type":"Feature","geometry":{"type":"LineString","coordinates":[[8.6585,50.10473],[8.65591,50.10372]]},"properties":{}},{"type":"Feature","geometry":{"type":"LineString","coordinates":[[8.65679,50.10417],[8.65591,50.10372]]},"properties":{}},{"type":"Feature","geometry":{"type":"LineString","coordinates":[[8.65644,50.10384],[8.65595,50.10369]]},"properties":{}},{"type":"Feature","geometry":{"type":"LineString","coordinates":[[8.65595,50.10369],[8.65624,50.1038]]},"properties":{}},{"type":"Feature","geometry":{"type":"LineString","coordinates":[[8.65707,50.10519],[8.65595,50.10474]]},"properties":{}},{"type":"Feature","geometry":{"type":"LineString","coordinates":[[8.65684,50.10518],[8.65595,50.10474]]},"properties":{}},{"type":"Feature","geometry":{"type":"LineString","coordinates":[[8.65648,50.10485],[8.65602,50.10467]]},"properties":{}},{"type":"Feature","geometry":{"type":"LineString","coordinates":[[8.65707,50.10519],[8.65602,50.10467]]},"properties":{}},{"type":"Feature","geometry":{"type":"LineString","coordinates":[[8.65904,50.10413],[8.65604,50.10302]]},"properties":{}},{"type":"Feature","geometry":{"type":"LineString","coordinates":[[8.6585,50.10397],[8.65604,50.10302]]},"properties":{}},{"type":"Feature","geometry":{"type":"LineString","coordinates":[[8.65696,50.1035],[8.65614,50.10324]]},"properties":{}},{"type":"Feature","geometry":{"type":"LineString","coordinates":[[8.65614,50.10324],[8.65715,50.10364]]},"properties":{}},{"type":"Feature","geometry":{"type":"LineString","coordinates":[[8.65646,50.10342],[8.65623,50.10332]]},"properties":{}},{"type":"Feature","geometry":{"type":"LineString","coordinates":[[8.65778,50.10408],[8.65623,50.10332]]},"properties":{}},{"type":"Feature","geometry":{"type":"LineString","coordinates":[[8.65624,50.1038],[8.65852,50.1047]]},"properties":{}},{"type":"Feature","geometry":{"type":"LineString","coordinates":[[8.65777,50.10455],[8.65624,50.1038]]},"properties":{}},{"type":"Feature","geometry":{"type":"LineString","coordinates":[[8.65889,50.10442],[8.65624,50.10338]]},"properties":{}},{"type":"Feature","geometry":{"type":"LineString","coordinates":[[8.65703,50.10377],[8.65624,50.10338]]},"properties":{}},{"type":"Feature","geometry":{"type":"LineString","coordinates":[[8.65625,50.10424],[8.65656,50.10436]]},"properties":{}},{"type":"Feature","geometry":{"type":"LineString","coordinates":[[8.65804,50.10513],[8.65625,50.10424]]},"properties":{}},{"type":"Feature","geometry":{"type":"LineString","coordinates":[[8.65671,50.10372],[8.65626,50.10349]]},"properties":{}},{"type":"Feature","geometry":{"type":"LineString","coordinates":[[8.65695,50.10399],[8.65644,50.10384]]},"properties":{}},{"type":"Feature","geometry":{"type":"LineString","coordinates":[[8.65741,50.10422],[8.65644,50.10384]]},"properties":{}},{"type":"Feature","geometry":{"type":"LineString","coordinates":[[8.65644,49.99057],[8.65663,49.99189]]},"properties":{}},{"type":"Feature","geometry":{"type":"LineString","coordinates":[[8.65652,49.99169],[8.65644,49.99057]]},"properties":{}},{"type":"Feature","geometry":{"type":"LineString","coordinates":[[8.65789,50.09952],[8.65646,50.09881]]},"properties":{}},{"type":"Feature","geometry":{"type":"LineString","coordinates":[[8.65715,50.10364],[8.65646,50.10342]]},"properties":{}},{"type":"Feature","geometry":{"type":"LineString","coordinates":[[8.65889,50.10442],[8.65646,50.10342]]},"properties":{}},{"type":"Feature","geometry":{"type":"LineString","coordinates":[[8.657,50.10501],[8.65648,50.10485]]},"properties":{}},{"type":"Feature","geometry":{"type":"LineString","coordinates":[[8.66258,50.10733],[8.65648,50.10485]]},"properties":{}},{"type":"Feature","geometry":{"type":"LineString","coordinates":[[8.65698,49.9949],[8.65652,49.99169]]},"properties":{}},{"type":"Feature","geometry":{"type":"LineString","coordinates":[[8.65713,49.99589],[8.65652,49.99169]]},"properties":{}},{"type":"Feature","geometry":{"type":"LineString","coordinates":[[8.6578,50.10485],[8.65655,50.10445]]},"properties":{}},{"type":"Feature","geometry":{"type":"LineString","coordinates":[[8.65812,50.10507],[8.65655,50.10445]]},"properties":{}},{"type":"Feature","geometry":{"type":"LineString","coordinates":[[8.65753,50.10517],[8.65656,50.10478]]},"properties":{}},{"type":"Feature","geometry":{"type":"LineString","coordinates":[[8.65726,50.10459],[8.65656,50.10436]]},"properties":{}},{"type":"Feature","geometry":{"type":"LineString","coordinates":[[8.65656,50.10436],[8.65703,50.10454]]},"properties":{}},{"type":"Feature","geometry":{"type":"LineString","coordinates":[[8.65722,49.99539],[8.65661,49.99115]]},"properties":{}},{"type":"Feature","geometry":{"type":"LineString","coordinates":[[8.65661,49.99115],[8.65663,49.99189]]},"properties":{}},{"type":"Feature","geometry":{"type":"LineString","coordinates":[[8.65663,49.99189],[8.65703,49.99466]]},"properties":{}},{"type":"Feature","geometry":{"type":"LineString","coordinates":[[8.65715,50.10394],[8.65671,50.10372]]},"properties":{}},{"type":"Feature","geometry":{"type":"LineString","coordinates":[[8.65777,50.10455],[8.65679,50.10417]]},"properties":{}},{"type":"Feature","geometry":{"type":"LineString","coordinates":[[8.6572,50.10437],[8.65679,50.10417]]},"properties":{}},{"type":"Feature","geometry":{"type":"LineString","coordinates":[[8.6568,49.89262],[8.65972,49.89296]]},"properties":{}},{"type":"Feature","geometry":{"type":"LineString","coordinates":[[8.67827,49.90603],[8.66179,49.89401],[8.65995,49.8932],[8.6568,49.89262]]},"properties":{}},{"type":"Feature","geometry":{"type":"LineString","coordinates":[[8.6573,50.10546],[8.65681,50.10527]]},"properties":{}},{"type":"Feature","geometry":{"type":"LineString","coordinates":[[8.65908,50.10637],[8.65681,50.10527]]},"properties":{}},{"type":"Feature","geometry":{"type":"LineString","coordinates":[[8.6579,50.10561],[8.65684,50.10518]]},"properties":{}},{"type":"Feature","geometry":{"type":"LineString","coordinates":[[8.6578,50.10566],[8.65684,50.10518]]},"properties":{}},{"type":"Feature","geometry":{"type":"LineString","coordinates":[[8.65688,50.10391],[8.65745,50.10419]]},"properties":{}},{"type":"Feature","geometry":{"type":"LineString","coordinates":[[8.65748,50.10415],[8.65695,50.10399]]},"properties":{}},{"type":"Feature","geometry":{"type":"LineString","coordinates":[[8.65745,50.10419],[8.65695,50.10399]]},"properties":{}},{"type":"Feature","geometry":{"type":"LineString","coordinates":[[8.65734,50.10362],[8.65696,50.1035]]},"properties":{}},{"type":"Feature","geometry":{"type":"LineString","coordinates":[[8.65723,49.99608],[8.65698,49.9949]]},"properties":{}},{"type":"Feature","geometry":{"type":"LineString","coordinates":[[8.65698,49.9949],[8.65713,49.99589]]},"properties":{}},{"type":"Feature","geometry":{"type":"LineString","coordinates":[[8.65803,50.10532],[8.657,50.10501]]},"properties":{}},{"type":"Feature","geometry":{"type":"LineString","coordinates":[[8.66266,50.10724],[8.657,50.10501]]},"properties":{}},{"type":"Feature","geometry":{"type":"LineString","coordinates":[[8.65703,49.99466],[8.65722,49.99539]]},"properties":{}},{"type":"Feature","geometry":{"type":"LineString","coordinates":[[8.65703,49.99466],[8.65723,49.99608]]},"properties":{}},{"type":"Feature","geometry":{"type":"LineString","coordinates":[[8.65778,50.10408],[8.65703,50.10377]]},"properties":{}},{"type":"Feature","geometry":{"type":"LineString","coordinates":[[8.65848,50.10445],[8.65703,50.10377]]},"properties":{}},{"type":"Feature","geometry":{"type":"LineString","coordinates":[[8.65703,50.10454],[8.6578,50.10485]]},"properties":{}},{"type":"Feature","geometry":{"type":"LineString","coordinates":[[8.65812,50.10507],[8.65703,50.10454]]},"properties":{}},{"type":"Feature","geometry":{"type":"LineString","coordinates":[[8.65854,50.10533],[8.65706,50.10479]]},"properties":{}},{"type":"Feature","geometry":{"type":"LineString","coordinates":[[8.65817,50.10534],[8.65706,50.10479]]},"properties":{}},{"type":"Feature","geometry":{"type":"LineString","coordinates":[[8.6578,50.0753],[8.65706,50.07514]]},"properties":{}},{"type":"Feature","geometry":{"type":"LineString","coordinates":[[8.66024,50.07606],[8.65706,50.07514]]},"properties":{}},{"type":"Feature","geometry":{"type":"LineString","coordinates":[[8.65739,50.10535],[8.65707,50.10519]]},"properties":{}},{"type":"Feature","geometry":{"type":"LineString","coordinates":[[8.66496,50.04996],[8.65713,49.99589]]},"properties":{}},{"type":"Feature","geometry":{"type":"LineString","coordinates":[[8.65797,50.10434],[8.65715,50.10394]]},"properties":{}},{"type":"Feature","geometry":{"type":"LineString","coordinates":[[8.65819,50.10396],[8.65715,50.10364]]},"properties":{}},{"type":"Feature","geometry":{"type":"LineString","coordinates":[[8.66365,50.10617],[8.65715,50.10364]]},"properties":{}},{"type":"Feature","geometry":{"type":"LineString","coordinates":[[8.65821,50.10477],[8.6572,50.10437]]},"properties":{}},{"type":"Feature","geometry":{"type":"LineString","coordinates":[[8.65769,50.10461],[8.6572,50.10437]]},"properties":{}},{"type":"Feature","geometry":{"type":"LineString","coordinates":[[8.66199,50.02811],[8.65722,49.99539]]},"properties":{}},{"type":"Feature","geometry":{"type":"LineString","coordinates":[[8.65723,49.99608],[8.66494,50.04934]]},"properties":{}},{"type":"Feature","geometry":{"type":"LineString","coordinates":[[8.65726,50.10459],[8.65735,50.10462]]},"properties":{}},{"type":"Feature","geometry":{"type":"LineString","coordinates":[[8.65727,49.99573],[8.65745,49.99651]]},"properties":{}},{"type":"Feature","geometry":{"type":"LineString","coordinates":[[8.65894,50.10596],[8.6573,50.10546]]},"properties":{}},{"type":"Feature","geometry":{"type":"LineString","coordinates":[[8.6578,50.10566],[8.6573,50.10546]]},"properties":{}},{"type":"Feature","geometry":{"type":"LineString","coordinates":[[8.65797,50.10381],[8.65734,50.10362]]},"properties":{}},{"type":"Feature","geometry":{"type":"LineString","coordinates":[[8.65734,50.10362],[8.65819,50.10396]]},"properties":{}},{"type":"Feature","geometry":{"type":"LineString","coordinates":[[8.65929,50.10525],[8.65735,50.10462]]},"properties":{}},{"type":"Feature","geometry":{"type":"LineString","coordinates":[[8.65735,50.10462],[8.65856,50.1051]]},"properties":{}},{"type":"Feature","geometry":{"type":"LineString","coordinates":[[8.65894,50.10596],[8.65739,50.10535]]},"properties":{}},{"type":"Feature","geometry":{"type":"LineString","coordinates":[[8.6579,50.10561],[8.65739,50.10535]]},"properties":{}},{"type":"Feature","geometry":{"type":"LineString","coordinates":[[8.65823,50.10438],[8.65741,50.10407]]},"properties":{}},{"type":"Feature","geometry":{"type":"LineString","coordinates":[[8.65794,50.10438],[8.65741,50.10422]]},"properties":{}},{"type":"Feature","geometry":{"type":"LineString","coordinates":[[8.65799,50.10446],[8.65741,50.10422]]},"properties":{}},{"type":"Feature","geometry":{"type":"LineString","coordinates":[[8.65794,50.10438],[8.65745,50.10419]]},"properties":{}},{"type":"Feature","geometry":{"type":"LineString","coordinates":[[8.65799,50.10446],[8.65745,50.10419]]},"properties":{}},{"type":"Feature","geometry":{"type":"LineString","coordinates":[[8.65746,49.99661],[8.65874,50.00536]]},"properties":{}},{"type":"Feature","geometry":{"type":"LineString","coordinates":[[8.65823,50.10438],[8.65748,50.10415]]},"properties":{}},{"type":"Feature","geometry":{"type":"LineString","coordinates":[[8.65797,50.10434],[8.65748,50.10415]]},"properties":{}},{"type":"Feature","geometry":{"type":"LineString","coordinates":[[8.65749,50.16085],[8.65768,50.16115]]},"properties":{}},{"type":"Feature","geometry":{"type":"LineString","coordinates":[[8.65874,50.10613],[8.65766,50.10569]]},"properties":{}},{"type":"Feature","geometry":{"type":"LineString","coordinates":[[8.65867,50.105],[8.65769,50.10461]]},"properties":{}},{"type":"Feature","geometry":{"type":"LineString","coordinates":[[8.65858,50.10506],[8.65769,50.10461]]},"properties":{}},{"type":"Feature","geometry":{"type":"LineString","coordinates":[[8.65884,50.10497],[8.65777,50.10455]]},"properties":{}},{"type":"Feature","geometry":{"type":"LineString","coordinates":[[8.65821,50.10477],[8.65777,50.10455]]},"properties":{}},{"type":"Feature","geometry":{"type":"LineString","coordinates":[[8.65791,50.10413],[8.65778,50.10408]]},"properties":{}},{"type":"Feature","geometry":{"type":"LineString","coordinates":[[8.6578,50.10485],[8.65787,50.10487]]},"properties":{}},{"type":"Feature","geometry":{"type":"LineString","coordinates":[[8.66239,50.10753],[8.6578,50.10566]]},"properties":{}},{"type":"Feature","geometry":{"type":"LineString","coordinates":[[8.65809,50.10581],[8.6578,50.10566]]},"properties":{}},{"type":"Feature","geometry":{"type":"LineString","coordinates":[[8.6578,50.0753],[8.66049,50.07575],[8.66263,50.07566],[8.66522,50.07489],[8.66676,50.0739],[8.6677,50.07276],[8.6681,50.07147],[8.66763,50.06684]]},"properties":{}},{"type":"Feature","geometry":{"type":"LineString","coordinates":[[8.6578,50.0753],[8.65844,50.07548]]},"properties":{}},{"type":"Feature","geometry":{"type":"LineString","coordinates":[[8.65856,50.1051],[8.65787,50.10487]]},"properties":{}},{"type":"Feature","geometry":{"type":"LineString","coordinates":[[8.65787,50.10487],[8.65868,50.10519]]},"properties":{}},{"type":"Feature","geometry":{"type":"LineString","coordinates":[[8.65935,50.10004],[8.65789,50.09952]]},"properties":{}},{"type":"Feature","geometry":{"type":"LineString","coordinates":[[8.65838,50.10584],[8.6579,50.10561]]},"properties":{}},{"type":"Feature","geometry":{"type":"LineString","coordinates":[[8.65973,50.10485],[8.65791,50.10413]]},"properties":{}},{"type":"Feature","geometry":{"type":"LineString","coordinates":[[8.65875,50.10453],[8.65791,50.10413]]},"properties":{}},{"type":"Feature","geometry":{"type":"LineString","coordinates":[[8.65986,50.10623],[8.65791,50.10568]]},"properties":{}},{"type":"Feature","geometry":{"type":"LineString","coordinates":[[8.6597,50.10639],[8.65791,50.10568]]},"properties":{}},{"type":"Feature","geometry":{"type":"LineString","coordinates":[[8.6585,50.10473],[8.65794,50.10456]]},"properties":{}},{"type":"Feature","geometry":{"type":"LineString","coordinates":[[8.65855,50.10457],[8.65794,50.10438]]},"properties":{}},{"type":"Feature","geometry":{"type":"LineString","coordinates":[[8.65857,50.10463],[8.65794,50.10438]]},"properties":{}},{"type":"Feature","geometry":{"type":"LineString","coordinates":[[8.65868,50.10519],[8.65794,50.10495]]},"properties":{}},{"type":"Feature","geometry":{"type":"LineString","coordinates":[[8.65922,50.10545],[8.65794,50.10495]]},"properties":{}},{"type":"Feature","geometry":{"type":"LineString","coordinates":[[8.66339,50.10645],[8.65797,50.10434]]},"properties":{}},{"type":"Feature","geometry":{"type":"LineString","coordinates":[[8.65857,50.10463],[8.65797,50.10434]]},"properties":{}},{"type":"Feature","geometry":{"type":"LineString","coordinates":[[8.6585,50.10397],[8.65797,50.10381]]},"properties":{}},{"type":"Feature","geometry":{"type":"LineString","coordinates":[[8.65852,50.1047],[8.65799,50.10446]]},"properties":{}},{"type":"Feature","geometry":{"type":"LineString","coordinates":[[8.66547,50.10935],[8.66476,50.10853],[8.66326,50.10758],[8.65802,50.10555]]},"properties":{}},{"type":"Feature","geometry":{"type":"LineString","coordinates":[[8.6597,50.10639],[8.65802,50.10555]]},"properties":{}},{"type":"Feature","geometry":{"type":"LineString","coordinates":[[8.65919,50.10568],[8.65803,50.10532]]},"properties":{}},{"type":"Feature","geometry":{"type":"LineString","coordinates":[[8.65862,50.10555],[8.65803,50.10532]]},"properties":{}},{"type":"Feature","geometry":{"type":"LineString","coordinates":[[8.65854,50.10533],[8.65804,50.10513]]},"properties":{}},{"type":"Feature","geometry":{"type":"LineString","coordinates":[[8.65906,50.10563],[8.65804,50.10513]]},"properties":{}},{"type":"Feature","geometry":{"type":"LineString","coordinates":[[8.65874,50.10613],[8.65809,50.10581]]},"properties":{}},{"type":"Feature","geometry":{"type":"LineString","coordinates":[[8.65908,50.10637],[8.65809,50.10581]]},"properties":{}},{"type":"Feature","geometry":{"type":"LineString","coordinates":[[8.65968,50.10568],[8.65812,50.10507]]},"properties":{}},{"type":"Feature","geometry":{"type":"LineString","coordinates":[[8.65902,50.10552],[8.65812,50.10507]]},"properties":{}},{"type":"Feature","geometry":{"type":"LineString","coordinates":[[8.65812,50.10545],[8.66002,50.10604]]},"properties":{}},{"type":"Feature","geometry":{"type":"LineString","coordinates":[[8.65812,50.10545],[8.6633,50.10754],[8.66489,50.10848],[8.66561,50.10923]]},"properties":{}},{"type":"Feature","geometry":{"type":"LineString","coordinates":[[8.65862,50.10555],[8.65817,50.10534]]},"properties":{}},{"type":"Feature","geometry":{"type":"LineString","coordinates":[[8.66378,50.10603],[8.65819,50.10396]]},"properties":{}},{"type":"Feature","geometry":{"type":"LineString","coordinates":[[8.65819,50.10396],[8.66373,50.10607]]},"properties":{}},{"type":"Feature","geometry":{"type":"LineString","coordinates":[[8.66321,50.10665],[8.65821,50.10477]]},"properties":{}},{"type":"Feature","geometry":{"type":"LineString","coordinates":[[8.65867,50.105],[8.65821,50.10477]]},"properties":{}},{"type":"Feature","geometry":{"type":"LineString","coordinates":[[8.65848,50.10445],[8.65823,50.10438]]},"properties":{}},{"type":"Feature","geometry":{"type":"LineString","coordinates":[[8.6583,50.10533],[8.66002,50.10604]]},"properties":{}},{"type":"Feature","geometry":{"type":"LineString","coordinates":[[8.6583,50.10533],[8.6606,50.10652]]},"properties":{}},{"type":"Feature","geometry":{"type":"LineString","coordinates":[[8.66246,50.10746],[8.65838,50.10584]]},"properties":{}},{"type":"Feature","geometry":{"type":"LineString","coordinates":[[8.65844,50.07548],[8.66105,50.07626]]},"properties":{}},{"type":"Feature","geometry":{"type":"LineString","coordinates":[[8.65844,50.07548],[8.66024,50.07606]]},"properties":{}},{"type":"Feature","geometry":{"type":"LineString","coordinates":[[8.65875,50.10453],[8.65848,50.10445]]},"properties":{}},{"type":"Feature","geometry":{"type":"LineString","coordinates":[[8.65848,50.10445],[8.65907,50.10468]]},"properties":{}},{"type":"Feature","geometry":{"type":"LineString","coordinates":[[8.65901,50.1049],[8.6585,50.10473]]},"properties":{}},{"type":"Feature","geometry":{"type":"LineString","coordinates":[[8.65904,50.10413],[8.6585,50.10397]]},"properties":{}},{"type":"Feature","geometry":{"type":"LineString","coordinates":[[8.66326,50.10659],[8.65852,50.1047]]},"properties":{}},{"type":"Feature","geometry":{"type":"LineString","coordinates":[[8.65968,50.10568],[8.65854,50.10533]]},"properties":{}},{"type":"Feature","geometry":{"type":"LineString","coordinates":[[8.65902,50.10552],[8.65854,50.10533]]},"properties":{}},{"type":"Feature","geometry":{"type":"LineString","coordinates":[[8.65925,50.10532],[8.65856,50.1051]]},"properties":{}},{"type":"Feature","geometry":{"type":"LineString","coordinates":[[8.6592,50.10537],[8.65856,50.1051]]},"properties":{}},{"type":"Feature","geometry":{"type":"LineString","coordinates":[[8.66335,50.10649],[8.65857,50.10463]]},"properties":{}},{"type":"Feature","geometry":{"type":"LineString","coordinates":[[8.65925,50.10532],[8.65858,50.10506]]},"properties":{}},{"type":"Feature","geometry":{"type":"LineString","coordinates":[[8.6592,50.10537],[8.65858,50.10506]]},"properties":{}},{"type":"Feature","geometry":{"type":"LineString","coordinates":[[8.66271,50.10719],[8.65862,50.10555]]},"properties":{}},{"type":"Feature","geometry":{"type":"LineString","coordinates":[[8.65929,50.10525],[8.65867,50.105]]},"properties":{}},{"type":"Feature","geometry":{"type":"LineString","coordinates":[[8.65922,50.10528],[8.65867,50.105]]},"properties":{}},{"type":"Feature","geometry":{"type":"LineString","coordinates":[[8.65868,50.10519],[8.65961,50.10556]]},"properties":{}},{"type":"Feature","geometry":{"type":"LineString","coordinates":[[8.65871,50.00474],[8.65881,50.00536]]},"properties":{}},{"type":"Feature","geometry":{"type":"LineString","coordinates":[[8.6623,50.10762],[8.65874,50.10613]]},"properties":{}},{"type":"Feature","geometry":{"type":"LineString","coordinates":[[8.65891,50.10458],[8.65875,50.10453]]},"properties":{}},{"type":"Feature","geometry":{"type":"LineString","coordinates":[[8.65907,50.10468],[8.65875,50.10453]]},"properties":{}},{"type":"Feature","geometry":{"type":"LineString","coordinates":[[8.65879,50.00572],[8.65884,50.00641]]},"properties":{}},{"type":"Feature","geometry":{"type":"LineString","coordinates":[[8.66009,50.10489],[8.65889,50.10442]]},"properties":{}},{"type":"Feature","geometry":{"type":"LineString","coordinates":[[8.66009,50.10489],[8.65891,50.10458]]},"properties":{}},{"type":"Feature","geometry":{"type":"LineString","coordinates":[[8.65973,50.10485],[8.65891,50.10458]]},"properties":{}},{"type":"Feature","geometry":{"type":"LineString","coordinates":[[8.66254,50.10737],[8.65894,50.10596]]},"properties":{}},{"type":"Feature","geometry":{"type":"LineString","coordinates":[[8.65924,50.1056],[8.65902,50.10552]]},"properties":{}},{"type":"Feature","geometry":{"type":"LineString","coordinates":[[8.66174,50.10511],[8.65904,50.10413]]},"properties":{}},{"type":"Feature","geometry":{"type":"LineString","coordinates":[[8.65919,50.10568],[8.65906,50.10563]]},"properties":{}},{"type":"Feature","geometry":{"type":"LineString","coordinates":[[8.66347,50.10636],[8.65907,50.10468]]},"properties":{}},{"type":"Feature","geometry":{"type":"LineString","coordinates":[[8.66161,50.1074],[8.65908,50.10637]]},"properties":{}},{"type":"Feature","geometry":{"type":"LineString","coordinates":[[8.6628,50.10709],[8.65919,50.10568]]},"properties":{}},{"type":"Feature","geometry":{"type":"LineString","coordinates":[[8.65961,50.10556],[8.6592,50.10537]]},"properties":{}},{"type":"Feature","geometry":{"type":"LineString","coordinates":[[8.65969,50.10549],[8.65922,50.10528]]},"properties":{}},{"type":"Feature","geometry":{"type":"LineString","coordinates":[[8.66285,50.10704],[8.65924,50.1056]]},"properties":{}},{"type":"Feature","geometry":{"type":"LineString","coordinates":[[8.65969,50.10549],[8.65925,50.10532]]},"properties":{}},{"type":"Feature","geometry":{"type":"LineString","coordinates":[[8.66311,50.10675],[8.65929,50.10525]]},"properties":{}},{"type":"Feature","geometry":{"type":"LineString","coordinates":[[8.73264,50.12055],[8.73163,50.11948],[8.73049,50.11649],[8.72959,50.1157],[8.71351,50.11022],[8.71011,50.10794],[8.70909,50.10758],[8.70739,50.10744],[8.7034,50.10778],[8.68909,50.1094],[8.68516,50.10934],[8.6821,50.10899],[8.67837,50.10798],[8.6739,50.10614],[8.66854,50.10321],[8.65935,50.10004]]},"properties":{}},{"type":"Feature","geometry":{"type":"LineString","coordinates":[[8.65983,50.16361],[8.6596,50.16341]]},"properties":{}},{"type":"Feature","geometry":{"type":"LineString","coordinates":[[8.66298,50.10689],[8.65961,50.10556]]},"properties":{}},{"type":"Feature","geometry":{"type":"LineString","coordinates":[[8.66293,50.10694],[8.65968,50.10568]]},"properties":{}},{"type":"Feature","geometry":{"type":"LineString","coordinates":[[8.66307,50.1068],[8.65969,50.10549]]},"properties":{}},{"type":"Feature","geometry":{"type":"LineString","coordinates":[[8.66547,50.10935],[8.6647,50.10858],[8.66318,50.10771],[8.6597,50.10639]]},"properties":{}},{"type":"Feature","geometry":{"type":"LineString","coordinates":[[8.66272,49.89326],[8.65972,49.89296]]},"properties":{}},{"type":"Feature","geometry":{"type":"LineString","coordinates":[[8.6635,50.10633],[8.65973,50.10485]]},"properties":{}},{"type":"Feature","geometry":{"type":"LineString","coordinates":[[8.65987,50.10623],[8.66064,50.10648]]},"properties":{}},{"type":"Feature","geometry":{"type":"LineString","coordinates":[[8.66561,50.10923],[8.66457,50.10806],[8.66002,50.10604]]},"properties":{}},{"type":"Feature","geometry":{"type":"LineString","coordinates":[[8.66359,50.10623],[8.66009,50.10489]]},"properties":{}},{"type":"Feature","geometry":{"type":"LineString","coordinates":[[8.66085,50.07625],[8.66024,50.07606]]},"properties":{}},{"type":"Feature","geometry":{"type":"LineString","coordinates":[[8.66038,50.01708],[8.66053,50.01768]]},"properties":{}},{"type":"Feature","geometry":{"type":"LineString","coordinates":[[8.66287,50.07684],[8.66085,50.07625]]},"properties":{}},{"type":"Feature","geometry":{"type":"LineString","coordinates":[[8.66085,50.07625],[8.66785,50.07861],[8.66922,50.07991],[8.66979,50.0817]]},"properties":{}},{"type":"Feature","geometry":{"type":"LineString","coordinates":[[8.66105,50.07626],[8.67161,50.07945],[8.6743,50.08076],[8.67628,50.08224],[8.67809,50.08441],[8.67889,50.08629],[8.67956,50.09519],[8.68059,50.09643],[8.68293,50.0976]]},"properties":{}},{"type":"Feature","geometry":{"type":"LineString","coordinates":[[8.66287,50.07684],[8.66105,50.07626]]},"properties":{}},{"type":"Feature","geometry":{"type":"LineString","coordinates":[[8.66185,50.07658],[8.66123,50.07641]]},"properties":{}},{"type":"Feature","geometry":{"type":"LineString","coordinates":[[8.66177,50.02522],[8.66437,50.04356]]},"properties":{}},{"type":"Feature","geometry":{"type":"LineString","coordinates":[[8.66177,50.02522],[8.66182,50.02657]]},"properties":{}},{"type":"Feature","geometry":{"type":"LineString","coordinates":[[8.66177,50.02522],[8.66082,50.01852],[8.66153,50.01712],[8.66293,50.01621],[8.66531,50.0158],[8.68446,50.01667],[8.68638,50.01641],[8.68761,50.0159]]},"properties":{}},{"type":"Feature","geometry":{"type":"LineString","coordinates":[[8.66182,50.02657],[8.66194,50.02734]]},"properties":{}},{"type":"Feature","geometry":{"type":"LineString","coordinates":[[8.66194,50.02734],[8.66416,50.04259]]},"properties":{}},{"type":"Feature","geometry":{"type":"LineString","coordinates":[[8.66194,50.02734],[8.66199,50.02811]]},"properties":{}},{"type":"Feature","geometry":{"type":"LineString","coordinates":[[8.66399,50.04184],[8.66199,50.02811]]},"properties":{}},{"type":"Feature","geometry":{"type":"LineString","coordinates":[[8.66346,49.89328],[8.66272,49.89326]]},"properties":{}},{"type":"Feature","geometry":{"type":"LineString","coordinates":[[8.66272,49.89326],[8.67135,49.89387],[8.67361,49.89326],[8.67511,49.8921],[8.67555,49.89098],[8.67527,49.88798],[8.67147,49.88268],[8.67088,49.88135],[8.67054,49.87951],[8.67136,49.87803],[8.67548,49.87276],[8.67705,49.87162],[8.67854,49.87091]]},"properties":{}},{"type":"Feature","geometry":{"type":"LineString","coordinates":[[8.68341,50.09787],[8.68075,50.09661],[8.67949,50.09521],[8.6789,50.08661],[8.67827,50.08486],[8.67692,50.08293],[8.67462,50.08102],[8.67244,50.07984],[8.66287,50.07684]]},"properties":{}},{"type":"Feature","geometry":{"type":"LineString","coordinates":[[8.66419,50.10807],[8.66313,50.10752]]},"properties":{}},{"type":"Feature","geometry":{"type":"LineString","coordinates":[[8.66346,49.89328],[8.67137,49.89381],[8.67359,49.89322],[8.67506,49.89208],[8.6755,49.89067],[8.67527,49.88817],[8.6714,49.88269],[8.67079,49.88135],[8.67047,49.8795],[8.6713,49.878],[8.67542,49.87274],[8.67699,49.87159],[8.67854,49.87091]]},"properties":{}},{"type":"Feature","geometry":{"type":"LineString","coordinates":[[8.66474,50.04435],[8.66402,50.03948],[8.66361,50.03834]]},"properties":{}},{"type":"Feature","geometry":{"type":"LineString","coordinates":[[8.66465,50.04461],[8.66374,50.03876]]},"properties":{}},{"type":"Feature","geometry":{"type":"LineString","coordinates":[[8.66467,50.04435],[8.66389,50.03912]]},"properties":{}},{"type":"Feature","geometry":{"type":"LineString","coordinates":[[8.66399,50.04184],[8.66416,50.04259]]},"properties":{}},{"type":"Feature","geometry":{"type":"LineString","coordinates":[[8.66742,50.06534],[8.66399,50.04184]]},"properties":{}},{"type":"Feature","geometry":{"type":"LineString","coordinates":[[8.66399,50.09277],[8.66611,50.09285],[8.6676,50.09318],[8.67079,50.0945],[8.67285,50.0957],[8.67785,50.09645]]},"properties":{}},{"type":"Feature","geometry":{"type":"LineString","coordinates":[[8.66416,50.04259],[8.66418,50.04274]]},"properties":{}},{"type":"Feature","geometry":{"type":"LineString","coordinates":[[8.66418,50.04274],[8.66437,50.04356]]},"properties":{}},{"type":"Feature","geometry":{"type":"LineString","coordinates":[[8.66418,50.04274],[8.66732,50.06427]]},"properties":{}},{"type":"Feature","geometry":{"type":"LineString","coordinates":[[8.66426,50.04284],[8.66426,50.04194]]},"properties":{}},{"type":"Feature","geometry":{"type":"LineString","coordinates":[[8.66519,50.10898],[8.6643,50.10813]]},"properties":{}},{"type":"Feature","geometry":{"type":"LineString","coordinates":[[8.66437,50.04356],[8.66439,50.04375]]},"properties":{}},{"type":"Feature","geometry":{"type":"LineString","coordinates":[[8.66439,50.04375],[8.66465,50.04461]]},"properties":{}},{"type":"Feature","geometry":{"type":"LineString","coordinates":[[8.66439,50.04375],[8.66732,50.06427]]},"properties":{}},{"type":"Feature","geometry":{"type":"LineString","coordinates":[[8.66537,50.05048],[8.66449,50.0441]]},"properties":{}},{"type":"Feature","geometry":{"type":"LineString","coordinates":[[8.66465,50.04461],[8.66476,50.04495]]},"properties":{}},{"type":"Feature","geometry":{"type":"LineString","coordinates":[[8.66543,50.05012],[8.66465,50.04461]]},"properties":{}},{"type":"Feature","geometry":{"type":"LineString","coordinates":[[8.66489,50.049],[8.66474,50.04845]]},"properties":{}},{"type":"Feature","geometry":{"type":"LineString","coordinates":[[8.66546,50.04927],[8.66476,50.04495]]},"properties":{}},{"type":"Feature","geometry":{"type":"LineString","coordinates":[[8.66545,50.04968],[8.66476,50.04495]]},"properties":{}},{"type":"Feature","geometry":{"type":"LineString","coordinates":[[8.66494,50.04934],[8.66708,50.06447],[8.66814,50.06796],[8.6705,50.08415],[8.67006,50.08675],[8.66928,50.08822],[8.66756,50.0904],[8.66745,50.09176],[8.66781,50.09249],[8.66845,50.09305],[8.67103,50.09421],[8.68371,50.09822]]},"properties":{}},{"type":"Feature","geometry":{"type":"LineString","coordinates":[[8.66496,50.04996],[8.66494,50.04934]]},"properties":{}},{"type":"Feature","geometry":{"type":"LineString","coordinates":[[8.68358,50.09844],[8.68121,50.09746],[8.67759,50.09654],[8.67464,50.09538],[8.67101,50.09432],[8.66838,50.09306],[8.66739,50.09176],[8.66751,50.0904],[8.6699,50.08699],[8.67038,50.08443],[8.66809,50.06796],[8.66702,50.06447],[8.66496,50.04996]]},"properties":{}},{"type":"Feature","geometry":{"type":"LineString","coordinates":[[8.66528,50.09275],[8.66641,50.0928]]},"properties":{}},{"type":"Feature","geometry":{"type":"LineString","coordinates":[[8.66675,50.09048],[8.66534,50.09126]]},"properties":{}},{"type":"Feature","geometry":{"type":"LineString","coordinates":[[8.66543,50.05084],[8.66543,50.05033]]},"properties":{}},{"type":"Feature","geometry":{"type":"LineString","coordinates":[[8.66557,50.05106],[8.66543,50.05033]]},"properties":{}},{"type":"Feature","geometry":{"type":"LineString","coordinates":[[8.66543,50.05033],[8.66545,50.04968]]},"properties":{}},{"type":"Feature","geometry":{"type":"LineString","coordinates":[[8.66545,50.04968],[8.66546,50.04927]]},"properties":{}},{"type":"Feature","geometry":{"type":"LineString","coordinates":[[8.66557,50.05106],[8.66546,50.04927]]},"properties":{}},{"type":"Feature","geometry":{"type":"LineString","coordinates":[[8.69808,50.10568],[8.69899,50.10951],[8.69838,50.11125],[8.69558,50.11376],[8.69401,50.11438],[8.69214,50.11476],[8.68434,50.11467],[8.68007,50.11397],[8.67666,50.11426],[8.67325,50.11486],[8.67157,50.11483],[8.66983,50.1143],[8.66784,50.11296],[8.6665,50.11148],[8.66547,50.10935]]},"properties":{}},{"type":"Feature","geometry":{"type":"LineString","coordinates":[[8.66584,50.05208],[8.66557,50.05106]]},"properties":{}},{"type":"Feature","geometry":{"type":"LineString","coordinates":[[8.66578,50.05228],[8.66557,50.05106]]},"properties":{}},{"type":"Feature","geometry":{"type":"LineString","coordinates":[[8.66561,50.10923],[8.66664,50.11138],[8.66744,50.11243],[8.66965,50.11405],[8.67156,50.11475],[8.67315,50.11482],[8.67663,50.11414],[8.68002,50.11385],[8.68391,50.11458],[8.69023,50.11481]]},"properties":{}},{"type":"Feature","geometry":{"type":"LineString","coordinates":[[8.66765,50.09312],[8.66648,50.09281]]},"properties":{}},{"type":"Feature","geometry":{"type":"LineString","coordinates":[[8.66841,50.08912],[8.66699,50.0903]]},"properties":{}},{"type":"Feature","geometry":{"type":"LineString","coordinates":[[8.66715,50.09294],[8.66938,50.0937]]},"properties":{}},{"type":"Feature","geometry":{"type":"LineString","coordinates":[[8.66715,50.09294],[8.66795,50.09318]]},"properties":{}},{"type":"Feature","geometry":{"type":"LineString","coordinates":[[8.66732,50.06427],[8.67008,50.08321]]},"properties":{}},{"type":"Feature","geometry":{"type":"LineString","coordinates":[[8.66742,50.06534],[8.66734,50.06443]]},"properties":{}},{"type":"Feature","geometry":{"type":"LineString","coordinates":[[8.66763,50.06684],[8.66742,50.06534]]},"properties":{}},{"type":"Feature","geometry":{"type":"LineString","coordinates":[[8.6677,50.06774],[8.66758,50.0671]]},"properties":{}},{"type":"Feature","geometry":{"type":"LineString","coordinates":[[8.66979,50.0817],[8.66763,50.06684]]},"properties":{}},{"type":"Feature","geometry":{"type":"LineString","coordinates":[[8.67067,50.09439],[8.66765,50.09312]]},"properties":{}},{"type":"Feature","geometry":{"type":"LineString","coordinates":[[8.66975,50.0939],[8.66795,50.09318]]},"properties":{}},{"type":"Feature","geometry":{"type":"LineString","coordinates":[[8.66795,50.09318],[8.67026,50.09417]]},"properties":{}},{"type":"Feature","geometry":{"type":"LineString","coordinates":[[8.66841,50.08912],[8.66742,50.0904],[8.66731,50.09178],[8.66807,50.0929],[8.66938,50.0937]]},"properties":{}},{"type":"Feature","geometry":{"type":"LineString","coordinates":[[8.66917,50.08817],[8.66841,50.08912]]},"properties":{}},{"type":"Feature","geometry":{"type":"LineString","coordinates":[[8.66843,50.09348],[8.66932,50.09381]]},"properties":{}},{"type":"Feature","geometry":{"type":"LineString","coordinates":[[8.66935,50.07821],[8.66914,50.0772]]},"properties":{}},{"type":"Feature","geometry":{"type":"LineString","coordinates":[[8.66969,50.0871],[8.66917,50.08817]]},"properties":{}},{"type":"Feature","geometry":{"type":"LineString","coordinates":[[8.66968,50.08001],[8.6703,50.08512],[8.66985,50.08694],[8.66917,50.08817]]},"properties":{}},{"type":"Feature","geometry":{"type":"LineString","coordinates":[[8.66938,50.0937],[8.67272,50.09501],[8.68069,50.09686]]},"properties":{}},{"type":"Feature","geometry":{"type":"LineString","coordinates":[[8.66938,50.0937],[8.66975,50.0939]]},"properties":{}},{"type":"Feature","geometry":{"type":"LineString","coordinates":[[8.66968,50.08001],[8.66949,50.07918]]},"properties":{}},{"type":"Feature","geometry":{"type":"LineString","coordinates":[[8.66953,50.08057],[8.6696,50.08107]]},"properties":{}},{"type":"Feature","geometry":{"type":"LineString","coordinates":[[8.66958,50.07946],[8.66968,50.08001]]},"properties":{}},{"type":"Feature","geometry":{"type":"LineString","coordinates":[[8.66963,50.07938],[8.66985,50.08024]]},"properties":{}},{"type":"Feature","geometry":{"type":"LineString","coordinates":[[8.67008,50.08321],[8.67019,50.08534],[8.66969,50.0871]]},"properties":{}},{"type":"Feature","geometry":{"type":"LineString","coordinates":[[8.68007,50.09672],[8.67303,50.09514],[8.66975,50.0939]]},"properties":{}},{"type":"Feature","geometry":{"type":"LineString","coordinates":[[8.66975,50.0939],[8.67026,50.09417]]},"properties":{}},{"type":"Feature","geometry":{"type":"LineString","coordinates":[[8.66982,50.08186],[8.66979,50.0817]]},"properties":{}},{"type":"Feature","geometry":{"type":"LineString","coordinates":[[8.66982,50.08186],[8.67008,50.08321]]},"properties":{}},{"type":"Feature","geometry":{"type":"LineString","coordinates":[[8.66999,50.08148],[8.66992,50.08063]]},"properties":{}},{"type":"Feature","geometry":{"type":"LineString","coordinates":[[8.67026,50.09417],[8.673,50.09519],[8.67882,50.09643]]},"properties":{}},{"type":"Feature","geometry":{"type":"LineString","coordinates":[[8.67026,50.09417],[8.67067,50.09439]]},"properties":{}},{"type":"Feature","geometry":{"type":"LineString","coordinates":[[8.67061,50.09442],[8.67151,50.09478]]},"properties":{}},{"type":"Feature","geometry":{"type":"LineString","coordinates":[[8.67758,50.09617],[8.6727,50.09515],[8.67067,50.09439]]},"properties":{}},{"type":"Feature","geometry":{"type":"LineString","coordinates":[[8.67067,50.09439],[8.67151,50.09478]]},"properties":{}},{"type":"Feature","geometry":{"type":"LineString","coordinates":[[8.67736,50.09651],[8.67266,50.09537],[8.67098,50.09461]]},"properties":{}},{"type":"Feature","geometry":{"type":"LineString","coordinates":[[8.6773,50.09659],[8.67266,50.09547],[8.67122,50.09478]]},"properties":{}},{"type":"Feature","geometry":{"type":"LineString","coordinates":[[8.67784,50.09667],[8.67264,50.09541],[8.67125,50.09476]]},"properties":{}},{"type":"Feature","geometry":{"type":"LineString","coordinates":[[8.67156,50.0948],[8.67151,50.09478]]},"properties":{}},{"type":"Feature","geometry":{"type":"LineString","coordinates":[[8.68336,50.09799],[8.6794,50.09669],[8.67156,50.0948]]},"properties":{}},{"type":"Feature","geometry":{"type":"LineString","coordinates":[[8.67156,50.0948],[8.68178,50.09754]]},"properties":{}},{"type":"Feature","geometry":{"type":"LineString","coordinates":[[8.67659,50.09625],[8.67162,50.09494]]},"properties":{}},{"type":"Feature","geometry":{"type":"LineString","coordinates":[[8.67198,50.095],[8.6816,50.09754]]},"properties":{}},{"type":"Feature","geometry":{"type":"LineString","coordinates":[[8.67225,50.09541],[8.67389,50.09587]]},"properties":{}},{"type":"Feature","geometry":{"type":"LineString","coordinates":[[8.67251,49.90228],[8.67694,49.90525]]},"properties":{}},{"type":"Feature","geometry":{"type":"LineString","coordinates":[[8.67672,50.0965],[8.67276,50.09555]]},"properties":{}},{"type":"Feature","geometry":{"type":"LineString","coordinates":[[8.67592,50.11428],[8.67414,50.11472]]},"properties":{}},{"type":"Feature","geometry":{"type":"LineString","coordinates":[[8.67452,50.11458],[8.67588,50.11439]]},"properties":{}},{"type":"Feature","geometry":{"type":"LineString","coordinates":[[8.67589,50.17032],[8.67472,50.17031]]},"properties":{}},{"type":"Feature","geometry":{"type":"LineString","coordinates":[[8.67563,49.90418],[8.67606,49.90454]]},"properties":{}},{"type":"Feature","geometry":{"type":"LineString","coordinates":[[8.67597,49.90454],[8.67635,49.90477]]},"properties":{}},{"type":"Feature","geometry":{"type":"LineString","coordinates":[[8.67608,50.17032],[8.67702,50.17026]]},"properties":{}},{"type":"Feature","geometry":{"type":"LineString","coordinates":[[8.67647,49.9049],[8.67922,49.90744]]},"properties":{}},{"type":"Feature","geometry":{"type":"LineString","coordinates":[[8.67658,49.90493],[8.67694,49.90525]]},"properties":{}},{"type":"Feature","geometry":{"type":"LineString","coordinates":[[8.68636,49.91178],[8.68184,49.90886],[8.67694,49.90525]]},"properties":{}},{"type":"Feature","geometry":{"type":"LineString","coordinates":[[8.67728,49.90572],[8.6788,49.90802]]},"properties":{}},{"type":"Feature","geometry":{"type":"LineString","coordinates":[[8.68577,49.91147],[8.68178,49.90888],[8.67734,49.90554]]},"properties":{}},{"type":"Feature","geometry":{"type":"LineString","coordinates":[[8.67827,49.90603],[8.67743,49.90554]]},"properties":{}},{"type":"Feature","geometry":{"type":"LineString","coordinates":[[8.67924,49.90744],[8.67757,49.90597]]},"properties":{}},{"type":"Feature","geometry":{"type":"LineString","coordinates":[[8.67758,50.09617],[8.67882,50.09643]]},"properties":{}},{"type":"Feature","geometry":{"type":"LineString","coordinates":[[8.68336,50.09799],[8.67758,50.09617]]},"properties":{}},{"type":"Feature","geometry":{"type":"LineString","coordinates":[[8.67768,49.90623],[8.67837,49.90738]]},"properties":{}},{"type":"Feature","geometry":{"type":"LineString","coordinates":[[8.6854,49.91134],[8.6817,49.90895],[8.67773,49.90589]]},"properties":{}},{"type":"Feature","geometry":{"type":"LineString","coordinates":[[8.6778,49.90637],[8.67865,49.90718]]},"properties":{}},{"type":"Feature","geometry":{"type":"LineString","coordinates":[[8.67796,49.90654],[8.67841,49.90729]]},"properties":{}},{"type":"Feature","geometry":{"type":"LineString","coordinates":[[8.69417,49.91687],[8.69169,49.91478],[8.6854,49.91134],[8.67807,49.9062]]},"properties":{}},{"type":"Feature","geometry":{"type":"LineString","coordinates":[[8.67809,49.90634],[8.6857,49.91196]]},"properties":{}},{"type":"Feature","geometry":{"type":"LineString","coordinates":[[8.67871,49.9063],[8.67827,49.90603]]},"properties":{}},{"type":"Feature","geometry":{"type":"LineString","coordinates":[[8.68734,49.91218],[8.67827,49.90603]]},"properties":{}},{"type":"Feature","geometry":{"type":"LineString","coordinates":[[8.67854,49.87091],[8.6834,49.8687],[8.68497,49.86734],[8.68568,49.86626],[8.69191,49.84863],[8.69349,49.83864],[8.69468,49.83644],[8.69692,49.83451],[8.6992,49.83341],[8.70192,49.83257],[8.71178,49.8297],[8.71602,49.82889],[8.71846,49.82895],[8.72343,49.82953],[8.72913,49.82958],[8.73059,49.82997],[8.73568,49.83222],[8.73752,49.83248],[8.73976,49.83237]]},"properties":{}},{"type":"Feature","geometry":{"type":"LineString","coordinates":[[8.67917,49.90751],[8.67861,49.90752]]},"properties":{}},{"type":"Feature","geometry":{"type":"LineString","coordinates":[[8.67862,49.90744],[8.67917,49.9075]]},"properties":{}},{"type":"Feature","geometry":{"type":"LineString","coordinates":[[8.67863,49.90761],[8.67917,49.90753]]},"properties":{}},{"type":"Feature","geometry":{"type":"LineString","coordinates":[[8.67917,49.90748],[8.67866,49.90736]]},"properties":{}},{"type":"Feature","geometry":{"type":"LineString","coordinates":[[8.67871,49.9063],[8.68607,49.91129]]},"properties":{}},{"type":"Feature","geometry":{"type":"LineString","coordinates":[[8.67872,49.90728],[8.67919,49.90747]]},"properties":{}},{"type":"Feature","geometry":{"type":"LineString","coordinates":[[8.67918,49.90755],[8.67876,49.90766]]},"properties":{}},{"type":"Feature","geometry":{"type":"LineString","coordinates":[[8.6792,49.90745],[8.6788,49.90721]]},"properties":{}},{"type":"Feature","geometry":{"type":"LineString","coordinates":[[8.67881,49.90772],[8.67919,49.90756]]},"properties":{}},{"type":"Feature","geometry":{"type":"LineString","coordinates":[[8.67882,50.09643],[8.67897,50.09648]]},"properties":{}},{"type":"Feature","geometry":{"type":"LineString","coordinates":[[8.67888,49.90778],[8.6792,49.90757]]},"properties":{}},{"type":"Feature","geometry":{"type":"LineString","coordinates":[[8.67922,49.90758],[8.67894,49.90781]]},"properties":{}},{"type":"Feature","geometry":{"type":"LineString","coordinates":[[8.67897,50.09648],[8.68007,50.09672]]},"properties":{}},{"type":"Feature","geometry":{"type":"LineString","coordinates":[[8.67897,50.09648],[8.68292,50.09773]]},"properties":{}},{"type":"Feature","geometry":{"type":"LineString","coordinates":[[8.67902,49.90785],[8.67924,49.90759]]},"properties":{}},{"type":"Feature","geometry":{"type":"LineString","coordinates":[[8.67926,49.9076],[8.67911,49.90787]]},"properties":{}},{"type":"Feature","geometry":{"type":"LineString","coordinates":[[8.6792,49.90789],[8.67928,49.9076]]},"properties":{}},{"type":"Feature","geometry":{"type":"LineString","coordinates":[[8.67921,50.09183],[8.67932,50.09285]]},"properties":{}},{"type":"Feature","geometry":{"type":"LineString","coordinates":[[8.6793,49.9076],[8.6793,49.90789]]},"properties":{}},{"type":"Feature","geometry":{"type":"LineString","coordinates":[[8.67932,50.09294],[8.67931,50.09391]]},"properties":{}},{"type":"Feature","geometry":{"type":"LineString","coordinates":[[8.67938,49.90758],[8.67996,49.90809]]},"properties":{}},{"type":"Feature","geometry":{"type":"LineString","coordinates":[[8.6794,49.90757],[8.67982,49.9079]]},"properties":{}},{"type":"Feature","geometry":{"type":"LineString","coordinates":[[8.67948,49.9074],[8.68523,49.91162]]},"properties":{}},{"type":"Feature","geometry":{"type":"LineString","coordinates":[[8.67964,49.90757],[8.68064,49.90866],[8.68417,49.91108]]},"properties":{}},{"type":"Feature","geometry":{"type":"LineString","coordinates":[[8.67979,49.90773],[8.68427,49.91093]]},"properties":{}},{"type":"Feature","geometry":{"type":"LineString","coordinates":[[8.67981,49.90723],[8.68678,49.91194]]},"properties":{}},{"type":"Feature","geometry":{"type":"LineString","coordinates":[[8.68,49.908],[8.6857,49.91196]]},"properties":{}},{"type":"Feature","geometry":{"type":"LineString","coordinates":[[8.68007,50.09672],[8.68069,50.09686]]},"properties":{}},{"type":"Feature","geometry":{"type":"LineString","coordinates":[[8.68154,50.09717],[8.68007,50.09672]]},"properties":{}},{"type":"Feature","geometry":{"type":"LineString","coordinates":[[8.68023,49.90818],[8.6847,49.91147],[8.68632,49.91303]]},"properties":{}},{"type":"Feature","geometry":{"type":"LineString","coordinates":[[8.68028,49.90831],[8.68384,49.9109]]},"properties":{}},{"type":"Feature","geometry":{"type":"LineString","coordinates":[[8.68047,50.09634],[8.68419,50.09805]]},"properties":{}},{"type":"Feature","geometry":{"type":"LineString","coordinates":[[8.68178,50.09754],[8.6805,50.09706]]},"properties":{}},{"type":"Feature","geometry":{"type":"LineString","coordinates":[[8.6816,50.09754],[8.68069,50.09729]]},"properties":{}},{"type":"Feature","geometry":{"type":"LineString","coordinates":[[8.68069,50.09686],[8.68293,50.0976]]},"properties":{}},{"type":"Feature","geometry":{"type":"LineString","coordinates":[[8.68154,50.09717],[8.68069,50.09686]]},"properties":{}},{"type":"Feature","geometry":{"type":"LineString","coordinates":[[8.6808,49.90786],[8.68752,49.9124]]},"properties":{}},{"type":"Feature","geometry":{"type":"LineString","coordinates":[[8.68138,50.11409],[8.68253,50.1144]]},"properties":{}},{"type":"Feature","geometry":{"type":"LineString","coordinates":[[8.68145,49.90936],[8.6833,49.91058]]},"properties":{}},{"type":"Feature","geometry":{"type":"LineString","coordinates":[[8.6817,50.09722],[8.68154,50.09717]]},"properties":{}},{"type":"Feature","geometry":{"type":"LineString","coordinates":[[8.6816,50.09754],[8.68186,50.09763]]},"properties":{}},{"type":"Feature","geometry":{"type":"LineString","coordinates":[[8.68341,50.09787],[8.6817,50.09722]]},"properties":{}},{"type":"Feature","geometry":{"type":"LineString","coordinates":[[8.68292,50.09773],[8.6817,50.09722]]},"properties":{}},{"type":"Feature","geometry":{"type":"LineString","coordinates":[[8.68178,50.09754],[8.68251,50.09783]]},"properties":{}},{"type":"Feature","geometry":{"type":"LineString","coordinates":[[8.68186,50.09763],[8.68251,50.09783]]},"properties":{}},{"type":"Feature","geometry":{"type":"LineString","coordinates":[[8.68186,50.09763],[8.68673,50.09974]]},"properties":{}},{"type":"Feature","geometry":{"type":"LineString","coordinates":[[8.68189,50.09758],[8.68257,50.09791]]},"properties":{}},{"type":"Feature","geometry":{"type":"LineString","coordinates":[[8.68251,50.09783],[8.68371,50.09822]]},"properties":{}},{"type":"Feature","geometry":{"type":"LineString","coordinates":[[8.68251,50.09783],[8.68747,50.10003]]},"properties":{}},{"type":"Feature","geometry":{"type":"LineString","coordinates":[[8.68391,50.11458],[8.68263,50.11443]]},"properties":{}},{"type":"Feature","geometry":{"type":"LineString","coordinates":[[8.68267,50.09795],[8.68358,50.09844]]},"properties":{}},{"type":"Feature","geometry":{"type":"LineString","coordinates":[[8.68283,50.09793],[8.68372,50.09827]]},"properties":{}},{"type":"Feature","geometry":{"type":"LineString","coordinates":[[8.68292,50.09773],[8.68725,50.09965],[8.69038,50.10133],[8.69443,50.10234]]},"properties":{}},{"type":"Feature","geometry":{"type":"LineString","coordinates":[[8.68419,50.09805],[8.68293,50.0976]]},"properties":{}},{"type":"Feature","geometry":{"type":"LineString","coordinates":[[8.68293,50.0976],[8.68796,50.09981],[8.69074,50.10134]]},"properties":{}},{"type":"Feature","geometry":{"type":"LineString","coordinates":[[8.68399,49.91054],[8.6831,49.91007]]},"properties":{}},{"type":"Feature","geometry":{"type":"LineString","coordinates":[[8.6833,49.91028],[8.68398,49.91093]]},"properties":{}},{"type":"Feature","geometry":{"type":"LineString","coordinates":[[8.69314,50.10211],[8.68992,50.10119],[8.68336,50.09799]]},"properties":{}},{"type":"Feature","geometry":{"type":"LineString","coordinates":[[8.69358,50.1021],[8.69044,50.10128],[8.68341,50.09787]]},"properties":{}},{"type":"Feature","geometry":{"type":"LineString","coordinates":[[8.68355,49.91018],[8.68689,49.9126]]},"properties":{}},{"type":"Feature","geometry":{"type":"LineString","coordinates":[[8.68901,50.10093],[8.68358,50.09844]]},"properties":{}},{"type":"Feature","geometry":{"type":"LineString","coordinates":[[8.68371,50.09822],[8.68837,50.10047]]},"properties":{}},{"type":"Feature","geometry":{"type":"LineString","coordinates":[[8.68999,50.10091],[8.68419,50.09805]]},"properties":{}},{"type":"Feature","geometry":{"type":"LineString","coordinates":[[8.6843,50.0981],[8.68803,50.0997],[8.68999,50.10091]]},"properties":{}},{"type":"Feature","geometry":{"type":"LineString","coordinates":[[8.68447,49.91089],[8.68815,49.91284]]},"properties":{}},{"type":"Feature","geometry":{"type":"LineString","coordinates":[[8.68687,50.09913],[8.68483,50.09822]]},"properties":{}},{"type":"Feature","geometry":{"type":"LineString","coordinates":[[8.68501,49.91127],[8.68845,49.91314],[8.69171,49.91556]]},"properties":{}},{"type":"Feature","geometry":{"type":"LineString","coordinates":[[8.6854,49.91156],[8.69063,49.91474]]},"properties":{}},{"type":"Feature","geometry":{"type":"LineString","coordinates":[[8.68636,49.91172],[8.68569,49.91135]]},"properties":{}},{"type":"Feature","geometry":{"type":"LineString","coordinates":[[8.6857,49.91196],[8.68909,49.9139],[8.69143,49.91562]]},"properties":{}},{"type":"Feature","geometry":{"type":"LineString","coordinates":[[8.68578,49.91201],[8.69123,49.91582]]},"properties":{}},{"type":"Feature","geometry":{"type":"LineString","coordinates":[[8.68585,49.91182],[8.6905,49.91471]]},"properties":{}},{"type":"Feature","geometry":{"type":"LineString","coordinates":[[8.68601,49.91201],[8.68653,49.91245]]},"properties":{}},{"type":"Feature","geometry":{"type":"LineString","coordinates":[[8.68607,49.91129],[8.69055,49.91391],[8.69306,49.91471],[8.6963,49.91538],[8.7758,49.9255],[8.78299,49.92575],[8.78939,49.92492],[8.79557,49.92306],[8.8286,49.90592],[8.83161,49.90483],[8.8364,49.904]]},"properties":{}},{"type":"Feature","geometry":{"type":"LineString","coordinates":[[8.68734,49.91218],[8.68607,49.91129]]},"properties":{}},{"type":"Feature","geometry":{"type":"LineString","coordinates":[[8.68614,49.91204],[8.69069,49.91489]]},"properties":{}},{"type":"Feature","geometry":{"type":"LineString","coordinates":[[8.68626,49.91242],[8.68961,49.91503],[8.6911,49.91589]]},"properties":{}},{"type":"Feature","geometry":{"type":"LineString","coordinates":[[8.68752,49.9124],[8.68636,49.91178]]},"properties":{}},{"type":"Feature","geometry":{"type":"LineString","coordinates":[[8.68644,49.9126],[8.6875,49.91381],[8.68969,49.91538],[8.69093,49.91599]]},"properties":{}},{"type":"Feature","geometry":{"type":"LineString","coordinates":[[8.68656,49.91264],[8.68965,49.915],[8.69114,49.91587]]},"properties":{}},{"type":"Feature","geometry":{"type":"LineString","coordinates":[[8.68659,49.91281],[8.68741,49.91386],[8.68957,49.91542],[8.69073,49.91594]]},"properties":{}},{"type":"Feature","geometry":{"type":"LineString","coordinates":[[8.68673,50.09974],[8.68747,50.10003]]},"properties":{}},{"type":"Feature","geometry":{"type":"LineString","coordinates":[[8.68901,50.10093],[8.68673,50.09974]]},"properties":{}},{"type":"Feature","geometry":{"type":"LineString","coordinates":[[8.68674,49.91289],[8.69106,49.91592]]},"properties":{}},{"type":"Feature","geometry":{"type":"LineString","coordinates":[[8.68677,49.9131],[8.68746,49.91383],[8.69047,49.91582]]},"properties":{}},{"type":"Feature","geometry":{"type":"LineString","coordinates":[[8.68679,49.91285],[8.69119,49.91585]]},"properties":{}},{"type":"Feature","geometry":{"type":"LineString","coordinates":[[8.68683,49.91308],[8.69101,49.91594]]},"properties":{}},{"type":"Feature","geometry":{"type":"LineString","coordinates":[[8.69128,49.9157],[8.6869,49.91267]]},"properties":{}},{"type":"Feature","geometry":{"type":"LineString","coordinates":[[8.68693,49.91323],[8.69097,49.91596]]},"properties":{}},{"type":"Feature","geometry":{"type":"LineString","coordinates":[[8.68718,49.91344],[8.69018,49.91561]]},"properties":{}},{"type":"Feature","geometry":{"type":"LineString","coordinates":[[8.83717,49.90396],[8.83223,49.90471],[8.82863,49.90594],[8.7956,49.92309],[8.78939,49.92496],[8.783,49.92578],[8.77911,49.9258],[8.77579,49.92554],[8.69629,49.91542],[8.69081,49.91404],[8.68734,49.91218]]},"properties":{}},{"type":"Feature","geometry":{"type":"LineString","coordinates":[[8.68747,50.10003],[8.68837,50.10047]]},"properties":{}},{"type":"Feature","geometry":{"type":"LineString","coordinates":[[8.68843,50.1006],[8.68747,50.10003]]},"properties":{}},{"type":"Feature","geometry":{"type":"LineString","coordinates":[[8.68817,49.91272],[8.68752,49.9124]]},"properties":{}},{"type":"Feature","geometry":{"type":"LineString","coordinates":[[8.6939,49.91699],[8.69044,49.91431],[8.68752,49.9124]]},"properties":{}},{"type":"Feature","geometry":{"type":"LineString","coordinates":[[8.68761,50.0159],[8.68933,50.0148],[8.69036,50.01354]]},"properties":{}},{"type":"Feature","geometry":{"type":"LineString","coordinates":[[8.69036,50.01354],[8.6893,50.01489],[8.68761,50.0159]]},"properties":{}},{"type":"Feature","geometry":{"type":"LineString","coordinates":[[8.69111,49.91556],[8.68771,49.91316]]},"properties":{}},{"type":"Feature","geometry":{"type":"LineString","coordinates":[[8.69136,49.91566],[8.68815,49.9134]]},"properties":{}},{"type":"Feature","geometry":{"type":"LineString","coordinates":[[8.6883,49.9135],[8.69065,49.91526]]},"properties":{}},{"type":"Feature","geometry":{"type":"LineString","coordinates":[[8.68837,50.10047],[8.69094,50.10164],[8.69605,50.10318],[8.69742,50.10423],[8.69808,50.10568]]},"properties":{}},{"type":"Feature","geometry":{"type":"LineString","coordinates":[[8.68929,50.11484],[8.68853,50.11466]]},"properties":{}},{"type":"Feature","geometry":{"type":"LineString","coordinates":[[8.69118,49.9155],[8.68856,49.9136]]},"properties":{}},{"type":"Feature","geometry":{"type":"LineString","coordinates":[[8.69799,50.10569],[8.69741,50.10437],[8.69625,50.10338],[8.69443,50.10266],[8.69078,50.10171],[8.68901,50.10093]]},"properties":{}},{"type":"Feature","geometry":{"type":"LineString","coordinates":[[8.6893,50.11484],[8.69023,50.11481]]},"properties":{}},{"type":"Feature","geometry":{"type":"LineString","coordinates":[[8.69394,49.91697],[8.68934,49.91349]]},"properties":{}},{"type":"Feature","geometry":{"type":"LineString","coordinates":[[8.69352,49.91637],[8.6916,49.91482],[8.68988,49.91383]]},"properties":{}},{"type":"Feature","geometry":{"type":"LineString","coordinates":[[8.68999,50.10091],[8.69074,50.10134]]},"properties":{}},{"type":"Feature","geometry":{"type":"LineString","coordinates":[[8.69404,49.91693],[8.69021,49.91407]]},"properties":{}},{"type":"Feature","geometry":{"type":"LineString","coordinates":[[8.69023,50.11481],[8.69273,50.11459],[8.69494,50.11393],[8.6963,50.11308],[8.69824,50.11117],[8.69871,50.1102],[8.6988,50.10931],[8.69799,50.10569]]},"properties":{}},{"type":"Feature","geometry":{"type":"LineString","coordinates":[[8.69036,50.01354],[8.69077,50.01254],[8.69055,50.01042],[8.69145,50.00912],[8.69368,50.00823],[8.69772,50.00837],[8.70011,50.00765],[8.70572,50.00387],[8.70628,50.00283],[8.70688,49.99989],[8.70789,49.99893],[8.70936,49.99814],[8.71171,49.99708],[8.7134,49.99665],[8.73036,49.99483]]},"properties":{}},{"type":"Feature","geometry":{"type":"LineString","coordinates":[[8.69398,49.91695],[8.69064,49.91431]]},"properties":{}},{"type":"Feature","geometry":{"type":"LineString","coordinates":[[8.69071,49.91428],[8.69409,49.91691]]},"properties":{}},{"type":"Feature","geometry":{"type":"LineString","coordinates":[[8.69074,50.10134],[8.69227,50.10179]]},"properties":{}},{"type":"Feature","geometry":{"type":"LineString","coordinates":[[8.69227,50.10179],[8.6988,50.1032]]},"properties":{}},{"type":"Feature","geometry":{"type":"LineString","coordinates":[[8.69227,50.10179],[8.69358,50.1021]]},"properties":{}},{"type":"Feature","geometry":{"type":"LineString","coordinates":[[8.69314,50.10211],[8.69443,50.10234]]},"properties":{}},{"type":"Feature","geometry":{"type":"LineString","coordinates":[[8.69763,50.10306],[8.69314,50.10211]]},"properties":{}},{"type":"Feature","geometry":{"type":"LineString","coordinates":[[8.69447,50.1023],[8.69358,50.1021]]},"properties":{}},{"type":"Feature","geometry":{"type":"LineString","coordinates":[[8.69443,50.10234],[8.6954,50.10254]]},"properties":{}},{"type":"Feature","geometry":{"type":"LineString","coordinates":[[8.69717,50.10288],[8.69447,50.1023]]},"properties":{}},{"type":"Feature","geometry":{"type":"LineString","coordinates":[[8.69447,50.1023],[8.6954,50.10254]]},"properties":{}},{"type":"Feature","geometry":{"type":"LineString","coordinates":[[8.69705,50.26971],[8.6945,50.26583]]},"properties":{}},{"type":"Feature","geometry":{"type":"LineString","coordinates":[[8.6954,50.10254],[8.69573,50.10261]]},"properties":{}},{"type":"Feature","geometry":{"type":"LineString","coordinates":[[8.69573,50.10261],[8.69717,50.10288]]},"properties":{}},{"type":"Feature","geometry":{"type":"LineString","coordinates":[[8.69573,50.10261],[8.69653,50.10278]]},"properties":{}},{"type":"Feature","geometry":{"type":"LineString","coordinates":[[8.69653,50.10278],[8.7026,50.10385],[8.71802,50.1041],[8.72863,50.10469],[8.73125,50.10464],[8.73506,50.1039],[8.75026,50.09864],[8.75313,50.09827],[8.75626,50.09855]]},"properties":{}},{"type":"Feature","geometry":{"type":"LineString","coordinates":[[8.69653,50.10278],[8.69763,50.10306]]},"properties":{}},{"type":"Feature","geometry":{"type":"LineString","coordinates":[[8.70629,50.11013],[8.70583,50.10914],[8.705,50.10559],[8.70423,50.10466],[8.70237,50.10381],[8.69717,50.10288]]},"properties":{}},{"type":"Feature","geometry":{"type":"LineString","coordinates":[[8.75606,50.09857],[8.75313,50.0983],[8.75029,50.09867],[8.73501,50.10395],[8.73127,50.10467],[8.72828,50.10471],[8.71801,50.10414],[8.70246,50.10393],[8.69763,50.10306]]},"properties":{}},{"type":"Feature","geometry":{"type":"LineString","coordinates":[[8.69776,50.10301],[8.6988,50.1032]]},"properties":{}},{"type":"Feature","geometry":{"type":"LineString","coordinates":[[8.69799,50.10569],[8.69796,50.10396],[8.69847,50.10313],[8.69934,50.10243],[8.70188,50.10145],[8.70437,50.10121],[8.70725,50.10167],[8.71102,50.10344],[8.71296,50.10399],[8.74447,50.10561]]},"properties":{}},{"type":"Feature","geometry":{"type":"LineString","coordinates":[[8.7431,50.10556],[8.71429,50.10417],[8.71161,50.1037],[8.70699,50.10164],[8.70462,50.10129],[8.70149,50.1017],[8.69923,50.10259],[8.69804,50.10398],[8.69808,50.10568]]},"properties":{}},{"type":"Feature","geometry":{"type":"LineString","coordinates":[[8.6988,50.1032],[8.7027,50.10386],[8.70453,50.10484],[8.70506,50.10557],[8.70595,50.10934],[8.70681,50.11084]]},"properties":{}},{"type":"Feature","geometry":{"type":"LineString","coordinates":[[8.70037,50.29946],[8.70037,50.30032],[8.70079,50.30113],[8.70159,50.30182],[8.70269,50.30232],[8.70442,50.3026],[8.70865,50.30242],[8.71031,50.30269],[8.71208,50.30336],[8.71365,50.30453],[8.7183,50.3094],[8.72004,50.31026],[8.7243,50.31133],[8.72614,50.31218],[8.72745,50.31336],[8.72857,50.31595],[8.72973,50.31729],[8.73123,50.31819],[8.73468,50.31943],[8.73665,50.31989],[8.74278,50.32046],[8.76063,50.32001],[8.76674,50.32071],[8.76851,50.32118],[8.76994,50.3224],[8.77022,50.32312],[8.77011,50.32404],[8.76898,50.32531],[8.76648,50.32652]]},"properties":{}},{"type":"Feature","geometry":{"type":"LineString","coordinates":[[8.70284,50.29634],[8.7008,50.29848],[8.70037,50.29946]]},"properties":{}},{"type":"Feature","geometry":{"type":"LineString","coordinates":[[8.70037,50.29946],[8.70072,50.29874],[8.70284,50.29634]]},"properties":{}},{"type":"Feature","geometry":{"type":"LineString","coordinates":[[8.70571,50.10132],[8.70401,50.1013]]},"properties":{}},{"type":"Feature","geometry":{"type":"LineString","coordinates":[[8.70571,50.10132],[8.70699,50.10164]]},"properties":{}},{"type":"Feature","geometry":{"type":"LineString","coordinates":[[8.70629,50.11013],[8.7061,50.10967]]},"properties":{}},{"type":"Feature","geometry":{"type":"LineString","coordinates":[[8.70625,50.10972],[8.70739,50.11131],[8.70889,50.11239]]},"properties":{}},{"type":"Feature","geometry":{"type":"LineString","coordinates":[[8.70631,50.11018],[8.70629,50.11013]]},"properties":{}},{"type":"Feature","geometry":{"type":"LineString","coordinates":[[8.70648,50.11043],[8.70631,50.11018]]},"properties":{}},{"type":"Feature","geometry":{"type":"LineString","coordinates":[[8.72321,50.11845],[8.71018,50.1138],[8.70746,50.11201],[8.70631,50.11018]]},"properties":{}},{"type":"Feature","geometry":{"type":"LineString","coordinates":[[8.70648,50.11043],[8.70681,50.11084]]},"properties":{}},{"type":"Feature","geometry":{"type":"LineString","coordinates":[[8.72321,50.11845],[8.7103,50.11378],[8.70765,50.11203],[8.70648,50.11043]]},"properties":{}},{"type":"Feature","geometry":{"type":"LineString","coordinates":[[8.70655,50.11042],[8.70761,50.11157],[8.71104,50.1138],[8.71841,50.11646]]},"properties":{}},{"type":"Feature","geometry":{"type":"LineString","coordinates":[[8.70681,50.11084],[8.70753,50.11158]]},"properties":{}},{"type":"Feature","geometry":{"type":"LineString","coordinates":[[8.70681,50.11084],[8.7078,50.11202],[8.71074,50.11391],[8.72379,50.1186]]},"properties":{}},{"type":"Feature","geometry":{"type":"LineString","coordinates":[[8.70753,50.11158],[8.70811,50.11194]]},"properties":{}},{"type":"Feature","geometry":{"type":"LineString","coordinates":[[8.70753,50.11158],[8.71071,50.11368],[8.71262,50.11456]]},"properties":{}},{"type":"Feature","geometry":{"type":"LineString","coordinates":[[8.7083,50.11207],[8.70889,50.11239]]},"properties":{}},{"type":"Feature","geometry":{"type":"LineString","coordinates":[[8.70889,50.11239],[8.7118,50.11405]]},"properties":{}},{"type":"Feature","geometry":{"type":"LineString","coordinates":[[8.70987,50.11303],[8.71037,50.11341]]},"properties":{}},{"type":"Feature","geometry":{"type":"LineString","coordinates":[[8.71013,50.11348],[8.71262,50.11456]]},"properties":{}},{"type":"Feature","geometry":{"type":"LineString","coordinates":[[8.71067,50.10827],[8.71291,50.10988],[8.71463,50.11054]]},"properties":{}},{"type":"Feature","geometry":{"type":"LineString","coordinates":[[8.72152,50.11762],[8.71105,50.11386]]},"properties":{}},{"type":"Feature","geometry":{"type":"LineString","coordinates":[[8.71119,50.11387],[8.71359,50.11495]]},"properties":{}},{"type":"Feature","geometry":{"type":"LineString","coordinates":[[8.72341,50.11842],[8.71173,50.11417]]},"properties":{}},{"type":"Feature","geometry":{"type":"LineString","coordinates":[[8.71177,50.11441],[8.71281,50.11472]]},"properties":{}},{"type":"Feature","geometry":{"type":"LineString","coordinates":[[8.7118,50.11405],[8.71602,50.11528],[8.7258,50.11894],[8.72899,50.11961]]},"properties":{}},{"type":"Feature","geometry":{"type":"LineString","coordinates":[[8.7118,50.11405],[8.71841,50.11646]]},"properties":{}},{"type":"Feature","geometry":{"type":"LineString","coordinates":[[8.71262,50.11456],[8.72529,50.11914]]},"properties":{}},{"type":"Feature","geometry":{"type":"LineString","coordinates":[[8.71284,50.10998],[8.71372,50.11035]]},"properties":{}},{"type":"Feature","geometry":{"type":"LineString","coordinates":[[8.71351,50.11022],[8.71653,50.11127]]},"properties":{}},{"type":"Feature","geometry":{"type":"LineString","coordinates":[[8.73094,50.11732],[8.73022,50.11559],[8.72953,50.11476],[8.72865,50.11421],[8.71373,50.10936]]},"properties":{}},{"type":"Feature","geometry":{"type":"LineString","coordinates":[[8.71431,50.11049],[8.71532,50.11082]]},"properties":{}},{"type":"Feature","geometry":{"type":"LineString","coordinates":[[8.71457,50.10969],[8.71781,50.11072]]},"properties":{}},{"type":"Feature","geometry":{"type":"LineString","coordinates":[[8.71466,50.10794],[8.71783,50.10849],[8.72251,50.11]]},"properties":{}},{"type":"Feature","geometry":{"type":"LineString","coordinates":[[8.73125,50.11546],[8.73014,50.11364],[8.72911,50.11296],[8.71761,50.10916],[8.71477,50.10861]]},"properties":{}},{"type":"Feature","geometry":{"type":"LineString","coordinates":[[8.71477,50.10857],[8.71804,50.10925],[8.72888,50.11283],[8.72989,50.11334]]},"properties":{}},{"type":"Feature","geometry":{"type":"LineString","coordinates":[[8.71922,50.11004],[8.71514,50.10899]]},"properties":{}},{"type":"Feature","geometry":{"type":"LineString","coordinates":[[8.71529,50.1086],[8.71952,50.10971]]},"properties":{}},{"type":"Feature","geometry":{"type":"LineString","coordinates":[[8.73124,50.1182],[8.73136,50.1166],[8.73115,50.11447],[8.73068,50.11353],[8.72951,50.11236],[8.71864,50.10877],[8.71536,50.10806]]},"properties":{}},{"type":"Feature","geometry":{"type":"LineString","coordinates":[[8.71542,50.11085],[8.71656,50.11123]]},"properties":{}},{"type":"Feature","geometry":{"type":"LineString","coordinates":[[8.71557,50.11089],[8.71575,50.11097]]},"properties":{}},{"type":"Feature","geometry":{"type":"LineString","coordinates":[[8.72895,50.11944],[8.7192,50.11595],[8.71618,50.11534]]},"properties":{}},{"type":"Feature","geometry":{"type":"LineString","coordinates":[[8.71698,50.10834],[8.71634,50.10816]]},"properties":{}},{"type":"Feature","geometry":{"type":"LineString","coordinates":[[8.71661,50.11027],[8.72174,50.11197]]},"properties":{}},{"type":"Feature","geometry":{"type":"LineString","coordinates":[[8.71678,50.11556],[8.72541,50.11865],[8.72747,50.11914]]},"properties":{}},{"type":"Feature","geometry":{"type":"LineString","coordinates":[[8.71746,50.11061],[8.71701,50.11041]]},"properties":{}},{"type":"Feature","geometry":{"type":"LineString","coordinates":[[8.72064,50.11165],[8.71731,50.1106]]},"properties":{}},{"type":"Feature","geometry":{"type":"LineString","coordinates":[[8.72808,50.11937],[8.7256,50.11877],[8.71732,50.11581]]},"properties":{}},{"type":"Feature","geometry":{"type":"LineString","coordinates":[[8.71766,50.11597],[8.72582,50.11889],[8.72848,50.11948]]},"properties":{}},{"type":"Feature","geometry":{"type":"LineString","coordinates":[[8.71831,50.11582],[8.71796,50.11574]]},"properties":{}},{"type":"Feature","geometry":{"type":"LineString","coordinates":[[8.71801,50.11614],[8.72582,50.11898],[8.73118,50.12026]]},"properties":{}},{"type":"Feature","geometry":{"type":"LineString","coordinates":[[8.72747,50.11914],[8.71819,50.1159]]},"properties":{}},{"type":"Feature","geometry":{"type":"LineString","coordinates":[[8.7287,50.11951],[8.71831,50.11582]]},"properties":{}},{"type":"Feature","geometry":{"type":"LineString","coordinates":[[8.7287,50.11951],[8.71831,50.11582]]},"properties":{}},{"type":"Feature","geometry":{"type":"LineString","coordinates":[[8.71836,50.11579],[8.72895,50.11944]]},"properties":{}},{"type":"Feature","geometry":{"type":"LineString","coordinates":[[8.7316,50.12041],[8.72575,50.11904],[8.71841,50.11646]]},"properties":{}},{"type":"Feature","geometry":{"type":"LineString","coordinates":[[8.71887,50.11608],[8.72294,50.1176]]},"properties":{}},{"type":"Feature","geometry":{"type":"LineString","coordinates":[[8.71935,50.11118],[8.71993,50.11142]]},"properties":{}},{"type":"Feature","geometry":{"type":"LineString","coordinates":[[8.72081,50.11731],[8.72211,50.11787]]},"properties":{}},{"type":"Feature","geometry":{"type":"LineString","coordinates":[[8.72096,50.11021],[8.72169,50.1105]]},"properties":{}},{"type":"Feature","geometry":{"type":"LineString","coordinates":[[8.72181,50.11054],[8.72904,50.11298],[8.72996,50.11352]]},"properties":{}},{"type":"Feature","geometry":{"type":"LineString","coordinates":[[8.72229,50.11786],[8.72191,50.11776]]},"properties":{}},{"type":"Feature","geometry":{"type":"LineString","coordinates":[[8.72352,50.11831],[8.72191,50.11774]]},"properties":{}},{"type":"Feature","geometry":{"type":"LineString","coordinates":[[8.72314,50.11803],[8.7226,50.1178]]},"properties":{}},{"type":"Feature","geometry":{"type":"LineString","coordinates":[[8.72379,50.1186],[8.72321,50.11845]]},"properties":{}},{"type":"Feature","geometry":{"type":"LineString","coordinates":[[8.91188,50.13011],[8.89464,50.1402],[8.89168,50.14171],[8.88654,50.14333],[8.88142,50.14404],[8.87577,50.14401],[8.78824,50.14023],[8.78232,50.13951],[8.77643,50.13804],[8.75861,50.13112],[8.72321,50.11845]]},"properties":{}},{"type":"Feature","geometry":{"type":"LineString","coordinates":[[8.72323,50.1124],[8.72461,50.11314]]},"properties":{}},{"type":"Feature","geometry":{"type":"LineString","coordinates":[[8.72592,50.11356],[8.72371,50.11283]]},"properties":{}},{"type":"Feature","geometry":{"type":"LineString","coordinates":[[8.72379,50.1186],[8.72508,50.11894]]},"properties":{}},{"type":"Feature","geometry":{"type":"LineString","coordinates":[[8.72379,50.1186],[8.75863,50.13109],[8.77677,50.13811],[8.78313,50.13962],[8.78826,50.14019],[8.87585,50.14398],[8.88143,50.14401],[8.88711,50.14316],[8.89213,50.14145],[8.90987,50.13128]]},"properties":{}},{"type":"Feature","geometry":{"type":"LineString","coordinates":[[8.72453,50.11144],[8.72521,50.11161]]},"properties":{}},{"type":"Feature","geometry":{"type":"LineString","coordinates":[[8.72532,50.11426],[8.72813,50.11515]]},"properties":{}},{"type":"Feature","geometry":{"type":"LineString","coordinates":[[8.72566,50.11928],[8.72649,50.11962]]},"properties":{}},{"type":"Feature","geometry":{"type":"LineString","coordinates":[[8.72638,50.11124],[8.7291,50.11218],[8.73025,50.11303]]},"properties":{}},{"type":"Feature","geometry":{"type":"LineString","coordinates":[[8.73512,50.12251],[8.72642,50.11939]]},"properties":{}},{"type":"Feature","geometry":{"type":"LineString","coordinates":[[8.73518,50.12244],[8.72665,50.11933]]},"properties":{}},{"type":"Feature","geometry":{"type":"LineString","coordinates":[[8.73456,50.12225],[8.72666,50.11942]]},"properties":{}},{"type":"Feature","geometry":{"type":"LineString","coordinates":[[8.73583,50.12283],[8.7271,50.11952]]},"properties":{}},{"type":"Feature","geometry":{"type":"LineString","coordinates":[[8.73518,50.12244],[8.72713,50.11949]]},"properties":{}},{"type":"Feature","geometry":{"type":"LineString","coordinates":[[8.73028,50.11989],[8.72715,50.11836]]},"properties":{}},{"type":"Feature","geometry":{"type":"LineString","coordinates":[[8.72746,50.11245],[8.7281,50.11262]]},"properties":{}},{"type":"Feature","geometry":{"type":"LineString","coordinates":[[8.72834,50.11938],[8.72747,50.11914]]},"properties":{}},{"type":"Feature","geometry":{"type":"LineString","coordinates":[[8.73526,50.12228],[8.72758,50.11952]]},"properties":{}},{"type":"Feature","geometry":{"type":"LineString","coordinates":[[8.73389,50.12178],[8.7276,50.11949]]},"properties":{}},{"type":"Feature","geometry":{"type":"LineString","coordinates":[[8.72783,50.12],[8.74806,50.12722]]},"properties":{}},{"type":"Feature","geometry":{"type":"LineString","coordinates":[[8.73592,50.12287],[8.72786,50.11995]]},"properties":{}},{"type":"Feature","geometry":{"type":"LineString","coordinates":[[8.72792,50.11955],[8.73489,50.12221]]},"properties":{}},{"type":"Feature","geometry":{"type":"LineString","coordinates":[[8.73287,50.12127],[8.7281,50.11957]]},"properties":{}},{"type":"Feature","geometry":{"type":"LineString","coordinates":[[8.72813,50.11258],[8.72867,50.11281]]},"properties":{}},{"type":"Feature","geometry":{"type":"LineString","coordinates":[[8.72834,50.11962],[8.73287,50.12127]]},"properties":{}},{"type":"Feature","geometry":{"type":"LineString","coordinates":[[8.72864,50.11924],[8.73028,50.11989]]},"properties":{}},{"type":"Feature","geometry":{"type":"LineString","coordinates":[[8.72997,50.11996],[8.7287,50.11951]]},"properties":{}},{"type":"Feature","geometry":{"type":"LineString","coordinates":[[8.73373,50.12148],[8.7326,50.12078],[8.72895,50.11944]]},"properties":{}},{"type":"Feature","geometry":{"type":"LineString","coordinates":[[8.72938,50.11992],[8.73388,50.12173]]},"properties":{}},{"type":"Feature","geometry":{"type":"LineString","coordinates":[[8.73078,50.11685],[8.73025,50.11594],[8.72938,50.11542]]},"properties":{}},{"type":"Feature","geometry":{"type":"LineString","coordinates":[[8.72943,50.11989],[8.7333,50.12141]]},"properties":{}},{"type":"Feature","geometry":{"type":"LineString","coordinates":[[8.73064,50.1166],[8.72943,50.11554]]},"properties":{}},{"type":"Feature","geometry":{"type":"LineString","coordinates":[[8.73015,50.11566],[8.73035,50.11608]]},"properties":{}},{"type":"Feature","geometry":{"type":"LineString","coordinates":[[8.73016,50.12008],[8.73242,50.12089],[8.73449,50.12197]]},"properties":{}},{"type":"Feature","geometry":{"type":"LineString","coordinates":[[8.73028,50.11989],[8.73078,50.12011]]},"properties":{}},{"type":"Feature","geometry":{"type":"LineString","coordinates":[[8.73036,49.99483],[8.73473,49.99306]]},"properties":{}},{"type":"Feature","geometry":{"type":"LineString","coordinates":[[8.73473,49.99306],[8.73036,49.99483]]},"properties":{}},{"type":"Feature","geometry":{"type":"LineString","coordinates":[[8.73419,50.1218],[8.73091,50.12028]]},"properties":{}},{"type":"Feature","geometry":{"type":"LineString","coordinates":[[8.73345,50.12128],[8.73097,50.12023]]},"properties":{}},{"type":"Feature","geometry":{"type":"LineString","coordinates":[[8.73097,50.1179],[8.73117,50.11833]]},"properties":{}},{"type":"Feature","geometry":{"type":"LineString","coordinates":[[8.73637,50.12283],[8.73211,50.12017],[8.7315,50.11936],[8.73103,50.11788]]},"properties":{}},{"type":"Feature","geometry":{"type":"LineString","coordinates":[[8.73373,50.12148],[8.73141,50.12041]]},"properties":{}},{"type":"Feature","geometry":{"type":"LineString","coordinates":[[8.75021,50.12762],[8.74717,50.12616],[8.73488,50.1219],[8.73264,50.12055]]},"properties":{}},{"type":"Feature","geometry":{"type":"LineString","coordinates":[[8.73264,50.12055],[8.73302,50.12086]]},"properties":{}},{"type":"Feature","geometry":{"type":"LineString","coordinates":[[8.73287,50.12127],[8.73334,50.12148]]},"properties":{}},{"type":"Feature","geometry":{"type":"LineString","coordinates":[[8.73364,50.12124],[8.73475,50.12205]]},"properties":{}},{"type":"Feature","geometry":{"type":"LineString","coordinates":[[8.73475,50.12205],[8.73373,50.12148]]},"properties":{}},{"type":"Feature","geometry":{"type":"LineString","coordinates":[[8.73419,50.1218],[8.73373,50.12148]]},"properties":{}},{"type":"Feature","geometry":{"type":"LineString","coordinates":[[8.7346,50.12178],[8.73404,50.1215]]},"properties":{}},{"type":"Feature","geometry":{"type":"LineString","coordinates":[[8.73419,50.1218],[8.73688,50.12325]]},"properties":{}},{"type":"Feature","geometry":{"type":"LineString","coordinates":[[8.73473,49.99306],[8.73618,49.99185],[8.73722,49.98934],[8.73816,49.98822],[8.74583,49.983],[8.74766,49.98227],[8.76452,49.97868],[8.77204,49.9776],[8.77453,49.97745],[8.78303,49.97826],[8.78608,49.97824],[8.7912,49.9775],[8.79627,49.97584]]},"properties":{}},{"type":"Feature","geometry":{"type":"LineString","coordinates":[[8.75706,50.13035],[8.737,50.12317],[8.73475,50.12205]]},"properties":{}},{"type":"Feature","geometry":{"type":"LineString","coordinates":[[8.73498,50.12225],[8.73559,50.12269]]},"properties":{}},{"type":"Feature","geometry":{"type":"LineString","coordinates":[[8.74234,50.12472],[8.73515,50.12199]]},"properties":{}},{"type":"Feature","geometry":{"type":"LineString","coordinates":[[8.73518,50.12244],[8.73559,50.12269]]},"properties":{}},{"type":"Feature","geometry":{"type":"LineString","coordinates":[[8.7363,50.12309],[8.73536,50.1228]]},"properties":{}},{"type":"Feature","geometry":{"type":"LineString","coordinates":[[8.73559,50.12269],[8.73592,50.12287]]},"properties":{}},{"type":"Feature","geometry":{"type":"LineString","coordinates":[[8.7423,50.12503],[8.73581,50.12258]]},"properties":{}},{"type":"Feature","geometry":{"type":"LineString","coordinates":[[8.73693,50.12331],[8.73592,50.12287]]},"properties":{}},{"type":"Feature","geometry":{"type":"LineString","coordinates":[[8.73607,50.12243],[8.74237,50.1247]]},"properties":{}},{"type":"Feature","geometry":{"type":"LineString","coordinates":[[8.74232,50.12475],[8.73686,50.12276]]},"properties":{}},{"type":"Feature","geometry":{"type":"LineString","coordinates":[[8.73705,50.12336],[8.73777,50.12366]]},"properties":{}},{"type":"Feature","geometry":{"type":"LineString","coordinates":[[8.73711,50.18308],[8.73734,50.18376]]},"properties":{}},{"type":"Feature","geometry":{"type":"LineString","coordinates":[[8.73716,50.18362],[8.73751,50.18429]]},"properties":{}},{"type":"Feature","geometry":{"type":"LineString","coordinates":[[8.73734,49.92064],[8.73834,49.92073]]},"properties":{}},{"type":"Feature","geometry":{"type":"LineString","coordinates":[[8.73747,50.18406],[8.73777,50.18491]]},"properties":{}},{"type":"Feature","geometry":{"type":"LineString","coordinates":[[8.73777,50.18491],[8.73792,50.18526]]},"properties":{}},{"type":"Feature","geometry":{"type":"LineString","coordinates":[[8.73779,50.12362],[8.73879,50.12393]]},"properties":{}},{"type":"Feature","geometry":{"type":"LineString","coordinates":[[8.74162,50.19335],[8.7379,50.18537]]},"properties":{}},{"type":"Feature","geometry":{"type":"LineString","coordinates":[[8.74162,50.19335],[8.73982,50.18987],[8.7379,50.18537]]},"properties":{}},{"type":"Feature","geometry":{"type":"LineString","coordinates":[[8.73792,50.18526],[8.73895,50.18693],[8.74162,50.1929]]},"properties":{}},{"type":"Feature","geometry":{"type":"LineString","coordinates":[[8.73792,50.18526],[8.7381,50.18566]]},"properties":{}},{"type":"Feature","geometry":{"type":"LineString","coordinates":[[8.7381,50.12378],[8.73884,50.1241]]},"properties":{}},{"type":"Feature","geometry":{"type":"LineString","coordinates":[[8.7381,50.18566],[8.7389,50.18698],[8.74134,50.19236]]},"properties":{}},{"type":"Feature","geometry":{"type":"LineString","coordinates":[[8.7381,50.18566],[8.74049,50.19088]]},"properties":{}},{"type":"Feature","geometry":{"type":"LineString","coordinates":[[8.73822,50.18566],[8.7386,50.18614]]},"properties":{}},{"type":"Feature","geometry":{"type":"LineString","coordinates":[[8.73961,50.11499],[8.74015,50.11562],[8.74204,50.1197],[8.74519,50.12332],[8.74744,50.12445],[8.7484,50.12552],[8.74818,50.1246],[8.74844,50.12389],[8.7491,50.12327],[8.7507,50.12262]]},"properties":{}},{"type":"Feature","geometry":{"type":"LineString","coordinates":[[8.74371,49.8321],[8.73963,49.83247]]},"properties":{}},{"type":"Feature","geometry":{"type":"LineString","coordinates":[[8.7402,49.83233],[8.73976,49.83237]]},"properties":{}},{"type":"Feature","geometry":{"type":"LineString","coordinates":[[8.73976,49.83237],[8.74371,49.8321]]},"properties":{}},{"type":"Feature","geometry":{"type":"LineString","coordinates":[[8.73984,50.18854],[8.74158,50.19248]]},"properties":{}},{"type":"Feature","geometry":{"type":"LineString","coordinates":[[8.74109,50.19191],[8.73996,50.18948]]},"properties":{}},{"type":"Feature","geometry":{"type":"LineString","coordinates":[[8.7402,49.83233],[8.74235,49.83204]]},"properties":{}},{"type":"Feature","geometry":{"type":"LineString","coordinates":[[8.74928,49.8315],[8.7402,49.83233]]},"properties":{}},{"type":"Feature","geometry":{"type":"LineString","coordinates":[[8.74031,50.18906],[8.74139,50.19147]]},"properties":{}},{"type":"Feature","geometry":{"type":"LineString","coordinates":[[8.74139,50.19147],[8.74038,50.18905]]},"properties":{}},{"type":"Feature","geometry":{"type":"LineString","coordinates":[[8.74049,50.19088],[8.74109,50.19191]]},"properties":{}},{"type":"Feature","geometry":{"type":"LineString","coordinates":[[8.74049,50.19088],[8.74216,50.19432]]},"properties":{}},{"type":"Feature","geometry":{"type":"LineString","coordinates":[[8.74052,50.18923],[8.74144,50.19146]]},"properties":{}},{"type":"Feature","geometry":{"type":"LineString","coordinates":[[8.7406,50.12441],[8.74123,50.12469]]},"properties":{}},{"type":"Feature","geometry":{"type":"LineString","coordinates":[[8.74075,50.11686],[8.74093,50.11724]]},"properties":{}},{"type":"Feature","geometry":{"type":"LineString","coordinates":[[8.74144,50.19146],[8.74107,50.19028]]},"properties":{}},{"type":"Feature","geometry":{"type":"LineString","coordinates":[[8.74134,50.19236],[8.74109,50.19191]]},"properties":{}},{"type":"Feature","geometry":{"type":"LineString","coordinates":[[8.74113,50.11553],[8.74398,50.12201]]},"properties":{}},{"type":"Feature","geometry":{"type":"LineString","coordinates":[[8.74175,50.19326],[8.74134,50.19236]]},"properties":{}},{"type":"Feature","geometry":{"type":"LineString","coordinates":[[8.74146,50.19184],[8.74139,50.19147]]},"properties":{}},{"type":"Feature","geometry":{"type":"LineString","coordinates":[[8.74146,50.19184],[8.74144,50.19146]]},"properties":{}},{"type":"Feature","geometry":{"type":"LineString","coordinates":[[8.7415,50.1922],[8.74146,50.19184]]},"properties":{}},{"type":"Feature","geometry":{"type":"LineString","coordinates":[[8.7415,50.1922],[8.74158,50.19248]]},"properties":{}},{"type":"Feature","geometry":{"type":"LineString","coordinates":[[8.74158,50.19248],[8.74211,50.19391]]},"properties":{}},{"type":"Feature","geometry":{"type":"LineString","coordinates":[[8.7421,50.12495],[8.74159,50.12482]]},"properties":{}},{"type":"Feature","geometry":{"type":"LineString","coordinates":[[8.74262,50.19547],[8.74162,50.19335]]},"properties":{}},{"type":"Feature","geometry":{"type":"LineString","coordinates":[[8.74162,50.1929],[8.74175,50.19326]]},"properties":{}},{"type":"Feature","geometry":{"type":"LineString","coordinates":[[8.74181,50.19341],[8.74175,50.19326]]},"properties":{}},{"type":"Feature","geometry":{"type":"LineString","coordinates":[[8.74244,50.19476],[8.74181,50.19341]]},"properties":{}},{"type":"Feature","geometry":{"type":"LineString","coordinates":[[8.74216,50.19432],[8.74181,50.19341]]},"properties":{}},{"type":"Feature","geometry":{"type":"LineString","coordinates":[[8.74329,50.19648],[8.74211,50.19391]]},"properties":{}},{"type":"Feature","geometry":{"type":"LineString","coordinates":[[8.74211,50.19391],[8.74244,50.19476]]},"properties":{}},{"type":"Feature","geometry":{"type":"LineString","coordinates":[[8.74216,50.19432],[8.74231,50.19464]]},"properties":{}},{"type":"Feature","geometry":{"type":"LineString","coordinates":[[8.7423,50.12503],[8.75771,50.13048]]},"properties":{}},{"type":"Feature","geometry":{"type":"LineString","coordinates":[[8.7423,50.12503],[8.75768,50.13052]]},"properties":{}},{"type":"Feature","geometry":{"type":"LineString","coordinates":[[8.74231,50.19464],[8.74296,50.19608]]},"properties":{}},{"type":"Feature","geometry":{"type":"LineString","coordinates":[[8.74262,50.19547],[8.74231,50.19464]]},"properties":{}},{"type":"Feature","geometry":{"type":"LineString","coordinates":[[8.74257,50.19504],[8.74244,50.19476]]},"properties":{}},{"type":"Feature","geometry":{"type":"LineString","coordinates":[[8.74945,50.12725],[8.7474,50.12621],[8.74257,50.12455]]},"properties":{}},{"type":"Feature","geometry":{"type":"LineString","coordinates":[[8.74257,50.19504],[8.74348,50.19699],[8.74421,50.19775],[8.74585,50.19848],[8.7476,50.19864],[8.76006,50.19786],[8.76159,50.19715],[8.76575,50.1938],[8.76701,50.19308],[8.77696,50.19135],[8.77928,50.19121],[8.78256,50.19142],[8.78994,50.19335],[8.79184,50.19361],[8.79477,50.19335],[8.7989,50.19181],[8.80072,50.19151],[8.80291,50.19168],[8.80649,50.19265]]},"properties":{}},{"type":"Feature","geometry":{"type":"LineString","coordinates":[[8.74257,50.19504],[8.74296,50.19608]]},"properties":{}},{"type":"Feature","geometry":{"type":"LineString","coordinates":[[8.75435,50.22545],[8.75559,50.2159],[8.75554,50.21433],[8.75512,50.21285],[8.75375,50.21064],[8.74511,50.2006],[8.74262,50.19547]]},"properties":{}},{"type":"Feature","geometry":{"type":"LineString","coordinates":[[8.74558,50.12562],[8.74286,50.12518]]},"properties":{}},{"type":"Feature","geometry":{"type":"LineString","coordinates":[[8.74296,50.19608],[8.74517,50.20058],[8.75404,50.21089],[8.75518,50.21285],[8.75559,50.21433],[8.75566,50.2159],[8.75444,50.22549]]},"properties":{}},{"type":"Feature","geometry":{"type":"LineString","coordinates":[[8.7431,50.10556],[8.74447,50.10561]]},"properties":{}},{"type":"Feature","geometry":{"type":"LineString","coordinates":[[8.78611,50.10291],[8.77668,50.10223],[8.76689,50.10523],[8.75957,50.10662],[8.7431,50.10556]]},"properties":{}},{"type":"Feature","geometry":{"type":"LineString","coordinates":[[8.74313,50.12478],[8.7439,50.12513]]},"properties":{}},{"type":"Feature","geometry":{"type":"LineString","coordinates":[[8.74455,50.12271],[8.74331,50.12049]]},"properties":{}},{"type":"Feature","geometry":{"type":"LineString","coordinates":[[8.74342,50.12538],[8.75074,50.12799]]},"properties":{}},{"type":"Feature","geometry":{"type":"LineString","coordinates":[[8.74366,50.12544],[8.74489,50.12568],[8.74951,50.12734]]},"properties":{}},{"type":"Feature","geometry":{"type":"LineString","coordinates":[[8.74371,49.8321],[8.74928,49.8315]]},"properties":{}},{"type":"Feature","geometry":{"type":"LineString","coordinates":[[8.74438,50.12627],[8.74388,50.12604]]},"properties":{}},{"type":"Feature","geometry":{"type":"LineString","coordinates":[[8.74403,50.12553],[8.74963,50.12751]]},"properties":{}},{"type":"Feature","geometry":{"type":"LineString","coordinates":[[8.74445,50.12563],[8.74993,50.12754]]},"properties":{}},{"type":"Feature","geometry":{"type":"LineString","coordinates":[[8.74447,50.10561],[8.75957,50.10655],[8.76753,50.105],[8.77618,50.10227],[8.77794,50.10214],[8.7817,50.1025]]},"properties":{}},{"type":"Feature","geometry":{"type":"LineString","coordinates":[[8.7446,50.10562],[8.74595,50.10576]]},"properties":{}},{"type":"Feature","geometry":{"type":"LineString","coordinates":[[8.7447,50.12526],[8.746,50.12563]]},"properties":{}},{"type":"Feature","geometry":{"type":"LineString","coordinates":[[8.74472,50.12521],[8.74729,50.1261]]},"properties":{}},{"type":"Feature","geometry":{"type":"LineString","coordinates":[[8.74482,50.12514],[8.74608,50.12556]]},"properties":{}},{"type":"Feature","geometry":{"type":"LineString","coordinates":[[8.74688,50.12594],[8.74485,50.1251]]},"properties":{}},{"type":"Feature","geometry":{"type":"LineString","coordinates":[[8.74729,50.1261],[8.74488,50.12506]]},"properties":{}},{"type":"Feature","geometry":{"type":"LineString","coordinates":[[8.74494,50.12565],[8.74914,50.12716]]},"properties":{}},{"type":"Feature","geometry":{"type":"LineString","coordinates":[[8.74497,50.12562],[8.74882,50.127]]},"properties":{}},{"type":"Feature","geometry":{"type":"LineString","coordinates":[[8.745,50.12558],[8.74882,50.127]]},"properties":{}},{"type":"Feature","geometry":{"type":"LineString","coordinates":[[8.74502,50.12525],[8.74626,50.12572]]},"properties":{}},{"type":"Feature","geometry":{"type":"LineString","coordinates":[[8.74513,50.11872],[8.74615,50.12049]]},"properties":{}},{"type":"Feature","geometry":{"type":"LineString","coordinates":[[8.7508,50.1279],[8.74966,50.12726],[8.74892,50.12645],[8.74559,50.11921]]},"properties":{}},{"type":"Feature","geometry":{"type":"LineString","coordinates":[[8.74821,50.12439],[8.74838,50.12307],[8.7456,50.11672]]},"properties":{}},{"type":"Feature","geometry":{"type":"LineString","coordinates":[[8.74622,50.11812],[8.74679,50.11928]]},"properties":{}},{"type":"Feature","geometry":{"type":"LineString","coordinates":[[8.74628,50.12585],[8.74691,50.12603]]},"properties":{}},{"type":"Feature","geometry":{"type":"LineString","coordinates":[[8.74717,50.0997],[8.74846,50.09922]]},"properties":{}},{"type":"Feature","geometry":{"type":"LineString","coordinates":[[8.74729,50.1261],[8.74824,50.12661]]},"properties":{}},{"type":"Feature","geometry":{"type":"LineString","coordinates":[[8.74731,50.12603],[8.74989,50.12746]]},"properties":{}},{"type":"Feature","geometry":{"type":"LineString","coordinates":[[8.74793,50.12201],[8.74748,50.12082]]},"properties":{}},{"type":"Feature","geometry":{"type":"LineString","coordinates":[[8.74806,50.12722],[8.75318,50.12905]]},"properties":{}},{"type":"Feature","geometry":{"type":"LineString","coordinates":[[8.74806,50.12722],[8.74901,50.12762]]},"properties":{}},{"type":"Feature","geometry":{"type":"LineString","coordinates":[[8.74829,50.12406],[8.74838,50.12286]]},"properties":{}},{"type":"Feature","geometry":{"type":"LineString","coordinates":[[8.74969,50.12308],[8.7486,50.12369]]},"properties":{}},{"type":"Feature","geometry":{"type":"LineString","coordinates":[[8.74882,50.127],[8.74951,50.12734]]},"properties":{}},{"type":"Feature","geometry":{"type":"LineString","coordinates":[[8.74928,49.8315],[8.76347,49.83106],[8.76577,49.83075],[8.76827,49.82954],[8.77077,49.82641],[8.77181,49.82557],[8.77358,49.82481],[8.77589,49.82446],[8.78003,49.82481],[8.78301,49.82533],[8.79857,49.83084],[8.80162,49.83151],[8.80394,49.83143],[8.80589,49.83092],[8.81046,49.82859],[8.81244,49.82782],[8.82091,49.82609],[8.82429,49.82602],[8.82674,49.82639],[8.83222,49.82835]]},"properties":{}},{"type":"Feature","geometry":{"type":"LineString","coordinates":[[8.74951,50.12734],[8.7508,50.1279]]},"properties":{}},{"type":"Feature","geometry":{"type":"LineString","coordinates":[[8.74969,50.12308],[8.75504,50.12117]]},"properties":{}},{"type":"Feature","geometry":{"type":"LineString","coordinates":[[8.74969,50.12308],[8.75104,50.12293],[8.75208,50.12313],[8.75629,50.12596],[8.75993,50.12716],[8.76159,50.12745],[8.76183,50.12778],[8.76143,50.12933],[8.76155,50.12968],[8.76625,50.1313],[8.76645,50.13149],[8.76646,50.1323]]},"properties":{}},{"type":"Feature","geometry":{"type":"LineString","coordinates":[[8.74974,50.12768],[8.75034,50.12784]]},"properties":{}},{"type":"Feature","geometry":{"type":"LineString","coordinates":[[8.75028,50.12787],[8.74975,50.12773]]},"properties":{}},{"type":"Feature","geometry":{"type":"LineString","coordinates":[[8.75078,50.12829],[8.74978,50.12789]]},"properties":{}},{"type":"Feature","geometry":{"type":"LineString","coordinates":[[8.75005,50.12296],[8.75124,50.12226],[8.75161,50.12131],[8.75016,50.11783]]},"properties":{}},{"type":"Feature","geometry":{"type":"LineString","coordinates":[[8.75102,50.11977],[8.75009,50.11784]]},"properties":{}},{"type":"Feature","geometry":{"type":"LineString","coordinates":[[8.75089,50.11985],[8.75052,50.11865]]},"properties":{}},{"type":"Feature","geometry":{"type":"LineString","coordinates":[[8.75055,49.92227],[8.75184,49.92249]]},"properties":{}},{"type":"Feature","geometry":{"type":"LineString","coordinates":[[8.75073,50.12274],[8.75225,50.12194],[8.75262,50.12135],[8.75263,50.12077]]},"properties":{}},{"type":"Feature","geometry":{"type":"LineString","coordinates":[[8.75774,50.13044],[8.7508,50.1279]]},"properties":{}},{"type":"Feature","geometry":{"type":"LineString","coordinates":[[8.75125,50.12812],[8.75169,50.12833]]},"properties":{}},{"type":"Feature","geometry":{"type":"LineString","coordinates":[[8.75823,50.33724],[8.75743,50.33891],[8.75745,50.34037],[8.75786,50.34136],[8.7604,50.34525],[8.76062,50.34647],[8.76047,50.34772],[8.75972,50.34929],[8.75129,50.36136]]},"properties":{}},{"type":"Feature","geometry":{"type":"LineString","coordinates":[[8.7527,50.1208],[8.75244,50.12178],[8.75135,50.12253]]},"properties":{}},{"type":"Feature","geometry":{"type":"LineString","coordinates":[[8.75161,50.12826],[8.75656,50.12983]]},"properties":{}},{"type":"Feature","geometry":{"type":"LineString","coordinates":[[8.75199,50.12844],[8.75249,50.12867]]},"properties":{}},{"type":"Feature","geometry":{"type":"LineString","coordinates":[[8.75206,50.12229],[8.75517,50.12131]]},"properties":{}},{"type":"Feature","geometry":{"type":"LineString","coordinates":[[8.75229,50.35981],[8.75966,50.3493],[8.76042,50.34771],[8.76054,50.34607],[8.76018,50.34486],[8.75779,50.34135],[8.75739,50.34038],[8.75739,50.33883],[8.75819,50.33721]]},"properties":{}},{"type":"Feature","geometry":{"type":"LineString","coordinates":[[8.76262,50.11684],[8.75597,50.1209],[8.75244,50.12217]]},"properties":{}},{"type":"Feature","geometry":{"type":"LineString","coordinates":[[8.75289,50.1288],[8.75334,50.12902]]},"properties":{}},{"type":"Feature","geometry":{"type":"LineString","coordinates":[[8.75329,50.23332],[8.75347,50.23252]]},"properties":{}},{"type":"Feature","geometry":{"type":"LineString","coordinates":[[8.75347,50.23252],[8.75344,50.23329]]},"properties":{}},{"type":"Feature","geometry":{"type":"LineString","coordinates":[[8.75427,50.22626],[8.75347,50.23252]]},"properties":{}},{"type":"Feature","geometry":{"type":"LineString","coordinates":[[8.75427,50.22626],[8.75435,50.22545]]},"properties":{}},{"type":"Feature","geometry":{"type":"LineString","coordinates":[[8.75444,50.22549],[8.75427,50.22626]]},"properties":{}},{"type":"Feature","geometry":{"type":"LineString","coordinates":[[8.76528,50.32736],[8.77072,50.32432],[8.78534,50.30993],[8.78685,50.30787],[8.78789,50.30565],[8.78843,50.30317],[8.7884,50.30109],[8.78798,50.29912],[8.78729,50.29744],[8.78503,50.29423],[8.78331,50.29263],[8.76509,50.27838],[8.76339,50.27648],[8.76231,50.27459],[8.75238,50.25039],[8.75174,50.24819],[8.75176,50.24597],[8.75435,50.22545]]},"properties":{}},{"type":"Feature","geometry":{"type":"LineString","coordinates":[[8.75444,50.22549],[8.75174,50.24667],[8.7518,50.24819],[8.7523,50.25001],[8.76237,50.27458],[8.76375,50.27688],[8.76519,50.2784],[8.78335,50.2926],[8.78508,50.29421],[8.78663,50.2962],[8.7876,50.29796],[8.7885,50.30144],[8.7884,50.30388],[8.78795,50.30565],[8.78712,50.30752],[8.78538,50.30996],[8.77108,50.32406],[8.76969,50.32509],[8.76581,50.32707],[8.76441,50.32813]]},"properties":{}},{"type":"Feature","geometry":{"type":"LineString","coordinates":[[8.75564,50.12105],[8.76254,50.11678]]},"properties":{}},{"type":"Feature","geometry":{"type":"LineString","coordinates":[[8.76172,50.12978],[8.75582,50.12753]]},"properties":{}},{"type":"Feature","geometry":{"type":"LineString","coordinates":[[8.75653,50.13016],[8.75587,50.12988]]},"properties":{}},{"type":"Feature","geometry":{"type":"LineString","coordinates":[[8.75596,50.12086],[8.7588,50.11906]]},"properties":{}},{"type":"Feature","geometry":{"type":"LineString","coordinates":[[8.7653,50.10004],[8.75606,50.09857]]},"properties":{}},{"type":"Feature","geometry":{"type":"LineString","coordinates":[[8.7653,50.10004],[8.75606,50.09857]]},"properties":{}},{"type":"Feature","geometry":{"type":"LineString","coordinates":[[8.75727,50.12815],[8.75614,50.12785]]},"properties":{}},{"type":"Feature","geometry":{"type":"LineString","coordinates":[[8.75622,50.12765],[8.76028,50.12891]]},"properties":{}},{"type":"Feature","geometry":{"type":"LineString","coordinates":[[8.75626,50.09855],[8.75771,50.09868]]},"properties":{}},{"type":"Feature","geometry":{"type":"LineString","coordinates":[[8.75626,50.09855],[8.76666,50.10023]]},"properties":{}},{"type":"Feature","geometry":{"type":"LineString","coordinates":[[8.75647,50.13009],[8.75719,50.1303]]},"properties":{}},{"type":"Feature","geometry":{"type":"LineString","coordinates":[[8.7567,50.12041],[8.75724,50.12013]]},"properties":{}},{"type":"Feature","geometry":{"type":"LineString","coordinates":[[8.76001,50.12706],[8.7567,50.12598]]},"properties":{}},{"type":"Feature","geometry":{"type":"LineString","coordinates":[[8.75673,50.12594],[8.76084,50.12729]]},"properties":{}},{"type":"Feature","geometry":{"type":"LineString","coordinates":[[8.75978,50.12711],[8.75674,50.12612]]},"properties":{}},{"type":"Feature","geometry":{"type":"LineString","coordinates":[[8.75753,50.33929],[8.7579,50.33812],[8.75943,50.33599]]},"properties":{}},{"type":"Feature","geometry":{"type":"LineString","coordinates":[[8.75771,50.09868],[8.76523,50.09989]]},"properties":{}},{"type":"Feature","geometry":{"type":"LineString","coordinates":[[8.75771,50.09868],[8.76523,50.09989]]},"properties":{}},{"type":"Feature","geometry":{"type":"LineString","coordinates":[[8.75772,50.33864],[8.75918,50.33629]]},"properties":{}},{"type":"Feature","geometry":{"type":"LineString","coordinates":[[8.75779,50.33863],[8.75943,50.33599]]},"properties":{}},{"type":"Feature","geometry":{"type":"LineString","coordinates":[[8.75804,50.12637],[8.75847,50.12656]]},"properties":{}},{"type":"Feature","geometry":{"type":"LineString","coordinates":[[8.75819,50.33721],[8.75963,50.33487]]},"properties":{}},{"type":"Feature","geometry":{"type":"LineString","coordinates":[[8.75819,50.33721],[8.75916,50.33603]]},"properties":{}},{"type":"Feature","geometry":{"type":"LineString","coordinates":[[8.75906,50.33597],[8.75823,50.33724]]},"properties":{}},{"type":"Feature","geometry":{"type":"LineString","coordinates":[[8.7594,50.33584],[8.75823,50.33724]]},"properties":{}},{"type":"Feature","geometry":{"type":"LineString","coordinates":[[8.75827,50.12637],[8.75959,50.12688]]},"properties":{}},{"type":"Feature","geometry":{"type":"LineString","coordinates":[[8.75828,50.12681],[8.76117,50.12761]]},"properties":{}},{"type":"Feature","geometry":{"type":"LineString","coordinates":[[8.76084,50.11792],[8.75831,50.11942]]},"properties":{}},{"type":"Feature","geometry":{"type":"LineString","coordinates":[[8.7586,50.11925],[8.75914,50.11897]]},"properties":{}},{"type":"Feature","geometry":{"type":"LineString","coordinates":[[8.75939,50.12694],[8.75871,50.12663]]},"properties":{}},{"type":"Feature","geometry":{"type":"LineString","coordinates":[[8.76029,50.12723],[8.75901,50.12705]]},"properties":{}},{"type":"Feature","geometry":{"type":"LineString","coordinates":[[8.75903,50.33637],[8.75791,50.33791],[8.75747,50.33913],[8.75761,50.34048],[8.7582,50.34151],[8.76293,50.34534],[8.76921,50.34811],[8.77789,50.34959],[8.7824,50.35103],[8.78486,50.35226],[8.78623,50.35266],[8.79343,50.35268],[8.8058,50.35536],[8.80764,50.3552],[8.81058,50.35426],[8.81252,50.35422],[8.8142,50.3547],[8.81626,50.35598]]},"properties":{}},{"type":"Feature","geometry":{"type":"LineString","coordinates":[[8.75903,50.33637],[8.7594,50.33584]]},"properties":{}},{"type":"Feature","geometry":{"type":"LineString","coordinates":[[8.76022,50.33469],[8.75903,50.33637]]},"properties":{}},{"type":"Feature","geometry":{"type":"LineString","coordinates":[[8.76338,50.32926],[8.75906,50.33597]]},"properties":{}},{"type":"Feature","geometry":{"type":"LineString","coordinates":[[8.75906,50.33597],[8.76338,50.32926]]},"properties":{}},{"type":"Feature","geometry":{"type":"LineString","coordinates":[[8.75908,50.12875],[8.76355,50.12919]]},"properties":{}},{"type":"Feature","geometry":{"type":"LineString","coordinates":[[8.76372,50.32899],[8.75916,50.33603]]},"properties":{}},{"type":"Feature","geometry":{"type":"LineString","coordinates":[[8.7596,50.33553],[8.75916,50.33603]]},"properties":{}},{"type":"Feature","geometry":{"type":"LineString","coordinates":[[8.75925,50.33566],[8.75957,50.33498]]},"properties":{}},{"type":"Feature","geometry":{"type":"LineString","coordinates":[[8.7596,50.33553],[8.7594,50.33584]]},"properties":{}},{"type":"Feature","geometry":{"type":"LineString","coordinates":[[8.7594,50.33584],[8.76068,50.33446]]},"properties":{}},{"type":"Feature","geometry":{"type":"LineString","coordinates":[[8.75943,50.33599],[8.76068,50.33446]]},"properties":{}},{"type":"Feature","geometry":{"type":"LineString","coordinates":[[8.76027,50.33451],[8.7596,50.33553]]},"properties":{}},{"type":"Feature","geometry":{"type":"LineString","coordinates":[[8.76133,50.33376],[8.7596,50.33553]]},"properties":{}},{"type":"Feature","geometry":{"type":"LineString","coordinates":[[8.75963,50.33487],[8.76227,50.33043],[8.76333,50.32913]]},"properties":{}},{"type":"Feature","geometry":{"type":"LineString","coordinates":[[8.75963,50.33487],[8.76233,50.33045],[8.76492,50.32763]]},"properties":{}},{"type":"Feature","geometry":{"type":"LineString","coordinates":[[8.75993,50.33504],[8.76022,50.33469]]},"properties":{}},{"type":"Feature","geometry":{"type":"LineString","coordinates":[[8.76178,50.33359],[8.76004,50.33521]]},"properties":{}},{"type":"Feature","geometry":{"type":"LineString","coordinates":[[8.7629,50.33068],[8.76022,50.33469]]},"properties":{}},{"type":"Feature","geometry":{"type":"LineString","coordinates":[[8.76022,50.33469],[8.76138,50.33337],[8.76255,50.3315]]},"properties":{}},{"type":"Feature","geometry":{"type":"LineString","coordinates":[[8.76346,50.32946],[8.76027,50.33451]]},"properties":{}},{"type":"Feature","geometry":{"type":"LineString","coordinates":[[8.76027,50.33451],[8.76307,50.33028]]},"properties":{}},{"type":"Feature","geometry":{"type":"LineString","coordinates":[[8.76068,50.33446],[8.7612,50.33383]]},"properties":{}},{"type":"Feature","geometry":{"type":"LineString","coordinates":[[8.76068,50.33446],[8.76155,50.33364]]},"properties":{}},{"type":"Feature","geometry":{"type":"LineString","coordinates":[[8.76072,50.09896],[8.76477,50.09977]]},"properties":{}},{"type":"Feature","geometry":{"type":"LineString","coordinates":[[8.76082,50.33432],[8.76226,50.33315]]},"properties":{}},{"type":"Feature","geometry":{"type":"LineString","coordinates":[[8.76271,50.32975],[8.76099,50.3322]]},"properties":{}},{"type":"Feature","geometry":{"type":"LineString","coordinates":[[8.7612,50.33383],[8.76416,50.32984],[8.77047,50.32524],[8.77203,50.32362]]},"properties":{}},{"type":"Feature","geometry":{"type":"LineString","coordinates":[[8.7612,50.33383],[8.76402,50.33005],[8.76654,50.32812]]},"properties":{}},{"type":"Feature","geometry":{"type":"LineString","coordinates":[[8.76121,50.12733],[8.76368,50.12722]]},"properties":{}},{"type":"Feature","geometry":{"type":"LineString","coordinates":[[8.76271,50.32975],[8.76131,50.33157]]},"properties":{}},{"type":"Feature","geometry":{"type":"LineString","coordinates":[[8.76132,50.33385],[8.7623,50.33301],[8.76458,50.32995],[8.768,50.32731]]},"properties":{}},{"type":"Feature","geometry":{"type":"LineString","coordinates":[[8.76691,50.32791],[8.76408,50.33007],[8.76133,50.33376]]},"properties":{}},{"type":"Feature","geometry":{"type":"LineString","coordinates":[[8.76716,50.32779],[8.76432,50.32991],[8.76133,50.33376]]},"properties":{}},{"type":"Feature","geometry":{"type":"LineString","coordinates":[[8.76137,50.12735],[8.76325,50.12757]]},"properties":{}},{"type":"Feature","geometry":{"type":"LineString","coordinates":[[8.76155,50.33364],[8.76442,50.32996],[8.76764,50.32757]]},"properties":{}},{"type":"Feature","geometry":{"type":"LineString","coordinates":[[8.76155,50.33364],[8.7641,50.33037],[8.76629,50.32855]]},"properties":{}},{"type":"Feature","geometry":{"type":"LineString","coordinates":[[8.76195,50.12744],[8.76158,50.12912]]},"properties":{}},{"type":"Feature","geometry":{"type":"LineString","coordinates":[[8.76163,50.33307],[8.76242,50.3318]]},"properties":{}},{"type":"Feature","geometry":{"type":"LineString","coordinates":[[8.76166,50.12848],[8.76163,50.1289]]},"properties":{}},{"type":"Feature","geometry":{"type":"LineString","coordinates":[[8.76304,50.32956],[8.76177,50.33151]]},"properties":{}},{"type":"Feature","geometry":{"type":"LineString","coordinates":[[8.76201,50.1272],[8.76181,50.12795]]},"properties":{}},{"type":"Feature","geometry":{"type":"LineString","coordinates":[[8.76316,50.12914],[8.76191,50.129]]},"properties":{}},{"type":"Feature","geometry":{"type":"LineString","coordinates":[[8.76191,50.33273],[8.76382,50.33005]]},"properties":{}},{"type":"Feature","geometry":{"type":"LineString","coordinates":[[8.76192,50.3315],[8.76331,50.32954]]},"properties":{}},{"type":"Feature","geometry":{"type":"LineString","coordinates":[[8.76199,50.1299],[8.76294,50.13012],[8.76362,50.12994],[8.76456,50.12877],[8.76487,50.12797],[8.7643,50.12743],[8.76201,50.12734]]},"properties":{}},{"type":"Feature","geometry":{"type":"LineString","coordinates":[[8.76214,50.33249],[8.76411,50.32982]]},"properties":{}},{"type":"Feature","geometry":{"type":"LineString","coordinates":[[8.76226,50.33315],[8.76245,50.33294]]},"properties":{}},{"type":"Feature","geometry":{"type":"LineString","coordinates":[[8.76226,50.33315],[8.76257,50.33285]]},"properties":{}},{"type":"Feature","geometry":{"type":"LineString","coordinates":[[8.76229,50.13002],[8.76523,50.13065],[8.7659,50.13114]]},"properties":{}},{"type":"Feature","geometry":{"type":"LineString","coordinates":[[8.76319,50.32999],[8.76231,50.33138]]},"properties":{}},{"type":"Feature","geometry":{"type":"LineString","coordinates":[[8.76242,50.3318],[8.76255,50.3315]]},"properties":{}},{"type":"Feature","geometry":{"type":"LineString","coordinates":[[8.76242,50.3318],[8.76382,50.33005]]},"properties":{}},{"type":"Feature","geometry":{"type":"LineString","coordinates":[[8.76245,50.33294],[8.76451,50.33013],[8.76888,50.32685]]},"properties":{}},{"type":"Feature","geometry":{"type":"LineString","coordinates":[[8.76245,50.33294],[8.76472,50.33002],[8.76959,50.3264]]},"properties":{}},{"type":"Feature","geometry":{"type":"LineString","coordinates":[[8.76255,50.3315],[8.7629,50.33068]]},"properties":{}},{"type":"Feature","geometry":{"type":"LineString","coordinates":[[8.76255,50.3315],[8.7641,50.32955]]},"properties":{}},{"type":"Feature","geometry":{"type":"LineString","coordinates":[[8.76257,50.33285],[8.76469,50.33011],[8.76963,50.32643]]},"properties":{}},{"type":"Feature","geometry":{"type":"LineString","coordinates":[[8.76257,50.33285],[8.76487,50.33001],[8.7697,50.32644]]},"properties":{}},{"type":"Feature","geometry":{"type":"LineString","coordinates":[[8.76333,50.32913],[8.76271,50.32975]]},"properties":{}},{"type":"Feature","geometry":{"type":"LineString","coordinates":[[8.76276,50.33103],[8.76405,50.32953]]},"properties":{}},{"type":"Feature","geometry":{"type":"LineString","coordinates":[[8.7629,50.33068],[8.76307,50.33028]]},"properties":{}},{"type":"Feature","geometry":{"type":"LineString","coordinates":[[8.76604,50.32728],[8.76456,50.32833],[8.7629,50.33068]]},"properties":{}},{"type":"Feature","geometry":{"type":"LineString","coordinates":[[8.76306,50.27587],[8.76339,50.27648]]},"properties":{}},{"type":"Feature","geometry":{"type":"LineString","coordinates":[[8.76307,50.33028],[8.76346,50.32946]]},"properties":{}},{"type":"Feature","geometry":{"type":"LineString","coordinates":[[8.76307,50.33028],[8.76369,50.32929]]},"properties":{}},{"type":"Feature","geometry":{"type":"LineString","coordinates":[[8.76333,50.32913],[8.76351,50.3289]]},"properties":{}},{"type":"Feature","geometry":{"type":"LineString","coordinates":[[8.76433,50.32821],[8.76338,50.32926]]},"properties":{}},{"type":"Feature","geometry":{"type":"LineString","coordinates":[[8.76346,50.32946],[8.76372,50.32899]]},"properties":{}},{"type":"Feature","geometry":{"type":"LineString","coordinates":[[8.76346,50.32946],[8.76492,50.32787],[8.76651,50.32689],[8.76992,50.32533],[8.782,50.32063],[8.79649,50.31021],[8.79893,50.30903],[8.80284,50.30782]]},"properties":{}},{"type":"Feature","geometry":{"type":"LineString","coordinates":[[8.76648,50.32652],[8.76484,50.32754],[8.76351,50.3289]]},"properties":{}},{"type":"Feature","geometry":{"type":"LineString","coordinates":[[8.76351,50.3289],[8.76385,50.32861]]},"properties":{}},{"type":"Feature","geometry":{"type":"LineString","coordinates":[[8.76415,50.12932],[8.76356,50.13029]]},"properties":{}},{"type":"Feature","geometry":{"type":"LineString","coordinates":[[8.76402,50.12958],[8.76361,50.1303]]},"properties":{}},{"type":"Feature","geometry":{"type":"LineString","coordinates":[[8.76372,50.32899],[8.76433,50.32821]]},"properties":{}},{"type":"Feature","geometry":{"type":"LineString","coordinates":[[8.76372,50.32899],[8.76594,50.32712],[8.76981,50.32534]]},"properties":{}},{"type":"Feature","geometry":{"type":"LineString","coordinates":[[8.76378,50.13319],[8.76437,50.13338]]},"properties":{}},{"type":"Feature","geometry":{"type":"LineString","coordinates":[[8.76382,50.33005],[8.76411,50.32982]]},"properties":{}},{"type":"Feature","geometry":{"type":"LineString","coordinates":[[8.7639,50.12985],[8.76385,50.13006]]},"properties":{}},{"type":"Feature","geometry":{"type":"LineString","coordinates":[[8.76457,50.32816],[8.76398,50.3287]]},"properties":{}},{"type":"Feature","geometry":{"type":"LineString","coordinates":[[8.76411,50.32982],[8.76654,50.32812]]},"properties":{}},{"type":"Feature","geometry":{"type":"LineString","coordinates":[[8.77029,50.28246],[8.76531,50.27871],[8.76416,50.27747]]},"properties":{}},{"type":"Feature","geometry":{"type":"LineString","coordinates":[[8.76427,50.12916],[8.76469,50.1289],[8.76566,50.12895]]},"properties":{}},{"type":"Feature","geometry":{"type":"LineString","coordinates":[[8.76441,50.32813],[8.76433,50.32821]]},"properties":{}},{"type":"Feature","geometry":{"type":"LineString","coordinates":[[8.76441,50.32813],[8.76492,50.32763]]},"properties":{}},{"type":"Feature","geometry":{"type":"LineString","coordinates":[[8.76466,50.32809],[8.76604,50.32728]]},"properties":{}},{"type":"Feature","geometry":{"type":"LineString","coordinates":[[8.76492,50.32763],[8.76528,50.32736]]},"properties":{}},{"type":"Feature","geometry":{"type":"LineString","coordinates":[[8.76512,50.13367],[8.77476,50.13741]]},"properties":{}},{"type":"Feature","geometry":{"type":"LineString","coordinates":[[8.76523,50.09989],[8.76563,50.09999]]},"properties":{}},{"type":"Feature","geometry":{"type":"LineString","coordinates":[[8.76528,50.32736],[8.76648,50.32652]]},"properties":{}},{"type":"Feature","geometry":{"type":"LineString","coordinates":[[8.91459,50.12481],[8.91248,50.12417],[8.90595,50.12094],[8.90272,50.12026],[8.89965,50.12045],[8.89332,50.12211],[8.88998,50.12243],[8.82858,50.11861],[8.82502,50.11771],[8.80955,50.11193],[8.78948,50.1037],[8.786,50.10302],[8.77914,50.1024],[8.7653,50.10004]]},"properties":{}},{"type":"Feature","geometry":{"type":"LineString","coordinates":[[8.7654,50.10006],[8.76622,50.10015]]},"properties":{}},{"type":"Feature","geometry":{"type":"LineString","coordinates":[[8.76563,50.09999],[8.76784,50.10037]]},"properties":{}},{"type":"Feature","geometry":{"type":"LineString","coordinates":[[8.76563,50.09999],[8.76666,50.10023]]},"properties":{}},{"type":"Feature","geometry":{"type":"LineString","coordinates":[[8.76577,50.32704],[8.76649,50.32667]]},"properties":{}},{"type":"Feature","geometry":{"type":"LineString","coordinates":[[8.77013,50.3255],[8.76604,50.32728]]},"properties":{}},{"type":"Feature","geometry":{"type":"LineString","coordinates":[[8.76629,50.32855],[8.76716,50.32779]]},"properties":{}},{"type":"Feature","geometry":{"type":"LineString","coordinates":[[8.76629,50.32855],[8.76826,50.32713]]},"properties":{}},{"type":"Feature","geometry":{"type":"LineString","coordinates":[[8.76654,50.32812],[8.76718,50.32765]]},"properties":{}},{"type":"Feature","geometry":{"type":"LineString","coordinates":[[8.76691,50.32791],[8.76654,50.32812]]},"properties":{}},{"type":"Feature","geometry":{"type":"LineString","coordinates":[[8.76666,50.10023],[8.77881,50.10231],[8.78168,50.10262]]},"properties":{}},{"type":"Feature","geometry":{"type":"LineString","coordinates":[[8.76683,50.10026],[8.76784,50.10037]]},"properties":{}},{"type":"Feature","geometry":{"type":"LineString","coordinates":[[8.76689,50.32648],[8.76981,50.32534]]},"properties":{}},{"type":"Feature","geometry":{"type":"LineString","coordinates":[[8.76691,50.32791],[8.77112,50.32473]]},"properties":{}},{"type":"Feature","geometry":{"type":"LineString","coordinates":[[8.76826,50.32713],[8.76691,50.32791]]},"properties":{}},{"type":"Feature","geometry":{"type":"LineString","coordinates":[[8.7678,50.32733],[8.76716,50.32779]]},"properties":{}},{"type":"Feature","geometry":{"type":"LineString","coordinates":[[8.76717,50.32867],[8.7697,50.32644]]},"properties":{}},{"type":"Feature","geometry":{"type":"LineString","coordinates":[[8.76735,50.10034],[8.7683,50.10055]]},"properties":{}},{"type":"Feature","geometry":{"type":"LineString","coordinates":[[8.77027,50.32595],[8.7674,50.3289]]},"properties":{}},{"type":"Feature","geometry":{"type":"LineString","coordinates":[[8.78007,50.31525],[8.77325,50.32224],[8.77094,50.32499],[8.7678,50.32733]]},"properties":{}},{"type":"Feature","geometry":{"type":"LineString","coordinates":[[8.7678,50.32733],[8.7711,50.32521],[8.77479,50.32344]]},"properties":{}},{"type":"Feature","geometry":{"type":"LineString","coordinates":[[8.76784,50.10037],[8.77522,50.10165]]},"properties":{}},{"type":"Feature","geometry":{"type":"LineString","coordinates":[[8.76826,50.32713],[8.77115,50.32523],[8.77482,50.32347]]},"properties":{}},{"type":"Feature","geometry":{"type":"LineString","coordinates":[[8.76826,50.32713],[8.77085,50.32554]]},"properties":{}},{"type":"Feature","geometry":{"type":"LineString","coordinates":[[8.7697,50.32644],[8.77085,50.32554]]},"properties":{}},{"type":"Feature","geometry":{"type":"LineString","coordinates":[[8.76981,50.32534],[8.78197,50.32059],[8.79574,50.31063],[8.79805,50.30935],[8.81875,50.30312],[8.82117,50.3018],[8.82228,50.30039],[8.82252,50.29865],[8.82198,50.29729],[8.81944,50.29319],[8.81911,50.29129],[8.81958,50.28929],[8.82386,50.27807],[8.82537,50.27627],[8.82773,50.27483],[8.83048,50.27393],[8.84061,50.27162],[8.84311,50.27057],[8.84527,50.26887],[8.84645,50.26678],[8.85187,50.24829],[8.8532,50.24601],[8.85496,50.24459],[8.85666,50.24375],[8.86912,50.24014],[8.87131,50.23924],[8.87384,50.23729],[8.88019,50.23068],[8.88528,50.2258],[8.88796,50.22447],[8.89922,50.22136],[8.90112,50.22062],[8.90333,50.21906],[8.9069,50.21531],[8.91252,50.20851],[8.92078,50.19419],[8.92144,50.19252],[8.92156,50.19056],[8.92095,50.1885],[8.92026,50.1874],[8.91374,50.17961],[8.91313,50.17795],[8.91308,50.17622],[8.92867,50.13379],[8.92976,50.13231],[8.93134,50.13111],[8.94955,50.12069],[8.9504,50.11967],[8.9507,50.11866],[8.95044,50.11718],[8.94975,50.1161]]},"properties":{}},{"type":"Feature","geometry":{"type":"LineString","coordinates":[[8.77346,50.32428],[8.77161,50.32523],[8.76994,50.32662]]},"properties":{}},{"type":"Feature","geometry":{"type":"LineString","coordinates":[[8.77023,50.32687],[8.77164,50.32571]]},"properties":{}},{"type":"Feature","geometry":{"type":"LineString","coordinates":[[8.77032,50.32687],[8.77164,50.32571]]},"properties":{}},{"type":"Feature","geometry":{"type":"LineString","coordinates":[[8.77139,50.28326],[8.77077,50.28283]]},"properties":{}},{"type":"Feature","geometry":{"type":"LineString","coordinates":[[8.77085,50.32554],[8.77388,50.32409]]},"properties":{}},{"type":"Feature","geometry":{"type":"LineString","coordinates":[[8.77589,49.97757],[8.77404,49.97722],[8.7731,49.97675],[8.77152,49.97285]]},"properties":{}},{"type":"Feature","geometry":{"type":"LineString","coordinates":[[8.77164,50.32571],[8.77388,50.32409]]},"properties":{}},{"type":"Feature","geometry":{"type":"LineString","coordinates":[[8.77356,50.32394],[8.77265,50.32425]]},"properties":{}},{"type":"Feature","geometry":{"type":"LineString","coordinates":[[8.77388,50.32409],[8.77896,50.32215]]},"properties":{}},{"type":"Feature","geometry":{"type":"LineString","coordinates":[[8.77512,50.13754],[8.77589,50.13786]]},"properties":{}},{"type":"Feature","geometry":{"type":"LineString","coordinates":[[8.77522,50.10165],[8.77833,50.10217],[8.78349,50.10254]]},"properties":{}},{"type":"Feature","geometry":{"type":"LineString","coordinates":[[8.77661,50.10194],[8.77522,50.10165]]},"properties":{}},{"type":"Feature","geometry":{"type":"LineString","coordinates":[[8.78098,50.10245],[8.77965,50.10237]]},"properties":{}},{"type":"Feature","geometry":{"type":"LineString","coordinates":[[8.78016,50.31515],[8.78081,50.31445]]},"properties":{}},{"type":"Feature","geometry":{"type":"LineString","coordinates":[[8.78168,50.10262],[8.78694,50.10311],[8.79061,50.10402],[8.80905,50.1117],[8.82506,50.11767],[8.82863,50.11858],[8.88956,50.12238],[8.89334,50.12206],[8.9,50.12036],[8.90303,50.12025],[8.90578,50.12083],[8.9126,50.12419],[8.91461,50.12477]]},"properties":{}},{"type":"Feature","geometry":{"type":"LineString","coordinates":[[8.78293,50.10275],[8.78168,50.10262]]},"properties":{}},{"type":"Feature","geometry":{"type":"LineString","coordinates":[[8.7817,50.1025],[8.78349,50.10254]]},"properties":{}},{"type":"Feature","geometry":{"type":"LineString","coordinates":[[8.7817,50.1025],[8.78698,50.10285]]},"properties":{}},{"type":"Feature","geometry":{"type":"LineString","coordinates":[[8.78349,50.10254],[8.78601,50.10273]]},"properties":{}},{"type":"Feature","geometry":{"type":"LineString","coordinates":[[8.78463,50.10289],[8.78849,50.10361],[8.79342,50.10544]]},"properties":{}},{"type":"Feature","geometry":{"type":"LineString","coordinates":[[8.78601,50.10273],[8.78654,50.10277]]},"properties":{}},{"type":"Feature","geometry":{"type":"LineString","coordinates":[[8.78683,50.10284],[8.78601,50.10273]]},"properties":{}},{"type":"Feature","geometry":{"type":"LineString","coordinates":[[8.78824,50.103],[8.78611,50.10291]]},"properties":{}},{"type":"Feature","geometry":{"type":"LineString","coordinates":[[8.79762,50.10685],[8.79042,50.10372],[8.78611,50.10291]]},"properties":{}},{"type":"Feature","geometry":{"type":"LineString","coordinates":[[8.78617,50.00447],[8.78542,50.00932],[8.78766,50.01442]]},"properties":{}},{"type":"Feature","geometry":{"type":"LineString","coordinates":[[8.79163,50.10488],[8.78618,50.10328]]},"properties":{}},{"type":"Feature","geometry":{"type":"LineString","coordinates":[[8.78654,50.10277],[8.78774,50.10272]]},"properties":{}},{"type":"Feature","geometry":{"type":"LineString","coordinates":[[8.78654,50.10277],[8.78845,50.10293]]},"properties":{}},{"type":"Feature","geometry":{"type":"LineString","coordinates":[[8.78687,50.10327],[8.78771,50.1034]]},"properties":{}},{"type":"Feature","geometry":{"type":"LineString","coordinates":[[8.78698,50.10285],[8.78845,50.10293]]},"properties":{}},{"type":"Feature","geometry":{"type":"LineString","coordinates":[[8.78698,50.10285],[8.78824,50.103]]},"properties":{}},{"type":"Feature","geometry":{"type":"LineString","coordinates":[[8.79118,50.10384],[8.78901,50.1032],[8.78707,50.10301]]},"properties":{}},{"type":"Feature","geometry":{"type":"LineString","coordinates":[[8.78766,50.01442],[8.80275,50.04691],[8.803,50.04845],[8.80178,50.06575],[8.8019,50.06734],[8.8025,50.06889],[8.80339,50.07024],[8.80905,50.07593],[8.8101,50.07729],[8.81329,50.08366],[8.81318,50.08468],[8.81219,50.08613]]},"properties":{}},{"type":"Feature","geometry":{"type":"LineString","coordinates":[[8.78766,50.01442],[8.80269,50.04692],[8.80295,50.04845],[8.80172,50.06566],[8.80184,50.06735],[8.80244,50.0689],[8.80334,50.07025],[8.809,50.07595],[8.81005,50.0773],[8.81317,50.08347],[8.81317,50.08448],[8.81213,50.0861]]},"properties":{}},{"type":"Feature","geometry":{"type":"LineString","coordinates":[[8.7881,50.01526],[8.78798,50.01489]]},"properties":{}},{"type":"Feature","geometry":{"type":"LineString","coordinates":[[8.78807,50.10311],[8.78869,50.10315]]},"properties":{}},{"type":"Feature","geometry":{"type":"LineString","coordinates":[[8.79762,50.10685],[8.79191,50.104],[8.78824,50.103]]},"properties":{}},{"type":"Feature","geometry":{"type":"LineString","coordinates":[[8.81219,50.08613],[8.80123,50.09927],[8.79969,50.10061],[8.79743,50.1018],[8.7948,50.10256],[8.78824,50.103]]},"properties":{}},{"type":"Feature","geometry":{"type":"LineString","coordinates":[[8.79118,50.10384],[8.78844,50.10303]]},"properties":{}},{"type":"Feature","geometry":{"type":"LineString","coordinates":[[8.78845,50.10293],[8.7918,50.10287],[8.79476,50.10253],[8.79742,50.10176],[8.79965,50.10059],[8.80118,50.09925],[8.81213,50.0861]]},"properties":{}},{"type":"Feature","geometry":{"type":"LineString","coordinates":[[8.78924,50.10369],[8.7933,50.1054]]},"properties":{}},{"type":"Feature","geometry":{"type":"LineString","coordinates":[[8.79002,50.10436],[8.79339,50.10548],[8.79677,50.10747],[8.80007,50.10862]]},"properties":{}},{"type":"Feature","geometry":{"type":"LineString","coordinates":[[8.79229,50.10287],[8.79107,50.10291]]},"properties":{}},{"type":"Feature","geometry":{"type":"LineString","coordinates":[[8.79158,50.10398],[8.79118,50.10384]]},"properties":{}},{"type":"Feature","geometry":{"type":"LineString","coordinates":[[8.79143,50.10395],[8.79118,50.10384]]},"properties":{}},{"type":"Feature","geometry":{"type":"LineString","coordinates":[[8.79128,50.10481],[8.79276,50.10525]]},"properties":{}},{"type":"Feature","geometry":{"type":"LineString","coordinates":[[8.79529,50.10574],[8.79143,50.10395]]},"properties":{}},{"type":"Feature","geometry":{"type":"LineString","coordinates":[[8.79525,50.10578],[8.79143,50.10395]]},"properties":{}},{"type":"Feature","geometry":{"type":"LineString","coordinates":[[8.79389,50.10498],[8.79158,50.10398]]},"properties":{}},{"type":"Feature","geometry":{"type":"LineString","coordinates":[[8.79468,50.1054],[8.79158,50.10398]]},"properties":{}},{"type":"Feature","geometry":{"type":"LineString","coordinates":[[8.79185,50.10481],[8.79314,50.10538]]},"properties":{}},{"type":"Feature","geometry":{"type":"LineString","coordinates":[[8.79342,50.10544],[8.80406,50.10977]]},"properties":{}},{"type":"Feature","geometry":{"type":"LineString","coordinates":[[8.79342,50.10544],[8.79389,50.10564]]},"properties":{}},{"type":"Feature","geometry":{"type":"LineString","coordinates":[[8.79389,50.10564],[8.80457,50.10997]]},"properties":{}},{"type":"Feature","geometry":{"type":"LineString","coordinates":[[8.79522,50.10632],[8.79389,50.10564]]},"properties":{}},{"type":"Feature","geometry":{"type":"LineString","coordinates":[[8.79391,50.10562],[8.80457,50.10997]]},"properties":{}},{"type":"Feature","geometry":{"type":"LineString","coordinates":[[8.80192,50.10913],[8.7966,50.10709],[8.79399,50.10574]]},"properties":{}},{"type":"Feature","geometry":{"type":"LineString","coordinates":[[8.80232,50.1093],[8.79455,50.10603]]},"properties":{}},{"type":"Feature","geometry":{"type":"LineString","coordinates":[[8.79986,50.10851],[8.7969,50.10734],[8.79459,50.10611]]},"properties":{}},{"type":"Feature","geometry":{"type":"LineString","coordinates":[[8.80106,50.10877],[8.79498,50.10625]]},"properties":{}},{"type":"Feature","geometry":{"type":"LineString","coordinates":[[8.80059,50.10874],[8.797,50.10742],[8.79498,50.10636]]},"properties":{}},{"type":"Feature","geometry":{"type":"LineString","coordinates":[[8.79924,50.1084],[8.79537,50.10663]]},"properties":{}},{"type":"Feature","geometry":{"type":"LineString","coordinates":[[8.80085,50.10878],[8.79542,50.10649]]},"properties":{}},{"type":"Feature","geometry":{"type":"LineString","coordinates":[[8.79545,50.10691],[8.79479,50.10669],[8.79885,50.1084],[8.80232,50.1093]]},"properties":{}},{"type":"Feature","geometry":{"type":"LineString","coordinates":[[8.79958,50.1085],[8.79582,50.10692]]},"properties":{}},{"type":"Feature","geometry":{"type":"LineString","coordinates":[[8.80036,50.10861],[8.79596,50.10677]]},"properties":{}},{"type":"Feature","geometry":{"type":"LineString","coordinates":[[8.79627,49.97584],[8.80064,49.9743]]},"properties":{}},{"type":"Feature","geometry":{"type":"LineString","coordinates":[[8.80064,49.9743],[8.79627,49.97584]]},"properties":{}},{"type":"Feature","geometry":{"type":"LineString","coordinates":[[8.79645,50.03341],[8.79705,50.03458]]},"properties":{}},{"type":"Feature","geometry":{"type":"LineString","coordinates":[[8.80131,50.10892],[8.7968,50.10724]]},"properties":{}},{"type":"Feature","geometry":{"type":"LineString","coordinates":[[8.79709,50.03467],[8.7974,50.03545]]},"properties":{}},{"type":"Feature","geometry":{"type":"LineString","coordinates":[[8.79762,50.10685],[8.80869,50.11149],[8.82541,50.11775],[8.82871,50.11855],[8.83249,50.11891]]},"properties":{}},{"type":"Feature","geometry":{"type":"LineString","coordinates":[[8.79918,50.10845],[8.80138,50.10902]]},"properties":{}},{"type":"Feature","geometry":{"type":"LineString","coordinates":[[8.80064,49.9743],[8.80262,49.97422],[8.82218,49.97692],[8.82432,49.97681],[8.8265,49.97633],[8.82769,49.9756],[8.82834,49.97456]]},"properties":{}},{"type":"Feature","geometry":{"type":"LineString","coordinates":[[8.8013,50.30824],[8.80245,50.30794]]},"properties":{}},{"type":"Feature","geometry":{"type":"LineString","coordinates":[[8.80554,50.11036],[8.80232,50.1093]]},"properties":{}},{"type":"Feature","geometry":{"type":"LineString","coordinates":[[8.80284,50.30782],[8.81436,50.30445]]},"properties":{}},{"type":"Feature","geometry":{"type":"LineString","coordinates":[[8.80284,50.30782],[8.81436,50.30445]]},"properties":{}},{"type":"Feature","geometry":{"type":"LineString","coordinates":[[8.80457,50.10997],[8.80469,50.11001]]},"properties":{}},{"type":"Feature","geometry":{"type":"LineString","coordinates":[[8.80579,50.1104],[8.80469,50.11001]]},"properties":{}},{"type":"Feature","geometry":{"type":"LineString","coordinates":[[8.80469,50.11001],[8.80554,50.11036]]},"properties":{}},{"type":"Feature","geometry":{"type":"LineString","coordinates":[[8.81025,50.11224],[8.80554,50.11036]]},"properties":{}},{"type":"Feature","geometry":{"type":"LineString","coordinates":[[8.80848,50.11158],[8.80562,50.11051]]},"properties":{}},{"type":"Feature","geometry":{"type":"LineString","coordinates":[[8.80614,50.11055],[8.8072,50.11095]]},"properties":{}},{"type":"Feature","geometry":{"type":"LineString","coordinates":[[8.80649,50.19265],[8.81239,50.19371]]},"properties":{}},{"type":"Feature","geometry":{"type":"LineString","coordinates":[[8.80649,50.19265],[8.81239,50.19371]]},"properties":{}},{"type":"Feature","geometry":{"type":"LineString","coordinates":[[8.8069,50.11101],[8.80747,50.11154],[8.80719,50.11218]]},"properties":{}},{"type":"Feature","geometry":{"type":"LineString","coordinates":[[8.81181,50.30514],[8.80719,50.30642]]},"properties":{}},{"type":"Feature","geometry":{"type":"LineString","coordinates":[[8.81132,50.08708],[8.81072,50.08789]]},"properties":{}},{"type":"Feature","geometry":{"type":"LineString","coordinates":[[8.81138,50.087],[8.81211,50.08624]]},"properties":{}},{"type":"Feature","geometry":{"type":"LineString","coordinates":[[8.81213,50.0861],[8.8137,50.08456],[8.81533,50.08385],[8.83634,50.08033],[8.84875,50.07509],[8.85143,50.07358],[8.87702,50.05555],[8.87775,50.05407],[8.87773,50.04993],[8.87563,50.04221],[8.87553,50.04008],[8.8799,50.0217],[8.88485,50.00951],[8.88474,50.00784],[8.88368,50.00612],[8.87589,50.00017],[8.87326,49.99841],[8.85826,49.99216],[8.83685,49.98453],[8.8339,49.98296],[8.83152,49.98066],[8.82874,49.97555],[8.82871,49.9741],[8.83003,49.97151]]},"properties":{}},{"type":"Feature","geometry":{"type":"LineString","coordinates":[[8.83003,49.97151],[8.82877,49.97432],[8.8288,49.97554],[8.83134,49.98032],[8.83287,49.9821],[8.83394,49.98294],[8.83688,49.9845],[8.85829,49.99213],[8.8733,49.99838],[8.8781,50.00175],[8.88371,50.00611],[8.88478,50.00784],[8.88492,50.00941],[8.87996,50.0217],[8.8756,50.03994],[8.8757,50.0422],[8.8779,50.05047],[8.87787,50.05408],[8.87709,50.05557],[8.85207,50.07323],[8.84879,50.07512],[8.83636,50.08037],[8.81535,50.08388],[8.81373,50.08459],[8.81219,50.08613]]},"properties":{}},{"type":"Feature","geometry":{"type":"LineString","coordinates":[[8.81239,50.19371],[8.82716,50.19685],[8.83274,50.19848],[8.83735,50.19908],[8.83881,50.19953],[8.83972,50.20013],[8.84033,50.20099],[8.84045,50.20184],[8.84013,50.20276],[8.8386,50.20392],[8.83433,50.20549],[8.83341,50.20656],[8.8333,50.20779],[8.83378,50.20864],[8.83506,50.20954],[8.84146,50.21084],[8.84321,50.21184],[8.84393,50.21324],[8.84341,50.21659],[8.84368,50.21718],[8.8446,50.21805],[8.84605,50.21865],[8.84996,50.21953],[8.85732,50.21953],[8.86022,50.22002],[8.86248,50.22101],[8.86586,50.22354],[8.86844,50.22448],[8.88062,50.22543],[8.88227,50.22627],[8.88306,50.22757],[8.88275,50.22891],[8.88179,50.22983]]},"properties":{}},{"type":"Feature","geometry":{"type":"LineString","coordinates":[[8.81436,50.30445],[8.81961,50.30283],[8.82153,50.30156],[8.82235,50.3004],[8.82262,50.29911],[8.82238,50.29791],[8.8195,50.29317],[8.81918,50.29131],[8.81965,50.28931],[8.82362,50.27868],[8.82449,50.27722],[8.82648,50.27554],[8.82849,50.27457],[8.84065,50.27166],[8.84283,50.27077],[8.84446,50.26971],[8.84559,50.26856],[8.84651,50.2668],[8.85193,50.24829],[8.85239,50.2472],[8.85325,50.24603],[8.855,50.24462],[8.85669,50.24377],[8.86915,50.24017],[8.87162,50.23912],[8.87389,50.23731],[8.88327,50.22769]]},"properties":{}},{"type":"Feature","geometry":{"type":"LineString","coordinates":[[8.81449,50.30441],[8.81542,50.30409]]},"properties":{}},{"type":"Feature","geometry":{"type":"LineString","coordinates":[[8.82834,49.97456],[8.82874,49.97335],[8.82979,49.97156]]},"properties":{}},{"type":"Feature","geometry":{"type":"LineString","coordinates":[[8.82979,49.97156],[8.82834,49.97456]]},"properties":{}},{"type":"Feature","geometry":{"type":"LineString","coordinates":[[8.82993,49.9712],[8.82882,49.97287]]},"properties":{}},{"type":"Feature","geometry":{"type":"LineString","coordinates":[[8.83027,49.97084],[8.8289,49.97288]]},"properties":{}},{"type":"Feature","geometry":{"type":"LineString","coordinates":[[8.82955,49.97704],[8.82925,49.97661]]},"properties":{}},{"type":"Feature","geometry":{"type":"LineString","coordinates":[[8.83103,49.96969],[8.82972,49.97221]]},"properties":{}},{"type":"Feature","geometry":{"type":"LineString","coordinates":[[8.83081,49.9698],[8.82979,49.97156]]},"properties":{}},{"type":"Feature","geometry":{"type":"LineString","coordinates":[[8.83012,49.9782],[8.82993,49.97775]]},"properties":{}},{"type":"Feature","geometry":{"type":"LineString","coordinates":[[8.83081,49.9698],[8.83003,49.97151]]},"properties":{}},{"type":"Feature","geometry":{"type":"LineString","coordinates":[[8.8308,49.97004],[8.83061,49.97042]]},"properties":{}},{"type":"Feature","geometry":{"type":"LineString","coordinates":[[8.8308,49.97004],[8.83202,49.96751]]},"properties":{}},{"type":"Feature","geometry":{"type":"LineString","coordinates":[[8.83107,49.96962],[8.8308,49.97004]]},"properties":{}},{"type":"Feature","geometry":{"type":"LineString","coordinates":[[8.84473,49.9043],[8.84584,49.90553],[8.85247,49.92123],[8.85473,49.92542],[8.85486,49.92649],[8.85422,49.92781],[8.84072,49.94782],[8.83821,49.95417],[8.83081,49.9698]]},"properties":{}},{"type":"Feature","geometry":{"type":"LineString","coordinates":[[8.83209,49.96752],[8.83107,49.96962]]},"properties":{}},{"type":"Feature","geometry":{"type":"LineString","coordinates":[[8.83216,49.96754],[8.83107,49.96962]]},"properties":{}},{"type":"Feature","geometry":{"type":"LineString","coordinates":[[8.83271,50.14213],[8.83173,50.14213]]},"properties":{}},{"type":"Feature","geometry":{"type":"LineString","coordinates":[[8.83222,49.82835],[8.84062,49.8318]]},"properties":{}},{"type":"Feature","geometry":{"type":"LineString","coordinates":[[8.84062,49.8318],[8.83222,49.82835]]},"properties":{}},{"type":"Feature","geometry":{"type":"LineString","coordinates":[[8.83249,50.11891],[8.86487,50.12087]]},"properties":{}},{"type":"Feature","geometry":{"type":"LineString","coordinates":[[8.86487,50.12087],[8.83249,50.11891]]},"properties":{}},{"type":"Feature","geometry":{"type":"LineString","coordinates":[[8.83399,50.14223],[8.83315,50.14215]]},"properties":{}},{"type":"Feature","geometry":{"type":"LineString","coordinates":[[8.83456,50.14225],[8.84655,50.14277]]},"properties":{}},{"type":"Feature","geometry":{"type":"LineString","coordinates":[[8.8364,49.904],[8.84706,49.90306],[8.85008,49.90322],[8.85308,49.90386]]},"properties":{}},{"type":"Feature","geometry":{"type":"LineString","coordinates":[[8.8364,49.904],[8.83717,49.90396]]},"properties":{}},{"type":"Feature","geometry":{"type":"LineString","coordinates":[[8.84735,50.14276],[8.83704,50.14232]]},"properties":{}},{"type":"Feature","geometry":{"type":"LineString","coordinates":[[8.85192,49.90359],[8.84706,49.90309],[8.83717,49.90396]]},"properties":{}},{"type":"Feature","geometry":{"type":"LineString","coordinates":[[8.8378,49.9039],[8.83854,49.90386]]},"properties":{}},{"type":"Feature","geometry":{"type":"LineString","coordinates":[[8.83854,49.90386],[8.83928,49.90386]]},"properties":{}},{"type":"Feature","geometry":{"type":"LineString","coordinates":[[8.83854,49.90386],[8.84707,49.90313],[8.85112,49.90343]]},"properties":{}},{"type":"Feature","geometry":{"type":"LineString","coordinates":[[8.83928,49.90386],[8.84273,49.90363],[8.84473,49.9043]]},"properties":{}},{"type":"Feature","geometry":{"type":"LineString","coordinates":[[8.83928,49.90386],[8.84285,49.90372],[8.84473,49.9043]]},"properties":{}},{"type":"Feature","geometry":{"type":"LineString","coordinates":[[8.84062,49.8318],[8.84599,49.83399],[8.84866,49.83474],[8.86204,49.83707],[8.87348,49.83795],[8.88042,49.83976],[8.88309,49.83985],[8.89192,49.83849],[8.89494,49.83843],[8.91393,49.84105],[8.9202,49.84304],[8.92217,49.8434],[8.92557,49.84311],[8.93239,49.84055],[8.93474,49.83919],[8.93815,49.83599]]},"properties":{}},{"type":"Feature","geometry":{"type":"LineString","coordinates":[[8.84518,49.90325],[8.84807,49.9034],[8.85013,49.90512],[8.85644,49.90713],[8.85828,49.90796],[8.85907,49.9088]]},"properties":{}},{"type":"Feature","geometry":{"type":"LineString","coordinates":[[8.84615,50.11978],[8.84742,50.1199]]},"properties":{}},{"type":"Feature","geometry":{"type":"LineString","coordinates":[[8.84765,50.11992],[8.84892,50.11996]]},"properties":{}},{"type":"Feature","geometry":{"type":"LineString","coordinates":[[8.8478,50.14282],[8.84873,50.14282]]},"properties":{}},{"type":"Feature","geometry":{"type":"LineString","coordinates":[[8.85626,49.99141],[8.85168,49.98972]]},"properties":{}},{"type":"Feature","geometry":{"type":"LineString","coordinates":[[8.85192,49.90359],[8.85308,49.90386]]},"properties":{}},{"type":"Feature","geometry":{"type":"LineString","coordinates":[[8.94946,49.95392],[8.85597,49.90503],[8.85192,49.90359]]},"properties":{}},{"type":"Feature","geometry":{"type":"LineString","coordinates":[[8.85308,49.90386],[8.85599,49.90501],[8.95029,49.95428]]},"properties":{}},{"type":"Feature","geometry":{"type":"LineString","coordinates":[[8.8543,49.90653],[8.85724,49.90748]]},"properties":{}},{"type":"Feature","geometry":{"type":"LineString","coordinates":[[8.85743,50.06941],[8.85802,50.06906]]},"properties":{}},{"type":"Feature","geometry":{"type":"LineString","coordinates":[[8.85823,49.90811],[8.85756,49.90762]]},"properties":{}},{"type":"Feature","geometry":{"type":"LineString","coordinates":[[8.92581,50.1233],[8.922,50.12487],[8.91824,50.12525],[8.91536,50.125],[8.91327,50.12455],[8.90648,50.12126],[8.90312,50.12042],[8.89945,50.12057],[8.89329,50.12215],[8.89038,50.12248],[8.8795,50.12196],[8.87414,50.12133],[8.86487,50.12087]]},"properties":{}},{"type":"Feature","geometry":{"type":"LineString","coordinates":[[8.87484,50.23625],[8.87548,50.23567]]},"properties":{}},{"type":"Feature","geometry":{"type":"LineString","coordinates":[[8.8757,50.23545],[8.88289,50.22809]]},"properties":{}},{"type":"Feature","geometry":{"type":"LineString","coordinates":[[8.87613,50.23506],[8.87872,50.23251]]},"properties":{}},{"type":"Feature","geometry":{"type":"LineString","coordinates":[[8.87798,50.23346],[8.87737,50.23441],[8.87728,50.23533],[8.87772,50.23629],[8.87837,50.23692],[8.88726,50.23967],[8.89639,50.24536],[8.91378,50.25302],[8.91507,50.25388],[8.92434,50.26156],[8.92511,50.2626],[8.92498,50.26741],[8.92459,50.26827],[8.92255,50.27099],[8.92238,50.27187],[8.92285,50.27303],[8.92793,50.27777],[8.9297,50.28078],[8.93074,50.28161],[8.93239,50.28216],[8.94053,50.28318]]},"properties":{}},{"type":"Feature","geometry":{"type":"LineString","coordinates":[[8.87798,50.23346],[8.87872,50.23251]]},"properties":{}},{"type":"Feature","geometry":{"type":"LineString","coordinates":[[8.88179,50.22983],[8.88079,50.23055],[8.87798,50.23346]]},"properties":{}},{"type":"Feature","geometry":{"type":"LineString","coordinates":[[8.87872,50.23251],[8.88043,50.23075]]},"properties":{}},{"type":"Feature","geometry":{"type":"LineString","coordinates":[[8.88043,50.23075],[8.88258,50.22846]]},"properties":{}},{"type":"Feature","geometry":{"type":"LineString","coordinates":[[8.88043,50.23075],[8.88179,50.22983]]},"properties":{}},{"type":"Feature","geometry":{"type":"LineString","coordinates":[[8.88275,50.0149],[8.88238,50.01562]]},"properties":{}},{"type":"Feature","geometry":{"type":"LineString","coordinates":[[8.88308,50.01399],[8.8828,50.01478]]},"properties":{}},{"type":"Feature","geometry":{"type":"LineString","coordinates":[[8.88327,50.22769],[8.88372,50.22717]]},"properties":{}},{"type":"Feature","geometry":{"type":"LineString","coordinates":[[8.94983,50.11614],[8.95052,50.11718],[8.95077,50.11832],[8.95055,50.11949],[8.9496,50.1207],[8.93137,50.13114],[8.92965,50.13249],[8.92849,50.13437],[8.91315,50.17622],[8.91319,50.17795],[8.91381,50.1796],[8.9205,50.18762],[8.92135,50.18933],[8.92164,50.19151],[8.92139,50.19292],[8.92083,50.1942],[8.91258,50.20852],[8.90582,50.21661],[8.90347,50.2191],[8.90205,50.22016],[8.89926,50.2214],[8.88764,50.22463],[8.88532,50.22583],[8.88327,50.22769]]},"properties":{}},{"type":"Feature","geometry":{"type":"LineString","coordinates":[[8.90987,50.13128],[8.92001,50.12434],[8.92547,50.12257]]},"properties":{}},{"type":"Feature","geometry":{"type":"LineString","coordinates":[[8.91124,50.13051],[8.90987,50.13128]]},"properties":{}},{"type":"Feature","geometry":{"type":"LineString","coordinates":[[8.9247,50.12295],[8.92005,50.12437],[8.91188,50.13011]]},"properties":{}},{"type":"Feature","geometry":{"type":"LineString","coordinates":[[8.92569,50.1232],[8.92319,50.12443],[8.91761,50.12615],[8.91188,50.13011]]},"properties":{}},{"type":"Feature","geometry":{"type":"LineString","coordinates":[[8.9127,50.12334],[8.91411,50.12204],[8.91786,50.12002],[8.92279,50.11536]]},"properties":{}},{"type":"Feature","geometry":{"type":"LineString","coordinates":[[8.9231,50.11506],[8.91804,50.12002],[8.91465,50.12177],[8.91336,50.12272]]},"properties":{}},{"type":"Feature","geometry":{"type":"LineString","coordinates":[[8.91399,50.17989],[8.91436,50.18047]]},"properties":{}},{"type":"Feature","geometry":{"type":"LineString","coordinates":[[8.92524,50.12262],[8.91837,50.12481],[8.91459,50.12481]]},"properties":{}},{"type":"Feature","geometry":{"type":"LineString","coordinates":[[8.93568,50.1178],[8.92448,50.12379],[8.92266,50.12453],[8.91872,50.12516],[8.91459,50.12481]]},"properties":{}},{"type":"Feature","geometry":{"type":"LineString","coordinates":[[8.91461,50.12477],[8.91681,50.12493],[8.91836,50.12477],[8.92133,50.12368],[8.92423,50.12295]]},"properties":{}},{"type":"Feature","geometry":{"type":"LineString","coordinates":[[8.91461,50.12477],[8.91895,50.12511],[8.92269,50.12448],[8.92459,50.12368],[8.93606,50.11755]]},"properties":{}},{"type":"Feature","geometry":{"type":"LineString","coordinates":[[8.91549,50.1213],[8.91602,50.12108]]},"properties":{}},{"type":"Feature","geometry":{"type":"LineString","coordinates":[[8.91701,50.12062],[8.91557,50.12132]]},"properties":{}},{"type":"Feature","geometry":{"type":"LineString","coordinates":[[8.9231,50.11506],[8.91809,50.11991],[8.91646,50.12083]]},"properties":{}},{"type":"Feature","geometry":{"type":"LineString","coordinates":[[8.92423,50.11409],[8.92297,50.11425],[8.92197,50.11472],[8.91777,50.1188]]},"properties":{}},{"type":"Feature","geometry":{"type":"LineString","coordinates":[[8.91788,50.12225],[8.92144,50.12006],[8.92246,50.11919]]},"properties":{}},{"type":"Feature","geometry":{"type":"LineString","coordinates":[[8.91834,50.12549],[8.92071,50.12423],[8.92433,50.12354],[8.92623,50.12279]]},"properties":{}},{"type":"Feature","geometry":{"type":"LineString","coordinates":[[8.92299,50.1142],[8.92181,50.11479],[8.91861,50.118]]},"properties":{}},{"type":"Feature","geometry":{"type":"LineString","coordinates":[[8.91954,50.11859],[8.91878,50.11926]]},"properties":{}},{"type":"Feature","geometry":{"type":"LineString","coordinates":[[8.92787,50.11359],[8.92561,50.11414],[8.92158,50.11392],[8.92055,50.11419],[8.9198,50.11485]]},"properties":{}},{"type":"Feature","geometry":{"type":"LineString","coordinates":[[8.92299,50.1142],[8.922,50.11455],[8.92035,50.11612]]},"properties":{}},{"type":"Feature","geometry":{"type":"LineString","coordinates":[[8.92863,50.11346],[8.92749,50.11401],[8.92156,50.11989],[8.92045,50.12061]]},"properties":{}},{"type":"Feature","geometry":{"type":"LineString","coordinates":[[8.92108,50.1543],[8.92126,50.15393]]},"properties":{}},{"type":"Feature","geometry":{"type":"LineString","coordinates":[[8.92165,50.15312],[8.92168,50.15281]]},"properties":{}},{"type":"Feature","geometry":{"type":"LineString","coordinates":[[8.92182,50.1524],[8.9219,50.15204]]},"properties":{}},{"type":"Feature","geometry":{"type":"LineString","coordinates":[[8.92194,50.11953],[8.92284,50.1189],[8.92398,50.11857],[8.92817,50.11892]]},"properties":{}},{"type":"Feature","geometry":{"type":"LineString","coordinates":[[8.92195,50.15209],[8.92488,50.14428]]},"properties":{}},{"type":"Feature","geometry":{"type":"LineString","coordinates":[[8.92338,50.12428],[8.92197,50.12468]]},"properties":{}},{"type":"Feature","geometry":{"type":"LineString","coordinates":[[8.92212,50.15149],[8.92523,50.1431]]},"properties":{}},{"type":"Feature","geometry":{"type":"LineString","coordinates":[[8.92257,50.15063],[8.92461,50.1452]]},"properties":{}},{"type":"Feature","geometry":{"type":"LineString","coordinates":[[8.92277,50.15024],[8.924,50.14891],[8.92684,50.14799],[8.92858,50.14676],[8.9291,50.14618],[8.92978,50.14433]]},"properties":{}},{"type":"Feature","geometry":{"type":"LineString","coordinates":[[8.92295,50.11525],[8.92352,50.11475]]},"properties":{}},{"type":"Feature","geometry":{"type":"LineString","coordinates":[[8.92468,50.11411],[8.92299,50.1142]]},"properties":{}},{"type":"Feature","geometry":{"type":"LineString","coordinates":[[8.92561,50.11414],[8.9241,50.1144],[8.9231,50.11506]]},"properties":{}},{"type":"Feature","geometry":{"type":"LineString","coordinates":[[8.92344,49.86637],[8.92219,49.86868],[8.92189,49.87051],[8.92222,49.88079],[8.92291,49.88283],[8.92382,49.88394],[8.92534,49.88519],[8.94149,49.89636],[8.94268,49.89763],[8.94322,49.89876],[8.94875,49.95161],[8.94946,49.95319],[8.95118,49.95463]]},"properties":{}},{"type":"Feature","geometry":{"type":"LineString","coordinates":[[8.92344,49.86637],[8.92364,49.86592]]},"properties":{}},{"type":"Feature","geometry":{"type":"LineString","coordinates":[[8.92512,49.86342],[8.92344,49.86637]]},"properties":{}},{"type":"Feature","geometry":{"type":"LineString","coordinates":[[8.92364,49.86592],[8.92451,49.86415]]},"properties":{}},{"type":"Feature","geometry":{"type":"LineString","coordinates":[[8.92364,49.86592],[8.92512,49.86342]]},"properties":{}},{"type":"Feature","geometry":{"type":"LineString","coordinates":[[8.925,50.12357],[8.92396,50.12404]]},"properties":{}},{"type":"Feature","geometry":{"type":"LineString","coordinates":[[8.92423,50.12295],[8.92694,50.12166]]},"properties":{}},{"type":"Feature","geometry":{"type":"LineString","coordinates":[[8.92524,50.12262],[8.92423,50.12295]]},"properties":{}},{"type":"Feature","geometry":{"type":"LineString","coordinates":[[8.92441,50.12282],[8.92725,50.12143]]},"properties":{}},{"type":"Feature","geometry":{"type":"LineString","coordinates":[[8.92458,50.11855],[8.92649,50.11858],[8.92696,50.11824]]},"properties":{}},{"type":"Feature","geometry":{"type":"LineString","coordinates":[[8.92547,50.12257],[8.9247,50.12295]]},"properties":{}},{"type":"Feature","geometry":{"type":"LineString","coordinates":[[8.92635,50.12213],[8.9247,50.12295]]},"properties":{}},{"type":"Feature","geometry":{"type":"LineString","coordinates":[[8.92475,50.14854],[8.9258,50.14812],[8.92671,50.1474],[8.92773,50.14409]]},"properties":{}},{"type":"Feature","geometry":{"type":"LineString","coordinates":[[8.92858,50.12048],[8.92503,50.12252]]},"properties":{}},{"type":"Feature","geometry":{"type":"LineString","coordinates":[[8.93754,49.83663],[8.9358,49.83831],[8.93519,49.83923],[8.93453,49.84335],[8.93384,49.8446],[8.93243,49.84579],[8.92715,49.84879],[8.92591,49.85022],[8.92561,49.85112],[8.92563,49.85215],[8.92743,49.85865],[8.927,49.86012],[8.92512,49.86342]]},"properties":{}},{"type":"Feature","geometry":{"type":"LineString","coordinates":[[8.92631,50.12297],[8.92513,50.12354]]},"properties":{}},{"type":"Feature","geometry":{"type":"LineString","coordinates":[[8.9349,50.11832],[8.92516,50.12349]]},"properties":{}},{"type":"Feature","geometry":{"type":"LineString","coordinates":[[8.92598,50.12228],[8.92524,50.12262]]},"properties":{}},{"type":"Feature","geometry":{"type":"LineString","coordinates":[[8.92534,50.14833],[8.92646,50.1479],[8.92724,50.14727],[8.92807,50.14413]]},"properties":{}},{"type":"Feature","geometry":{"type":"LineString","coordinates":[[8.92705,50.12179],[8.92539,50.12272]]},"properties":{}},{"type":"Feature","geometry":{"type":"LineString","coordinates":[[8.92755,50.12115],[8.92546,50.12233]]},"properties":{}},{"type":"Feature","geometry":{"type":"LineString","coordinates":[[8.92547,50.12257],[8.92598,50.12228]]},"properties":{}},{"type":"Feature","geometry":{"type":"LineString","coordinates":[[8.9268,50.12253],[8.92569,50.1232]]},"properties":{}},{"type":"Feature","geometry":{"type":"LineString","coordinates":[[8.93568,50.1178],[8.92569,50.1232]]},"properties":{}},{"type":"Feature","geometry":{"type":"LineString","coordinates":[[8.93632,50.11746],[8.92578,50.12318]]},"properties":{}},{"type":"Feature","geometry":{"type":"LineString","coordinates":[[8.9258,50.14812],[8.92687,50.14727],[8.92779,50.1441]]},"properties":{}},{"type":"Feature","geometry":{"type":"LineString","coordinates":[[8.9315,50.12027],[8.92581,50.1233]]},"properties":{}},{"type":"Feature","geometry":{"type":"LineString","coordinates":[[8.93248,50.11983],[8.92581,50.1233]]},"properties":{}},{"type":"Feature","geometry":{"type":"LineString","coordinates":[[8.92755,50.12115],[8.92581,50.12219]]},"properties":{}},{"type":"Feature","geometry":{"type":"LineString","coordinates":[[8.93376,50.11745],[8.92586,50.12199]]},"properties":{}},{"type":"Feature","geometry":{"type":"LineString","coordinates":[[8.92593,50.12191],[8.93432,50.11719],[8.93746,50.11511]]},"properties":{}},{"type":"Feature","geometry":{"type":"LineString","coordinates":[[8.9333,50.11765],[8.92597,50.12182]]},"properties":{}},{"type":"Feature","geometry":{"type":"LineString","coordinates":[[8.92598,50.12228],[8.92624,50.12213]]},"properties":{}},{"type":"Feature","geometry":{"type":"LineString","coordinates":[[8.92635,50.12213],[8.92598,50.12228]]},"properties":{}},{"type":"Feature","geometry":{"type":"LineString","coordinates":[[8.92602,50.1481],[8.92737,50.14743],[8.92788,50.14647]]},"properties":{}},{"type":"Feature","geometry":{"type":"LineString","coordinates":[[8.92694,50.12166],[8.92624,50.12213]]},"properties":{}},{"type":"Feature","geometry":{"type":"LineString","coordinates":[[8.92624,50.12213],[8.9275,50.12135]]},"properties":{}},{"type":"Feature","geometry":{"type":"LineString","coordinates":[[8.92645,50.1397],[8.92626,50.14051]]},"properties":{}},{"type":"Feature","geometry":{"type":"LineString","coordinates":[[8.9263,50.14818],[8.92832,50.14765],[8.92953,50.14688],[8.92995,50.14633],[8.9306,50.14409]]},"properties":{}},{"type":"Feature","geometry":{"type":"LineString","coordinates":[[8.92634,50.14799],[8.92777,50.1473],[8.92865,50.14622]]},"properties":{}},{"type":"Feature","geometry":{"type":"LineString","coordinates":[[8.92634,50.11858],[8.92719,50.11867]]},"properties":{}},{"type":"Feature","geometry":{"type":"LineString","coordinates":[[8.93467,50.11731],[8.92635,50.12213]]},"properties":{}},{"type":"Feature","geometry":{"type":"LineString","coordinates":[[8.92705,50.12179],[8.92635,50.12213]]},"properties":{}},{"type":"Feature","geometry":{"type":"LineString","coordinates":[[8.92643,50.12291],[8.92728,50.12254]]},"properties":{}},{"type":"Feature","geometry":{"type":"LineString","coordinates":[[8.92654,50.14789],[8.92738,50.14726],[8.92773,50.14646]]},"properties":{}},{"type":"Feature","geometry":{"type":"LineString","coordinates":[[8.92663,50.14718],[8.92751,50.14417]]},"properties":{}},{"type":"Feature","geometry":{"type":"LineString","coordinates":[[8.92669,50.1472],[8.92758,50.14418]]},"properties":{}},{"type":"Feature","geometry":{"type":"LineString","coordinates":[[8.92765,50.14418],[8.92675,50.14723]]},"properties":{}},{"type":"Feature","geometry":{"type":"LineString","coordinates":[[8.92678,50.1477],[8.92742,50.14708],[8.92814,50.14414]]},"properties":{}},{"type":"Feature","geometry":{"type":"LineString","coordinates":[[8.92687,50.12124],[8.93244,50.11805]]},"properties":{}},{"type":"Feature","geometry":{"type":"LineString","coordinates":[[8.92725,50.12143],[8.92694,50.12166]]},"properties":{}},{"type":"Feature","geometry":{"type":"LineString","coordinates":[[8.92694,50.12166],[8.9275,50.12135]]},"properties":{}},{"type":"Feature","geometry":{"type":"LineString","coordinates":[[8.92694,50.14724],[8.92785,50.14411]]},"properties":{}},{"type":"Feature","geometry":{"type":"LineString","coordinates":[[8.92863,50.11346],[8.92701,50.1139]]},"properties":{}},{"type":"Feature","geometry":{"type":"LineString","coordinates":[[8.92703,50.1224],[8.92743,50.12213]]},"properties":{}},{"type":"Feature","geometry":{"type":"LineString","coordinates":[[8.93561,50.11683],[8.92705,50.12179]]},"properties":{}},{"type":"Feature","geometry":{"type":"LineString","coordinates":[[8.93288,50.11211],[8.92711,50.11388]]},"properties":{}},{"type":"Feature","geometry":{"type":"LineString","coordinates":[[8.93011,50.1448],[8.92938,50.14646],[8.92723,50.14776]]},"properties":{}},{"type":"Feature","geometry":{"type":"LineString","coordinates":[[8.92798,50.1209],[8.92725,50.12143]]},"properties":{}},{"type":"Feature","geometry":{"type":"LineString","coordinates":[[8.92725,50.12143],[8.93354,50.11785]]},"properties":{}},{"type":"Feature","geometry":{"type":"LineString","coordinates":[[8.92737,50.14743],[8.92827,50.14666],[8.92856,50.14602]]},"properties":{}},{"type":"Feature","geometry":{"type":"LineString","coordinates":[[8.9275,50.12135],[8.93413,50.11757]]},"properties":{}},{"type":"Feature","geometry":{"type":"LineString","coordinates":[[8.9275,50.14734],[8.92808,50.14676],[8.92838,50.14607]]},"properties":{}},{"type":"Feature","geometry":{"type":"LineString","coordinates":[[8.92798,50.1209],[8.92755,50.12115]]},"properties":{}},{"type":"Feature","geometry":{"type":"LineString","coordinates":[[8.92773,50.14712],[8.92824,50.14615]]},"properties":{}},{"type":"Feature","geometry":{"type":"LineString","coordinates":[[8.93416,50.11181],[8.93257,50.11211],[8.92787,50.11359]]},"properties":{}},{"type":"Feature","geometry":{"type":"LineString","coordinates":[[8.9335,50.11193],[8.92787,50.11359]]},"properties":{}},{"type":"Feature","geometry":{"type":"LineString","coordinates":[[8.92798,50.1209],[8.92806,50.12085]]},"properties":{}},{"type":"Feature","geometry":{"type":"LineString","coordinates":[[8.92858,50.12048],[8.92806,50.12085]]},"properties":{}},{"type":"Feature","geometry":{"type":"LineString","coordinates":[[8.92806,50.12085],[8.93587,50.11646]]},"properties":{}},{"type":"Feature","geometry":{"type":"LineString","coordinates":[[8.92808,50.14676],[8.9285,50.14601]]},"properties":{}},{"type":"Feature","geometry":{"type":"LineString","coordinates":[[8.92969,50.14465],[8.92917,50.14624],[8.92832,50.14698]]},"properties":{}},{"type":"Feature","geometry":{"type":"LineString","coordinates":[[8.92932,50.14525],[8.92858,50.14676]]},"properties":{}},{"type":"Feature","geometry":{"type":"LineString","coordinates":[[8.93486,50.11693],[8.92858,50.12048]]},"properties":{}},{"type":"Feature","geometry":{"type":"LineString","coordinates":[[8.93416,50.11181],[8.92863,50.11346]]},"properties":{}},{"type":"Feature","geometry":{"type":"LineString","coordinates":[[8.92885,50.14505],[8.92892,50.14481]]},"properties":{}},{"type":"Feature","geometry":{"type":"LineString","coordinates":[[8.92915,50.1207],[8.92985,50.1203]]},"properties":{}},{"type":"Feature","geometry":{"type":"LineString","coordinates":[[8.92984,50.11309],[8.92917,50.11325]]},"properties":{}},{"type":"Feature","geometry":{"type":"LineString","coordinates":[[8.9292,50.12073],[8.93016,50.12011]]},"properties":{}},{"type":"Feature","geometry":{"type":"LineString","coordinates":[[8.93016,50.12011],[8.92924,50.12052]]},"properties":{}},{"type":"Feature","geometry":{"type":"LineString","coordinates":[[8.93074,50.14408],[8.93001,50.14634],[8.92927,50.1471]]},"properties":{}},{"type":"Feature","geometry":{"type":"LineString","coordinates":[[8.92944,50.12087],[8.93271,50.11905]]},"properties":{}},{"type":"Feature","geometry":{"type":"LineString","coordinates":[[8.92956,50.12084],[8.93872,50.11579]]},"properties":{}},{"type":"Feature","geometry":{"type":"LineString","coordinates":[[8.92972,50.12029],[8.9363,50.11652]]},"properties":{}},{"type":"Feature","geometry":{"type":"LineString","coordinates":[[8.93298,50.11892],[8.92981,50.12061]]},"properties":{}},{"type":"Feature","geometry":{"type":"LineString","coordinates":[[8.9299,50.14546],[8.93034,50.14417]]},"properties":{}},{"type":"Feature","geometry":{"type":"LineString","coordinates":[[8.93118,50.11864],[8.93015,50.11921]]},"properties":{}},{"type":"Feature","geometry":{"type":"LineString","coordinates":[[8.93016,50.12011],[8.93595,50.11677],[8.94065,50.11476]]},"properties":{}},{"type":"Feature","geometry":{"type":"LineString","coordinates":[[8.93397,50.11842],[8.93016,50.12011]]},"properties":{}},{"type":"Feature","geometry":{"type":"LineString","coordinates":[[8.93019,50.14576],[8.93068,50.14408]]},"properties":{}},{"type":"Feature","geometry":{"type":"LineString","coordinates":[[8.93244,50.11805],[8.93048,50.11893]]},"properties":{}},{"type":"Feature","geometry":{"type":"LineString","coordinates":[[8.93059,50.11991],[8.93515,50.11726],[8.93781,50.11601]]},"properties":{}},{"type":"Feature","geometry":{"type":"LineString","coordinates":[[8.93095,50.11976],[8.93726,50.11629],[8.94217,50.11399],[8.94366,50.11372],[8.94548,50.11381],[8.94748,50.11429],[8.94852,50.11483]]},"properties":{}},{"type":"Feature","geometry":{"type":"LineString","coordinates":[[8.93105,50.12023],[8.93219,50.11945]]},"properties":{}},{"type":"Feature","geometry":{"type":"LineString","coordinates":[[8.93108,50.12012],[8.93736,50.11668]]},"properties":{}},{"type":"Feature","geometry":{"type":"LineString","coordinates":[[8.93135,50.11955],[8.93687,50.11642]]},"properties":{}},{"type":"Feature","geometry":{"type":"LineString","coordinates":[[8.93383,50.11899],[8.9315,50.12027]]},"properties":{}},{"type":"Feature","geometry":{"type":"LineString","coordinates":[[8.9315,50.12027],[8.93248,50.11983]]},"properties":{}},{"type":"Feature","geometry":{"type":"LineString","coordinates":[[8.93818,50.11585],[8.93164,50.11944]]},"properties":{}},{"type":"Feature","geometry":{"type":"LineString","coordinates":[[8.93204,50.11927],[8.93845,50.11574]]},"properties":{}},{"type":"Feature","geometry":{"type":"LineString","coordinates":[[8.93219,50.11945],[8.93298,50.11892]]},"properties":{}},{"type":"Feature","geometry":{"type":"LineString","coordinates":[[8.93219,50.11945],[8.94095,50.11466],[8.94223,50.11419]]},"properties":{}},{"type":"Feature","geometry":{"type":"LineString","coordinates":[[8.93242,50.1191],[8.93886,50.11558]]},"properties":{}},{"type":"Feature","geometry":{"type":"LineString","coordinates":[[8.93244,50.11805],[8.93298,50.1178]]},"properties":{}},{"type":"Feature","geometry":{"type":"LineString","coordinates":[[8.93802,50.11677],[8.93248,50.11983]]},"properties":{}},{"type":"Feature","geometry":{"type":"LineString","coordinates":[[8.93258,50.11982],[8.93901,50.11642]]},"properties":{}},{"type":"Feature","geometry":{"type":"LineString","coordinates":[[8.93263,50.11974],[8.93354,50.11936]]},"properties":{}},{"type":"Feature","geometry":{"type":"LineString","coordinates":[[8.93505,50.11644],[8.93288,50.11773]]},"properties":{}},{"type":"Feature","geometry":{"type":"LineString","coordinates":[[8.93288,50.11913],[8.94095,50.11466]]},"properties":{}},{"type":"Feature","geometry":{"type":"LineString","coordinates":[[8.93766,50.117],[8.93294,50.11957]]},"properties":{}},{"type":"Feature","geometry":{"type":"LineString","coordinates":[[8.93875,50.11569],[8.93298,50.11892]]},"properties":{}},{"type":"Feature","geometry":{"type":"LineString","coordinates":[[8.93303,50.11963],[8.93354,50.11936]]},"properties":{}},{"type":"Feature","geometry":{"type":"LineString","coordinates":[[8.93916,50.11545],[8.93339,50.11863]]},"properties":{}},{"type":"Feature","geometry":{"type":"LineString","coordinates":[[8.93354,50.11936],[8.93901,50.11642]]},"properties":{}},{"type":"Feature","geometry":{"type":"LineString","coordinates":[[8.93354,50.11936],[8.93559,50.11856],[8.93938,50.11656],[8.94149,50.11595],[8.93983,50.11611]]},"properties":{}},{"type":"Feature","geometry":{"type":"LineString","coordinates":[[8.93354,50.11785],[8.93668,50.11598]]},"properties":{}},{"type":"Feature","geometry":{"type":"LineString","coordinates":[[8.93413,50.11757],[8.93354,50.11785]]},"properties":{}},{"type":"Feature","geometry":{"type":"LineString","coordinates":[[8.93706,50.1154],[8.93364,50.11725]]},"properties":{}},{"type":"Feature","geometry":{"type":"LineString","coordinates":[[8.94067,50.11612],[8.939,50.11679],[8.93368,50.11964]]},"properties":{}},{"type":"Feature","geometry":{"type":"LineString","coordinates":[[8.93383,50.11899],[8.93718,50.11706],[8.93983,50.11611]]},"properties":{}},{"type":"Feature","geometry":{"type":"LineString","coordinates":[[8.93902,50.11634],[8.93383,50.11899]]},"properties":{}},{"type":"Feature","geometry":{"type":"LineString","coordinates":[[8.93413,50.11757],[8.93685,50.11592],[8.93784,50.11495]]},"properties":{}},{"type":"Feature","geometry":{"type":"LineString","coordinates":[[8.93467,50.11731],[8.93413,50.11757]]},"properties":{}},{"type":"Feature","geometry":{"type":"LineString","coordinates":[[8.93801,50.11439],[8.93809,50.11333],[8.93739,50.11253],[8.936,50.11191],[8.93416,50.11181]]},"properties":{}},{"type":"Feature","geometry":{"type":"LineString","coordinates":[[8.93873,50.11316],[8.93823,50.11446],[8.93732,50.11559],[8.93467,50.11731]]},"properties":{}},{"type":"Feature","geometry":{"type":"LineString","coordinates":[[8.93474,50.11884],[8.94022,50.11625]]},"properties":{}},{"type":"Feature","geometry":{"type":"LineString","coordinates":[[8.93616,50.11586],[8.93488,50.11649]]},"properties":{}},{"type":"Feature","geometry":{"type":"LineString","coordinates":[[8.93587,50.11646],[8.93494,50.11705]]},"properties":{}},{"type":"Feature","geometry":{"type":"LineString","coordinates":[[8.93655,50.11659],[8.93494,50.11746]]},"properties":{}},{"type":"Feature","geometry":{"type":"LineString","coordinates":[[8.93561,50.11683],[8.93494,50.11716]]},"properties":{}},{"type":"Feature","geometry":{"type":"LineString","coordinates":[[8.93601,50.11659],[8.93512,50.11723]]},"properties":{}},{"type":"Feature","geometry":{"type":"LineString","coordinates":[[8.93704,50.1155],[8.93523,50.11673]]},"properties":{}},{"type":"Feature","geometry":{"type":"LineString","coordinates":[[8.93732,50.11559],[8.93561,50.11683]]},"properties":{}},{"type":"Feature","geometry":{"type":"LineString","coordinates":[[8.9363,50.11652],[8.93561,50.11683]]},"properties":{}},{"type":"Feature","geometry":{"type":"LineString","coordinates":[[8.93606,50.11755],[8.93568,50.1178]]},"properties":{}},{"type":"Feature","geometry":{"type":"LineString","coordinates":[[8.95209,50.12063],[8.9481,50.11726],[8.94628,50.11642],[8.94438,50.11596],[8.94215,50.11581],[8.93986,50.11607],[8.938,50.11664],[8.93568,50.1178]]},"properties":{}},{"type":"Feature","geometry":{"type":"LineString","coordinates":[[8.9358,50.11826],[8.93809,50.11701]]},"properties":{}},{"type":"Feature","geometry":{"type":"LineString","coordinates":[[8.93624,50.11622],[8.93587,50.11646]]},"properties":{}},{"type":"Feature","geometry":{"type":"LineString","coordinates":[[8.93606,50.11755],[8.93746,50.11669],[8.94068,50.11548]]},"properties":{}},{"type":"Feature","geometry":{"type":"LineString","coordinates":[[8.93606,50.11755],[8.93823,50.1165],[8.94041,50.11593],[8.94272,50.11577],[8.94531,50.1161],[8.94815,50.11723],[8.95184,50.12034],[8.95421,50.12169]]},"properties":{}},{"type":"Feature","geometry":{"type":"LineString","coordinates":[[8.93858,50.11291],[8.93788,50.11465],[8.93624,50.11622]]},"properties":{}},{"type":"Feature","geometry":{"type":"LineString","coordinates":[[8.93668,50.11598],[8.93624,50.11622]]},"properties":{}},{"type":"Feature","geometry":{"type":"LineString","coordinates":[[8.9408,50.11462],[8.9363,50.11652]]},"properties":{}},{"type":"Feature","geometry":{"type":"LineString","coordinates":[[8.93634,50.11664],[8.93768,50.11593]]},"properties":{}},{"type":"Feature","geometry":{"type":"LineString","coordinates":[[8.94015,50.11535],[8.93651,50.11703]]},"properties":{}},{"type":"Feature","geometry":{"type":"LineString","coordinates":[[8.93668,50.11598],[8.93729,50.11545]]},"properties":{}},{"type":"Feature","geometry":{"type":"LineString","coordinates":[[8.93852,50.11344],[8.93884,50.11186],[8.9386,50.11039],[8.93481,50.10521],[8.93431,50.10373],[8.93396,50.08397],[8.93471,50.08189],[8.93692,50.07941]]},"properties":{}},{"type":"Feature","geometry":{"type":"LineString","coordinates":[[8.93692,50.07941],[8.94212,50.07389]]},"properties":{}},{"type":"Feature","geometry":{"type":"LineString","coordinates":[[8.94212,50.07389],[8.93692,50.07941]]},"properties":{}},{"type":"Feature","geometry":{"type":"LineString","coordinates":[[8.93713,50.11784],[8.94015,50.11633]]},"properties":{}},{"type":"Feature","geometry":{"type":"LineString","coordinates":[[8.93729,50.11545],[8.93795,50.11471],[8.93852,50.11344]]},"properties":{}},{"type":"Feature","geometry":{"type":"LineString","coordinates":[[8.93784,50.11495],[8.93729,50.11545]]},"properties":{}},{"type":"Feature","geometry":{"type":"LineString","coordinates":[[8.93754,49.83663],[8.93815,49.83599]]},"properties":{}},{"type":"Feature","geometry":{"type":"LineString","coordinates":[[8.93897,49.83524],[8.93754,49.83663]]},"properties":{}},{"type":"Feature","geometry":{"type":"LineString","coordinates":[[8.94039,50.11462],[8.93756,50.11575]]},"properties":{}},{"type":"Feature","geometry":{"type":"LineString","coordinates":[[8.93758,50.11569],[8.94006,50.11476]]},"properties":{}},{"type":"Feature","geometry":{"type":"LineString","coordinates":[[8.9376,50.11578],[8.93962,50.11495]]},"properties":{}},{"type":"Feature","geometry":{"type":"LineString","coordinates":[[8.94096,50.11439],[8.93766,50.11563]]},"properties":{}},{"type":"Feature","geometry":{"type":"LineString","coordinates":[[8.9382,50.11441],[8.93781,50.11505]]},"properties":{}},{"type":"Feature","geometry":{"type":"LineString","coordinates":[[8.93782,50.11551],[8.94022,50.11461]]},"properties":{}},{"type":"Feature","geometry":{"type":"LineString","coordinates":[[8.93784,50.11495],[8.93842,50.11393]]},"properties":{}},{"type":"Feature","geometry":{"type":"LineString","coordinates":[[8.93872,50.11579],[8.93786,50.11641]]},"properties":{}},{"type":"Feature","geometry":{"type":"LineString","coordinates":[[8.94126,50.11515],[8.93791,50.11641]]},"properties":{}},{"type":"Feature","geometry":{"type":"LineString","coordinates":[[8.94194,50.11406],[8.93791,50.11537]]},"properties":{}},{"type":"Feature","geometry":{"type":"LineString","coordinates":[[8.94067,50.11447],[8.93799,50.11539]]},"properties":{}},{"type":"Feature","geometry":{"type":"LineString","coordinates":[[8.93803,50.11647],[8.94128,50.11518]]},"properties":{}},{"type":"Feature","geometry":{"type":"LineString","coordinates":[[8.93825,49.8359],[8.93815,49.83599]]},"properties":{}},{"type":"Feature","geometry":{"type":"LineString","coordinates":[[8.93851,50.1135],[8.93822,50.11437]]},"properties":{}},{"type":"Feature","geometry":{"type":"LineString","coordinates":[[8.93911,49.83498],[8.93825,49.8359]]},"properties":{}},{"type":"Feature","geometry":{"type":"LineString","coordinates":[[8.93897,49.83524],[8.93825,49.8359]]},"properties":{}},{"type":"Feature","geometry":{"type":"LineString","coordinates":[[8.93906,50.11542],[8.93825,50.1157]]},"properties":{}},{"type":"Feature","geometry":{"type":"LineString","coordinates":[[8.94041,50.115],[8.93825,50.11619]]},"properties":{}},{"type":"Feature","geometry":{"type":"LineString","coordinates":[[8.93842,50.11393],[8.93925,50.11125],[8.94036,50.10972],[8.94389,50.10698],[8.94766,50.10464],[8.99903,50.07987]]},"properties":{}},{"type":"Feature","geometry":{"type":"LineString","coordinates":[[8.93873,50.11316],[8.93842,50.11393]]},"properties":{}},{"type":"Feature","geometry":{"type":"LineString","coordinates":[[8.94019,50.11538],[8.93845,50.11617]]},"properties":{}},{"type":"Feature","geometry":{"type":"LineString","coordinates":[[8.93847,50.11027],[8.93877,50.11163],[8.93852,50.11344]]},"properties":{}},{"type":"Feature","geometry":{"type":"LineString","coordinates":[[8.93849,50.11633],[8.94132,50.11565]]},"properties":{}},{"type":"Feature","geometry":{"type":"LineString","coordinates":[[8.93868,50.116],[8.93994,50.1154]]},"properties":{}},{"type":"Feature","geometry":{"type":"LineString","coordinates":[[8.93872,50.11579],[8.94183,50.11417],[8.94441,50.1138],[8.94626,50.1141],[8.94801,50.11469],[8.9489,50.1152],[8.94981,50.11611]]},"properties":{}},{"type":"Feature","geometry":{"type":"LineString","coordinates":[[8.93872,50.11579],[8.94065,50.11476]]},"properties":{}},{"type":"Feature","geometry":{"type":"LineString","coordinates":[[9.00066,50.07916],[8.94758,50.10473],[8.94318,50.10756],[8.9407,50.10945],[8.93943,50.11105],[8.93873,50.11316]]},"properties":{}},{"type":"Feature","geometry":{"type":"LineString","coordinates":[[8.93895,49.83462],[8.94034,49.83335]]},"properties":{}},{"type":"Feature","geometry":{"type":"LineString","coordinates":[[8.93897,49.83524],[8.93931,49.83487]]},"properties":{}},{"type":"Feature","geometry":{"type":"LineString","coordinates":[[8.93897,50.11598],[8.94109,50.1152]]},"properties":{}},{"type":"Feature","geometry":{"type":"LineString","coordinates":[[8.94076,49.83302],[8.93901,49.83464]]},"properties":{}},{"type":"Feature","geometry":{"type":"LineString","coordinates":[[8.93901,50.11642],[8.93983,50.11611]]},"properties":{}},{"type":"Feature","geometry":{"type":"LineString","coordinates":[[8.93909,49.83464],[8.94076,49.83302]]},"properties":{}},{"type":"Feature","geometry":{"type":"LineString","coordinates":[[8.93911,50.11555],[8.93958,50.11522]]},"properties":{}},{"type":"Feature","geometry":{"type":"LineString","coordinates":[[8.9418,49.83223],[8.93911,49.83498]]},"properties":{}},{"type":"Feature","geometry":{"type":"LineString","coordinates":[[8.94443,49.82986],[8.93911,49.83498]]},"properties":{}},{"type":"Feature","geometry":{"type":"LineString","coordinates":[[8.94111,49.83273],[8.93913,49.83466]]},"properties":{}},{"type":"Feature","geometry":{"type":"LineString","coordinates":[[8.93931,49.83487],[8.94443,49.82991]]},"properties":{}},{"type":"Feature","geometry":{"type":"LineString","coordinates":[[8.93931,49.83487],[8.94163,49.83268]]},"properties":{}},{"type":"Feature","geometry":{"type":"LineString","coordinates":[[8.93962,50.11573],[8.94024,50.11542]]},"properties":{}},{"type":"Feature","geometry":{"type":"LineString","coordinates":[[8.93985,50.116],[8.94127,50.11569]]},"properties":{}},{"type":"Feature","geometry":{"type":"LineString","coordinates":[[8.94053,50.28318],[8.94672,50.28351]]},"properties":{}},{"type":"Feature","geometry":{"type":"LineString","coordinates":[[8.94053,50.28318],[8.94672,50.28351]]},"properties":{}},{"type":"Feature","geometry":{"type":"LineString","coordinates":[[8.94975,50.1161],[8.94809,50.1148],[8.9452,50.11393],[8.94292,50.11393],[8.94065,50.11476]]},"properties":{}},{"type":"Feature","geometry":{"type":"LineString","coordinates":[[8.94157,50.11439],[8.94065,50.11476]]},"properties":{}},{"type":"Feature","geometry":{"type":"LineString","coordinates":[[8.94111,49.83273],[8.94076,49.83302]]},"properties":{}},{"type":"Feature","geometry":{"type":"LineString","coordinates":[[8.94125,50.11512],[8.94079,50.11517]]},"properties":{}},{"type":"Feature","geometry":{"type":"LineString","coordinates":[[8.94085,50.11499],[8.94125,50.11508]]},"properties":{}},{"type":"Feature","geometry":{"type":"LineString","coordinates":[[8.94087,50.11494],[8.94126,50.11507]]},"properties":{}},{"type":"Feature","geometry":{"type":"LineString","coordinates":[[8.94091,50.11489],[8.94127,50.11505]]},"properties":{}},{"type":"Feature","geometry":{"type":"LineString","coordinates":[[8.94131,50.1156],[8.94094,50.11562]]},"properties":{}},{"type":"Feature","geometry":{"type":"LineString","coordinates":[[8.94102,50.11509],[8.94125,50.1151]]},"properties":{}},{"type":"Feature","geometry":{"type":"LineString","coordinates":[[8.9411,50.11496],[8.94129,50.11504]]},"properties":{}},{"type":"Feature","geometry":{"type":"LineString","coordinates":[[8.9411,50.11552],[8.94134,50.11521]]},"properties":{}},{"type":"Feature","geometry":{"type":"LineString","coordinates":[[8.9418,49.83223],[8.94111,49.83273]]},"properties":{}},{"type":"Feature","geometry":{"type":"LineString","coordinates":[[8.94114,50.11479],[8.94134,50.11502]]},"properties":{}},{"type":"Feature","geometry":{"type":"LineString","coordinates":[[8.94119,50.11556],[8.94137,50.11522]]},"properties":{}},{"type":"Feature","geometry":{"type":"LineString","coordinates":[[8.9412,50.11492],[8.94132,50.11503]]},"properties":{}},{"type":"Feature","geometry":{"type":"LineString","coordinates":[[8.94121,50.11476],[8.94136,50.11501]]},"properties":{}},{"type":"Feature","geometry":{"type":"LineString","coordinates":[[8.94138,50.11501],[8.94125,50.1147]]},"properties":{}},{"type":"Feature","geometry":{"type":"LineString","coordinates":[[8.94127,50.11557],[8.94138,50.11522]]},"properties":{}},{"type":"Feature","geometry":{"type":"LineString","coordinates":[[8.9414,50.11501],[8.94133,50.11462]]},"properties":{}},{"type":"Feature","geometry":{"type":"LineString","coordinates":[[8.94139,50.11522],[8.94137,50.11551]]},"properties":{}},{"type":"Feature","geometry":{"type":"LineString","coordinates":[[8.94142,50.11501],[8.94144,50.11462]]},"properties":{}},{"type":"Feature","geometry":{"type":"LineString","coordinates":[[8.94146,50.11551],[8.94142,50.11522]]},"properties":{}},{"type":"Feature","geometry":{"type":"LineString","coordinates":[[8.94144,50.11501],[8.94155,50.11462]]},"properties":{}},{"type":"Feature","geometry":{"type":"LineString","coordinates":[[8.94145,50.11522],[8.94152,50.11544]]},"properties":{}},{"type":"Feature","geometry":{"type":"LineString","coordinates":[[8.94147,50.11501],[8.94163,50.11463]]},"properties":{}},{"type":"Feature","geometry":{"type":"LineString","coordinates":[[8.94149,50.11502],[8.94175,50.11465]]},"properties":{}},{"type":"Feature","geometry":{"type":"LineString","coordinates":[[8.94151,50.11503],[8.94186,50.11468]]},"properties":{}},{"type":"Feature","geometry":{"type":"LineString","coordinates":[[8.94152,50.11504],[8.94198,50.11473]]},"properties":{}},{"type":"Feature","geometry":{"type":"LineString","coordinates":[[8.94153,50.11552],[8.94169,50.11523]]},"properties":{}},{"type":"Feature","geometry":{"type":"LineString","coordinates":[[8.94154,50.11505],[8.94204,50.1148]]},"properties":{}},{"type":"Feature","geometry":{"type":"LineString","coordinates":[[8.94155,50.11552],[8.94175,50.11525]]},"properties":{}},{"type":"Feature","geometry":{"type":"LineString","coordinates":[[8.94156,50.11507],[8.94181,50.115]]},"properties":{}},{"type":"Feature","geometry":{"type":"LineString","coordinates":[[8.94157,50.11509],[8.94192,50.11507]]},"properties":{}},{"type":"Feature","geometry":{"type":"LineString","coordinates":[[8.94191,50.11523],[8.94158,50.11553]]},"properties":{}},{"type":"Feature","geometry":{"type":"LineString","coordinates":[[8.94159,50.11554],[8.94213,50.11519]]},"properties":{}},{"type":"Feature","geometry":{"type":"LineString","coordinates":[[8.9416,50.11555],[8.9422,50.11525]]},"properties":{}},{"type":"Feature","geometry":{"type":"LineString","coordinates":[[8.94161,50.11557],[8.94228,50.11531]]},"properties":{}},{"type":"Feature","geometry":{"type":"LineString","coordinates":[[8.94163,49.83268],[8.94443,49.82991]]},"properties":{}},{"type":"Feature","geometry":{"type":"LineString","coordinates":[[8.94392,49.83057],[8.94163,49.83268]]},"properties":{}},{"type":"Feature","geometry":{"type":"LineString","coordinates":[[8.94163,50.1156],[8.94239,50.11551]]},"properties":{}},{"type":"Feature","geometry":{"type":"LineString","coordinates":[[8.9424,50.1156],[8.94163,50.11563]]},"properties":{}},{"type":"Feature","geometry":{"type":"LineString","coordinates":[[8.94163,50.11561],[8.9424,50.11555]]},"properties":{}},{"type":"Feature","geometry":{"type":"LineString","coordinates":[[8.94443,49.82986],[8.9418,49.83223]]},"properties":{}},{"type":"Feature","geometry":{"type":"LineString","coordinates":[[8.94212,50.07389],[8.96597,50.04863],[8.96696,50.04676],[8.96755,50.04112]]},"properties":{}},{"type":"Feature","geometry":{"type":"LineString","coordinates":[[8.94233,50.11538],[8.94163,50.11558],[8.94234,50.11542]]},"properties":{}},{"type":"Feature","geometry":{"type":"LineString","coordinates":[[8.94483,49.82948],[8.94443,49.82986]]},"properties":{}},{"type":"Feature","geometry":{"type":"LineString","coordinates":[[8.94443,49.82991],[8.94483,49.82948]]},"properties":{}},{"type":"Feature","geometry":{"type":"LineString","coordinates":[[8.98861,49.79724],[8.98864,49.79904],[8.98802,49.80069],[8.9827,49.80833],[8.98084,49.81004],[8.95858,49.82516],[8.95635,49.82601],[8.94795,49.82755],[8.94623,49.82833],[8.94483,49.82948]]},"properties":{}},{"type":"Feature","geometry":{"type":"LineString","coordinates":[[8.94672,50.28351],[8.95488,50.28654],[8.95659,50.2868],[8.96429,50.28701],[8.96617,50.28756],[8.97141,50.29039],[8.97305,50.29074],[8.97945,50.29134],[8.98148,50.29203],[8.98263,50.29326],[8.98441,50.29923],[8.98526,50.30001],[8.98905,50.30214],[8.99453,50.30847],[8.99515,50.30971],[8.99685,50.31581],[8.99734,50.31654],[8.99858,50.31735],[9.01033,50.32211],[9.01149,50.32303],[9.01193,50.32434]]},"properties":{}},{"type":"Feature","geometry":{"type":"LineString","coordinates":[[8.94731,50.10391],[8.94721,50.10395]]},"properties":{}},{"type":"Feature","geometry":{"type":"LineString","coordinates":[[8.94791,50.09403],[8.951,50.092]]},"properties":{}},{"type":"Feature","geometry":{"type":"LineString","coordinates":[[8.95106,50.09206],[8.94801,50.09407]]},"properties":{}},{"type":"Feature","geometry":{"type":"LineString","coordinates":[[8.95617,50.08868],[8.95462,50.0891],[8.94941,50.08819]]},"properties":{}},{"type":"Feature","geometry":{"type":"LineString","coordinates":[[8.94946,49.95392],[8.95029,49.95428]]},"properties":{}},{"type":"Feature","geometry":{"type":"LineString","coordinates":[[8.95377,49.9561],[8.94946,49.95392]]},"properties":{}},{"type":"Feature","geometry":{"type":"LineString","coordinates":[[8.94972,50.11607],[8.94877,50.11489],[8.9483,50.11359],[8.94847,50.11268],[8.94913,50.11162],[8.95056,50.11059],[8.95994,50.106],[8.96132,50.10496],[8.96265,50.10304],[8.96368,50.09903],[8.96438,50.09766],[8.96586,50.09622],[8.96911,50.09429]]},"properties":{}},{"type":"Feature","geometry":{"type":"LineString","coordinates":[[8.94975,50.1161],[8.95088,50.11757],[8.95239,50.12034],[8.95421,50.12169]]},"properties":{}},{"type":"Feature","geometry":{"type":"LineString","coordinates":[[8.94981,50.11611],[8.94983,50.11614]]},"properties":{}},{"type":"Feature","geometry":{"type":"LineString","coordinates":[[8.98123,50.08848],[8.96877,50.09452],[8.96519,50.09683],[8.96385,50.09871],[8.96254,50.10342],[8.96134,50.105],[8.95996,50.10603],[8.9506,50.11062],[8.94918,50.11164],[8.94853,50.11269],[8.94839,50.11381],[8.9488,50.11481],[8.94981,50.11611]]},"properties":{}},{"type":"Feature","geometry":{"type":"LineString","coordinates":[[8.94983,50.11614],[8.95094,50.11755],[8.95201,50.1197],[8.95275,50.12064]]},"properties":{}},{"type":"Feature","geometry":{"type":"LineString","coordinates":[[8.95867,50.08806],[8.94999,50.08625]]},"properties":{}},{"type":"Feature","geometry":{"type":"LineString","coordinates":[[8.95029,49.95428],[8.95048,49.95438]]},"properties":{}},{"type":"Feature","geometry":{"type":"LineString","coordinates":[[8.95048,49.95438],[8.95128,49.95475]]},"properties":{}},{"type":"Feature","geometry":{"type":"LineString","coordinates":[[8.95048,49.95438],[8.95301,49.95567]]},"properties":{}},{"type":"Feature","geometry":{"type":"LineString","coordinates":[[8.95069,49.95443],[8.95128,49.95475]]},"properties":{}},{"type":"Feature","geometry":{"type":"LineString","coordinates":[[8.951,50.092],[8.95317,50.09057]]},"properties":{}},{"type":"Feature","geometry":{"type":"LineString","coordinates":[[8.95153,50.09174],[8.951,50.092]]},"properties":{}},{"type":"Feature","geometry":{"type":"LineString","coordinates":[[8.95106,50.09206],[8.95144,50.09169]]},"properties":{}},{"type":"Feature","geometry":{"type":"LineString","coordinates":[[8.95572,50.08896],[8.95106,50.09206]]},"properties":{}},{"type":"Feature","geometry":{"type":"LineString","coordinates":[[8.95118,49.95463],[8.9616,49.95971]]},"properties":{}},{"type":"Feature","geometry":{"type":"LineString","coordinates":[[8.95118,49.95463],[8.95193,49.95507]]},"properties":{}},{"type":"Feature","geometry":{"type":"LineString","coordinates":[[8.95128,49.95475],[8.95193,49.95507]]},"properties":{}},{"type":"Feature","geometry":{"type":"LineString","coordinates":[[8.95317,50.09057],[8.95171,50.09098]]},"properties":{}},{"type":"Feature","geometry":{"type":"LineString","coordinates":[[8.95193,49.95507],[8.95214,49.95518]]},"properties":{}},{"type":"Feature","geometry":{"type":"LineString","coordinates":[[8.95209,50.12063],[8.95711,50.12308],[8.9684,50.12786]]},"properties":{}},{"type":"Feature","geometry":{"type":"LineString","coordinates":[[8.96656,50.1271],[8.95781,50.12348],[8.95209,50.12063]]},"properties":{}},{"type":"Feature","geometry":{"type":"LineString","coordinates":[[8.95214,49.95518],[8.96028,49.9592]]},"properties":{}},{"type":"Feature","geometry":{"type":"LineString","coordinates":[[8.95214,49.95518],[8.95289,49.95561]]},"properties":{}},{"type":"Feature","geometry":{"type":"LineString","coordinates":[[8.95261,49.95541],[8.95343,49.95578]]},"properties":{}},{"type":"Feature","geometry":{"type":"LineString","coordinates":[[8.95275,50.12064],[8.95403,50.12155],[8.95625,50.12258]]},"properties":{}},{"type":"Feature","geometry":{"type":"LineString","coordinates":[[8.95275,50.12064],[8.95333,50.12118]]},"properties":{}},{"type":"Feature","geometry":{"type":"LineString","coordinates":[[8.95301,49.95567],[8.96198,49.96003],[8.96816,49.96192]]},"properties":{}},{"type":"Feature","geometry":{"type":"LineString","coordinates":[[8.95301,49.95567],[8.95377,49.9561]]},"properties":{}},{"type":"Feature","geometry":{"type":"LineString","coordinates":[[8.95317,50.09057],[8.95654,50.08844],[8.95824,50.08804],[8.96168,50.08842],[8.97227,50.09079],[8.97494,50.09101],[8.97626,50.0907]]},"properties":{}},{"type":"Feature","geometry":{"type":"LineString","coordinates":[[8.95377,49.9561],[8.95401,49.95622]]},"properties":{}},{"type":"Feature","geometry":{"type":"LineString","coordinates":[[8.95414,50.08752],[8.95381,50.08745]]},"properties":{}},{"type":"Feature","geometry":{"type":"LineString","coordinates":[[8.96996,49.96249],[8.9614,49.95986],[8.95401,49.95622]]},"properties":{}},{"type":"Feature","geometry":{"type":"LineString","coordinates":[[8.95401,49.95622],[8.9558,49.95719]]},"properties":{}},{"type":"Feature","geometry":{"type":"LineString","coordinates":[[8.95421,50.12169],[8.96688,50.12715]]},"properties":{}},{"type":"Feature","geometry":{"type":"LineString","coordinates":[[8.95443,49.95654],[8.95656,49.95763]]},"properties":{}},{"type":"Feature","geometry":{"type":"LineString","coordinates":[[8.95456,50.12187],[8.95512,50.12219]]},"properties":{}},{"type":"Feature","geometry":{"type":"LineString","coordinates":[[8.95534,50.08917],[8.95475,50.08949]]},"properties":{}},{"type":"Feature","geometry":{"type":"LineString","coordinates":[[8.95522,50.12218],[8.95625,50.12258]]},"properties":{}},{"type":"Feature","geometry":{"type":"LineString","coordinates":[[8.95853,50.08805],[8.95569,50.08783]]},"properties":{}},{"type":"Feature","geometry":{"type":"LineString","coordinates":[[8.9558,50.1225],[8.95665,50.12296]]},"properties":{}},{"type":"Feature","geometry":{"type":"LineString","coordinates":[[8.9558,49.95719],[8.96199,49.96016],[8.96939,49.96236]]},"properties":{}},{"type":"Feature","geometry":{"type":"LineString","coordinates":[[8.9558,49.95719],[8.95656,49.95763]]},"properties":{}},{"type":"Feature","geometry":{"type":"LineString","coordinates":[[8.95617,50.12238],[8.96059,50.12434],[8.96238,50.12433],[8.96304,50.12401],[8.96349,50.1233],[8.96347,50.12281],[8.9627,50.12131],[8.96298,50.12065],[8.96977,50.11693]]},"properties":{}},{"type":"Feature","geometry":{"type":"LineString","coordinates":[[8.95625,50.12258],[8.96688,50.12715]]},"properties":{}},{"type":"Feature","geometry":{"type":"LineString","coordinates":[[8.95656,49.95763],[8.9575,49.95813]]},"properties":{}},{"type":"Feature","geometry":{"type":"LineString","coordinates":[[8.95675,50.12263],[8.95966,50.12394]]},"properties":{}},{"type":"Feature","geometry":{"type":"LineString","coordinates":[[8.96773,49.96199],[8.96196,49.96019],[8.9575,49.95813]]},"properties":{}},{"type":"Feature","geometry":{"type":"LineString","coordinates":[[8.9575,49.95813],[8.96191,49.96022],[8.96773,49.96199]]},"properties":{}},{"type":"Feature","geometry":{"type":"LineString","coordinates":[[8.95984,50.12402],[8.96076,50.1245]]},"properties":{}},{"type":"Feature","geometry":{"type":"LineString","coordinates":[[8.96132,49.96041],[8.96028,49.96008]]},"properties":{}},{"type":"Feature","geometry":{"type":"LineString","coordinates":[[8.96028,49.9592],[8.9616,49.95971]]},"properties":{}},{"type":"Feature","geometry":{"type":"LineString","coordinates":[[8.96028,49.9592],[8.96347,49.96054],[8.96816,49.96192]]},"properties":{}},{"type":"Feature","geometry":{"type":"LineString","coordinates":[[8.96096,49.96024],[8.9603,49.96003]]},"properties":{}},{"type":"Feature","geometry":{"type":"LineString","coordinates":[[8.96277,49.96101],[8.96032,49.95999]]},"properties":{}},{"type":"Feature","geometry":{"type":"LineString","coordinates":[[8.96798,50.03677],[8.97334,49.98235],[8.97485,49.96483],[8.97436,49.96356],[8.97376,49.96287],[8.97251,49.96193],[8.97144,49.96147],[8.96911,49.96089],[8.96435,49.96051],[8.9616,49.95971]]},"properties":{}},{"type":"Feature","geometry":{"type":"LineString","coordinates":[[8.96589,50.12667],[8.96677,50.12705]]},"properties":{}},{"type":"Feature","geometry":{"type":"LineString","coordinates":[[8.96723,50.12735],[8.96656,50.1271]]},"properties":{}},{"type":"Feature","geometry":{"type":"LineString","coordinates":[[9.04853,50.1592],[9.01467,50.14826],[8.96656,50.1271]]},"properties":{}},{"type":"Feature","geometry":{"type":"LineString","coordinates":[[8.96688,50.12715],[8.9672,50.12729]]},"properties":{}},{"type":"Feature","geometry":{"type":"LineString","coordinates":[[8.9672,50.12729],[8.97093,50.12892]]},"properties":{}},{"type":"Feature","geometry":{"type":"LineString","coordinates":[[8.9672,50.12729],[8.9684,50.12786]]},"properties":{}},{"type":"Feature","geometry":{"type":"LineString","coordinates":[[8.96821,50.09477],[8.96752,50.09521]]},"properties":{}},{"type":"Feature","geometry":{"type":"LineString","coordinates":[[8.96798,50.03677],[8.96755,50.04112]]},"properties":{}},{"type":"Feature","geometry":{"type":"LineString","coordinates":[[8.96755,50.04112],[8.96798,50.03677]]},"properties":{}},{"type":"Feature","geometry":{"type":"LineString","coordinates":[[8.96939,49.96236],[8.96773,49.96199]]},"properties":{}},{"type":"Feature","geometry":{"type":"LineString","coordinates":[[8.97465,50.1203],[8.97029,50.11736],[8.96941,50.1173],[8.96791,50.11795]]},"properties":{}},{"type":"Feature","geometry":{"type":"LineString","coordinates":[[8.96816,49.96192],[8.97137,49.96284]]},"properties":{}},{"type":"Feature","geometry":{"type":"LineString","coordinates":[[8.9684,50.12786],[9.01521,50.14838],[9.05003,50.15963],[9.04853,50.1592]]},"properties":{}},{"type":"Feature","geometry":{"type":"LineString","coordinates":[[8.96868,50.12798],[8.96987,50.12855]]},"properties":{}},{"type":"Feature","geometry":{"type":"LineString","coordinates":[[8.96932,50.09419],[8.97054,50.09356]]},"properties":{}},{"type":"Feature","geometry":{"type":"LineString","coordinates":[[8.96996,49.96249],[8.96939,49.96236]]},"properties":{}},{"type":"Feature","geometry":{"type":"LineString","coordinates":[[8.96965,50.1284],[8.97093,50.12892]]},"properties":{}},{"type":"Feature","geometry":{"type":"LineString","coordinates":[[8.96996,49.96249],[8.97011,49.96253]]},"properties":{}},{"type":"Feature","geometry":{"type":"LineString","coordinates":[[8.97078,50.09354],[8.96998,50.09388]]},"properties":{}},{"type":"Feature","geometry":{"type":"LineString","coordinates":[[8.97011,49.96253],[8.97137,49.96284]]},"properties":{}},{"type":"Feature","geometry":{"type":"LineString","coordinates":[[9.13189,49.98085],[9.07966,49.98262],[9.07553,49.9826],[9.07324,49.98217],[9.07132,49.98146],[9.06305,49.97643],[9.06097,49.97558],[9.05833,49.97489],[8.97495,49.96354],[8.97011,49.96253]]},"properties":{}},{"type":"Feature","geometry":{"type":"LineString","coordinates":[[8.98142,50.08828],[8.97072,50.09347]]},"properties":{}},{"type":"Feature","geometry":{"type":"LineString","coordinates":[[8.97093,50.12892],[9.01525,50.14834],[9.04992,50.15952]]},"properties":{}},{"type":"Feature","geometry":{"type":"LineString","coordinates":[[8.9716,50.09299],[8.97104,50.09325]]},"properties":{}},{"type":"Feature","geometry":{"type":"LineString","coordinates":[[8.97137,49.96284],[8.97498,49.9635],[9.05835,49.97486],[9.06101,49.97554],[9.06317,49.97642],[9.07135,49.98144],[9.07326,49.98213],[9.07554,49.98257],[9.1126,49.98146]]},"properties":{}},{"type":"Feature","geometry":{"type":"LineString","coordinates":[[8.98115,50.08841],[8.97188,50.09286]]},"properties":{}},{"type":"Feature","geometry":{"type":"LineString","coordinates":[[8.98142,50.08828],[8.98036,50.08867]]},"properties":{}},{"type":"Feature","geometry":{"type":"LineString","coordinates":[[8.98208,50.08797],[8.98142,50.08828]]},"properties":{}},{"type":"Feature","geometry":{"type":"LineString","coordinates":[[8.98212,50.08799],[8.98142,50.08828]]},"properties":{}},{"type":"Feature","geometry":{"type":"LineString","coordinates":[[8.98417,50.08702],[8.98493,50.0867]]},"properties":{}},{"type":"Feature","geometry":{"type":"LineString","coordinates":[[8.98532,49.77027],[8.98717,49.77657]]},"properties":{}},{"type":"Feature","geometry":{"type":"LineString","coordinates":[[8.98532,49.77027],[8.98566,49.77209],[8.98717,49.77657]]},"properties":{}},{"type":"Feature","geometry":{"type":"LineString","coordinates":[[9.00268,49.74153],[9.00277,49.74424],[9.00171,49.74704],[8.98635,49.76649],[8.98541,49.76882],[8.98532,49.77027]]},"properties":{}},{"type":"Feature","geometry":{"type":"LineString","coordinates":[[8.98717,49.77657],[8.988,49.77904],[8.98815,49.78032],[8.98843,49.79117]]},"properties":{}},{"type":"Feature","geometry":{"type":"LineString","coordinates":[[8.98843,49.79117],[8.98861,49.79724]]},"properties":{}},{"type":"Feature","geometry":{"type":"LineString","coordinates":[[8.98843,49.79117],[8.98861,49.79724]]},"properties":{}},{"type":"Feature","geometry":{"type":"LineString","coordinates":[[8.99637,50.08116],[8.99464,50.08194]]},"properties":{}},{"type":"Feature","geometry":{"type":"LineString","coordinates":[[8.99569,50.40893],[8.99442,50.40773],[8.99239,50.40503],[8.98814,50.40236],[8.98667,50.40106],[8.97935,50.39227],[8.97827,50.39057],[8.97807,50.38896],[8.97845,50.38769],[8.98307,50.38173],[8.98365,50.37981],[8.97927,50.36429],[8.97916,50.36304],[8.97987,50.36142],[8.98371,50.356],[8.985,50.35464],[9.00566,50.34124],[9.00689,50.34023],[9.00756,50.33868],[9.00723,50.33193]]},"properties":{}},{"type":"Feature","geometry":{"type":"LineString","coordinates":[[8.99896,50.07991],[8.99813,50.08036]]},"properties":{}},{"type":"Feature","geometry":{"type":"LineString","coordinates":[[9.00115,50.07874],[8.99871,50.07998]]},"properties":{}},{"type":"Feature","geometry":{"type":"LineString","coordinates":[[8.99903,50.07987],[9.00482,50.07695],[9.00801,50.07472]]},"properties":{}},{"type":"Feature","geometry":{"type":"LineString","coordinates":[[8.99903,50.07987],[8.99971,50.07956]]},"properties":{}},{"type":"Feature","geometry":{"type":"LineString","coordinates":[[8.99971,50.07956],[9.00461,50.07712],[9.00801,50.07472]]},"properties":{}},{"type":"Feature","geometry":{"type":"LineString","coordinates":[[8.99971,50.07956],[9.00066,50.07916]]},"properties":{}},{"type":"Feature","geometry":{"type":"LineString","coordinates":[[8.99971,50.07946],[9.00289,50.07789]]},"properties":{}},{"type":"Feature","geometry":{"type":"LineString","coordinates":[[9.00026,50.07925],[9.00281,50.07798]]},"properties":{}},{"type":"Feature","geometry":{"type":"LineString","coordinates":[[9.00329,50.0779],[9.00066,50.07916]]},"properties":{}},{"type":"Feature","geometry":{"type":"LineString","coordinates":[[9.03278,50.0472],[9.00974,50.07315],[9.00633,50.0762],[9.00329,50.0779]]},"properties":{}},{"type":"Feature","geometry":{"type":"LineString","coordinates":[[9.00546,50.07694],[9.00329,50.0779]]},"properties":{}},{"type":"Feature","geometry":{"type":"LineString","coordinates":[[9.00436,50.0777],[9.00398,50.07794]]},"properties":{}},{"type":"Feature","geometry":{"type":"LineString","coordinates":[[9.00546,50.07694],[9.00436,50.0777]]},"properties":{}},{"type":"Feature","geometry":{"type":"LineString","coordinates":[[9.00733,50.07585],[9.00436,50.0777]]},"properties":{}},{"type":"Feature","geometry":{"type":"LineString","coordinates":[[9.00546,50.07694],[9.00798,50.07564],[9.00929,50.07556],[9.01026,50.07578],[9.0142,50.07827],[9.02692,50.08491],[9.02875,50.08556],[9.03511,50.08585],[9.04568,50.08737],[9.05317,50.09008],[9.05459,50.09039],[9.05612,50.09044],[9.06266,50.08982]]},"properties":{}},{"type":"Feature","geometry":{"type":"LineString","coordinates":[[9.00651,50.07616],[9.00591,50.07665]]},"properties":{}},{"type":"Feature","geometry":{"type":"LineString","coordinates":[[9.00708,50.33087],[9.00723,50.33021]]},"properties":{}},{"type":"Feature","geometry":{"type":"LineString","coordinates":[[9.00723,50.33193],[9.00725,50.33041],[9.00825,50.32909]]},"properties":{}},{"type":"Feature","geometry":{"type":"LineString","coordinates":[[9.00728,50.33118],[9.00723,50.33193]]},"properties":{}},{"type":"Feature","geometry":{"type":"LineString","coordinates":[[9.00723,50.33021],[9.00822,50.32877]]},"properties":{}},{"type":"Feature","geometry":{"type":"LineString","coordinates":[[9.00723,50.33021],[9.00868,50.32853]]},"properties":{}},{"type":"Feature","geometry":{"type":"LineString","coordinates":[[9.00728,50.33118],[9.00757,50.32995],[9.01081,50.32643]]},"properties":{}},{"type":"Feature","geometry":{"type":"LineString","coordinates":[[9.00732,50.33087],[9.00728,50.33118]]},"properties":{}},{"type":"Feature","geometry":{"type":"LineString","coordinates":[[9.01045,50.32694],[9.00784,50.32973],[9.00732,50.33087]]},"properties":{}},{"type":"Feature","geometry":{"type":"LineString","coordinates":[[9.00756,50.3303],[9.00732,50.33087]]},"properties":{}},{"type":"Feature","geometry":{"type":"LineString","coordinates":[[9.01021,50.32728],[9.00756,50.3303]]},"properties":{}},{"type":"Feature","geometry":{"type":"LineString","coordinates":[[9.00781,50.32994],[9.00756,50.3303]]},"properties":{}},{"type":"Feature","geometry":{"type":"LineString","coordinates":[[9.01021,50.32728],[9.00781,50.32994]]},"properties":{}},{"type":"Feature","geometry":{"type":"LineString","coordinates":[[9.00781,50.32994],[9.00941,50.32833]]},"properties":{}},{"type":"Feature","geometry":{"type":"LineString","coordinates":[[9.00783,50.32946],[9.00961,50.32736]]},"properties":{}},{"type":"Feature","geometry":{"type":"LineString","coordinates":[[9.00801,50.07472],[9.01126,50.07142],[9.08071,49.99301],[9.08368,49.99031],[9.08893,49.9869],[9.09233,49.98524],[9.09586,49.98397],[9.10189,49.98246],[9.10794,49.98171],[9.12701,49.98105]]},"properties":{}},{"type":"Feature","geometry":{"type":"LineString","coordinates":[[9.00808,50.32913],[9.00941,50.32773]]},"properties":{}},{"type":"Feature","geometry":{"type":"LineString","coordinates":[[9.00868,50.32853],[9.00825,50.32909]]},"properties":{}},{"type":"Feature","geometry":{"type":"LineString","coordinates":[[9.00825,50.32909],[9.01138,50.32567]]},"properties":{}},{"type":"Feature","geometry":{"type":"LineString","coordinates":[[9.0084,50.07436],[9.00934,50.07357]]},"properties":{}},{"type":"Feature","geometry":{"type":"LineString","coordinates":[[9.00868,50.32853],[9.01147,50.32546],[9.01193,50.32434]]},"properties":{}},{"type":"Feature","geometry":{"type":"LineString","coordinates":[[9.01045,50.32694],[9.01021,50.32728]]},"properties":{}},{"type":"Feature","geometry":{"type":"LineString","coordinates":[[9.01081,50.32643],[9.01045,50.32694]]},"properties":{}},{"type":"Feature","geometry":{"type":"LineString","coordinates":[[9.01138,50.32567],[9.01081,50.32643]]},"properties":{}},{"type":"Feature","geometry":{"type":"LineString","coordinates":[[9.01138,50.32567],[9.01148,50.32555]]},"properties":{}},{"type":"Feature","geometry":{"type":"LineString","coordinates":[[9.01193,50.32434],[9.01148,50.32555]]},"properties":{}},{"type":"Feature","geometry":{"type":"LineString","coordinates":[[9.01148,50.32555],[9.01419,50.32281],[9.01541,50.32219],[9.01712,50.32178],[9.01986,50.32187],[9.02588,50.32346],[9.03758,50.32395],[9.03991,50.32379],[9.04549,50.32274],[9.04909,50.32165],[9.05366,50.31906],[9.05521,50.31759],[9.05926,50.31177],[9.06355,50.30068],[9.065,50.29874],[9.06655,50.29747],[9.06942,50.29604],[9.08999,50.28878],[9.09303,50.28835],[9.0979,50.28862]]},"properties":{}},{"type":"Feature","geometry":{"type":"LineString","coordinates":[[9.03851,50.04076],[9.03278,50.0472]]},"properties":{}},{"type":"Feature","geometry":{"type":"LineString","coordinates":[[9.03851,50.04076],[9.03278,50.0472]]},"properties":{}},{"type":"Feature","geometry":{"type":"LineString","coordinates":[[9.11472,49.98151],[9.10759,49.98177],[9.10352,49.9822],[9.09588,49.98401],[9.09237,49.98528],[9.08898,49.98693],[9.08373,49.99033],[9.08076,49.99304],[9.03851,50.04076]]},"properties":{}},{"type":"Feature","geometry":{"type":"LineString","coordinates":[[9.06694,50.16511],[9.04853,50.1592]]},"properties":{}},{"type":"Feature","geometry":{"type":"LineString","coordinates":[[9.04992,50.15952],[9.06748,50.16513]]},"properties":{}},{"type":"Feature","geometry":{"type":"LineString","coordinates":[[9.04992,50.15952],[9.06544,50.16452]]},"properties":{}}]}